r,overlap_GLC,overlap_BG
1.97239e-05,3.50045e-05,4.69479e-05
1.99525e-05,3.53651e-05,4.7432e-05
2.01838e-05,3.57293e-05,4.79209e-05
2.04177e-05,3.60973e-05,4.84148e-05
2.06544e-05,3.64689e-05,4.89137e-05
2.08938e-05,3.68444e-05,4.94176e-05
2.1136e-05,3.72236e-05,4.99267e-05
2.1381e-05,3.76067e-05,5.0441e-05
2.16288e-05,3.79936e-05,5.09604e-05
2.18795e-05,3.83845e-05,5.14851e-05
2.21331e-05,3.87793e-05,5.20152e-05
2.23896e-05,3.91781e-05,5.25506e-05
2.26492e-05,3.9581e-05,5.30914e-05
2.29117e-05,3.99879e-05,5.36377e-05
2.31773e-05,4.0399e-05,5.41895e-05
2.34459e-05,4.08142e-05,5.4747e-05
2.37177e-05,4.12336e-05,5.531e-05
2.39926e-05,4.16572e-05,5.58788e-05
2.42707e-05,4.20851e-05,5.64533e-05
2.4552e-05,4.25174e-05,5.70336e-05
2.48366e-05,4.2954e-05,5.76198e-05
2.51245e-05,4.3395e-05,5.8212e-05
2.54157e-05,4.38405e-05,5.88101e-05
2.57103e-05,4.42905e-05,5.94142e-05
2.60083e-05,4.4745e-05,6.00245e-05
2.63098e-05,4.52041e-05,6.06409e-05
2.66147e-05,4.56678e-05,6.12636e-05
2.69232e-05,4.61362e-05,6.18925e-05
2.72353e-05,4.66093e-05,6.25278e-05
2.7551e-05,4.70872e-05,6.31695e-05
2.78703e-05,4.757e-05,6.38176e-05
2.81934e-05,4.80575e-05,6.44724e-05
2.85202e-05,4.855e-05,6.51337e-05
2.88508e-05,4.90475e-05,6.58017e-05
2.91852e-05,4.95499e-05,6.64764e-05
2.95235e-05,5.00575e-05,6.71579e-05
2.98657e-05,5.05701e-05,6.78463e-05
3.02118e-05,5.10879e-05,6.85416e-05
3.0562e-05,5.16109e-05,6.92439e-05
3.09163e-05,5.21391e-05,6.99533e-05
3.12746e-05,5.26727e-05,7.06699e-05
3.16371e-05,5.32116e-05,7.13936e-05
3.20039e-05,5.3756e-05,7.21246e-05
3.23748e-05,5.43058e-05,7.2863e-05
3.27501e-05,5.48611e-05,7.36088e-05
3.31297e-05,5.54221e-05,7.43622e-05
3.35137e-05,5.59886e-05,7.51231e-05
3.39022e-05,5.65608e-05,7.58916e-05
3.42951e-05,5.71388e-05,7.66679e-05
3.46926e-05,5.77226e-05,7.74519e-05
3.50948e-05,5.83123e-05,7.82439e-05
3.55015e-05,5.89078e-05,7.90437e-05
3.59131e-05,5.95093e-05,7.98517e-05
3.63293e-05,6.01169e-05,8.06677e-05
3.67504e-05,6.07305e-05,8.14919e-05
3.71764e-05,6.13503e-05,8.23244e-05
3.76073e-05,6.19763e-05,8.31652e-05
3.80432e-05,6.26086e-05,8.40145e-05
3.84842e-05,6.32472e-05,8.48723e-05
3.89303e-05,6.38922e-05,8.57387e-05
3.93815e-05,6.45437e-05,8.66138e-05
3.9838e-05,6.52016e-05,8.74976e-05
4.02997e-05,6.58662e-05,8.83903e-05
4.07669e-05,6.65374e-05,8.92919e-05
4.12394e-05,6.72153e-05,9.02025e-05
4.17174e-05,6.79e-05,9.11223e-05
4.2201e-05,6.85915e-05,9.20513e-05
4.26901e-05,6.92899e-05,9.29895e-05
4.31849e-05,6.99953e-05,9.39372e-05
4.36855e-05,7.07078e-05,9.48943e-05
4.41919e-05,7.14274e-05,9.5861e-05
4.47041e-05,7.21541e-05,9.68373e-05
4.52223e-05,7.28881e-05,9.78234e-05
4.57465e-05,7.36294e-05,9.88194e-05
4.62767e-05,7.43781e-05,9.98253e-05
4.68131e-05,7.51343e-05,0.000100841
4.73557e-05,7.5898e-05,0.000101867
4.79046e-05,7.66693e-05,0.000102904
4.84599e-05,7.74484e-05,0.00010395
4.90216e-05,7.82351e-05,0.000105007
4.95898e-05,7.90297e-05,0.000106075
5.01646e-05,7.98322e-05,0.000107153
5.07461e-05,8.06427e-05,0.000108242
5.13343e-05,8.14613e-05,0.000109342
5.19293e-05,8.2288e-05,0.000110453
5.25312e-05,8.31229e-05,0.000111575
5.31401e-05,8.39661e-05,0.000112708
5.37561e-05,8.48177e-05,0.000113852
5.43792e-05,8.56778e-05,0.000115008
5.50095e-05,8.65464e-05,0.000116175
5.56471e-05,8.74236e-05,0.000117354
5.62921e-05,8.83095e-05,0.000118544
5.69446e-05,8.92042e-05,0.000119747
5.76046e-05,9.01078e-05,0.000120961
5.82723e-05,9.10204e-05,0.000122188
5.89478e-05,9.1942e-05,0.000123426
5.96311e-05,9.28728e-05,0.000124677
6.03222e-05,9.38127e-05,0.00012594
6.10215e-05,9.4762e-05,0.000127216
6.17288e-05,9.57207e-05,0.000128504
6.24443e-05,9.66889e-05,0.000129806
6.31681e-05,9.76667e-05,0.00013112
6.39002e-05,9.86541e-05,0.000132447
6.46409e-05,9.96513e-05,0.000133787
6.53902e-05,0.000100658,0.000135141
6.61481e-05,0.000101675,0.000136508
6.69149e-05,0.000102703,0.000137888
6.76905e-05,0.00010374,0.000139283
6.84751e-05,0.000104787,0.000140691
6.92688e-05,0.000105845,0.000142112
7.00717e-05,0.000106913,0.000143548
7.08839e-05,0.000107992,0.000144999
7.17055e-05,0.000109082,0.000146463
7.25367e-05,0.000110182,0.000147942
7.33774e-05,0.000111293,0.000149436
7.4228e-05,0.000112415,0.000150944
7.50884e-05,0.000113548,0.000152467
7.59587e-05,0.000114692,0.000154005
7.68392e-05,0.000115848,0.000155559
7.77298e-05,0.000117015,0.000157127
7.86308e-05,0.000118193,0.000158712
7.95422e-05,0.000119383,0.000160311
8.04642e-05,0.000120585,0.000161927
8.13969e-05,0.000121798,0.000163559
8.23403e-05,0.000123024,0.000165206
8.32948e-05,0.000124261,0.00016687
8.42602e-05,0.000125511,0.00016855
8.52369e-05,0.000126772,0.000170247
8.62249e-05,0.000128047,0.00017196
8.72243e-05,0.000129334,0.00017369
8.82354e-05,0.000130633,0.000175437
8.92581e-05,0.000131945,0.000177202
9.02927e-05,0.00013327,0.000178984
9.13393e-05,0.000134608,0.000180783
9.2398e-05,0.000135959,0.0001826
9.3469e-05,0.000137324,0.000184434
9.45524e-05,0.000138701,0.000186287
9.56484e-05,0.000140093,0.000188158
9.67571e-05,0.000141498,0.000190047
9.78786e-05,0.000142916,0.000191955
9.90131e-05,0.000144349,0.000193881
0.000100161,0.000145795,0.000195827
0.000101322,0.000147256,0.000197791
0.000102496,0.000148731,0.000199775
0.000103684,0.00015022,0.000201778
0.000104886,0.000151724,0.0002038
0.000106102,0.000153242,0.000205843
0.000107332,0.000154776,0.000207905
0.000108576,0.000156324,0.000209987
0.000109834,0.000157887,0.00021209
0.000111107,0.000159466,0.000214214
0.000112395,0.00016106,0.000216358
0.000113698,0.000162669,0.000218523
0.000115016,0.000164295,0.000220709
0.000116349,0.000165936,0.000222916
0.000117698,0.000167593,0.000225145
0.000119062,0.000169266,0.000227396
0.000120442,0.000170955,0.000229668
0.000121838,0.000172661,0.000231963
0.00012325,0.000174383,0.00023428
0.000124679,0.000176122,0.00023662
0.000126124,0.000177878,0.000238982
0.000127586,0.000179651,0.000241368
0.000129065,0.000181442,0.000243776
0.000130561,0.000183249,0.000246208
0.000132074,0.000185074,0.000248664
0.000133605,0.000186917,0.000251143
0.000135154,0.000188778,0.000253647
0.00013672,0.000190657,0.000256175
0.000138305,0.000192554,0.000258727
0.000139908,0.000194469,0.000261304
0.00014153,0.000196403,0.000263906
0.00014317,0.000198355,0.000266533
0.00014483,0.000200327,0.000269186
0.000146509,0.000202317,0.000271865
0.000148207,0.000204327,0.000274569
0.000149925,0.000206356,0.000277299
0.000151662,0.000208404,0.000280056
0.00015342,0.000210473,0.00028284
0.000155199,0.000212561,0.00028565
0.000156998,0.00021467,0.000288488
0.000158817,0.000216798,0.000291353
0.000160658,0.000218948,0.000294246
0.00016252,0.000221118,0.000297166
0.000164404,0.000223309,0.000300115
0.00016631,0.000225521,0.000303092
0.000168238,0.000227754,0.000306098
0.000170188,0.000230009,0.000309133
0.00017216,0.000232285,0.000312197
0.000174156,0.000234583,0.000315291
0.000176174,0.000236904,0.000318414
0.000178217,0.000239246,0.000321568
0.000180282,0.000241612,0.000324752
0.000182372,0.000243999,0.000327966
0.000184486,0.00024641,0.000331211
0.000186624,0.000248844,0.000334488
0.000188787,0.000251301,0.000337795
0.000190976,0.000253782,0.000341135
0.000193189,0.000256286,0.000344507
0.000195429,0.000258814,0.000347911
0.000197694,0.000261367,0.000351347
0.000199985,0.000263944,0.000354817
0.000202303,0.000266545,0.000358319
0.000204648,0.000269172,0.000361856
0.00020702,0.000271823,0.000365426
0.00020942,0.0002745,0.00036903
0.000211847,0.000277202,0.000372669
0.000214303,0.00027993,0.000376342
0.000216787,0.000282684,0.000380051
0.0002193,0.000285465,0.000383795
0.000221842,0.000288271,0.000387575
0.000224413,0.000291105,0.00039139
0.000227014,0.000293965,0.000395243
0.000229646,0.000296853,0.000399131
0.000232307,0.000299768,0.000403057
0.000235,0.000302711,0.000407021
0.000237724,0.000305681,0.000411022
0.00024048,0.00030868,0.000415061
0.000243267,0.000311708,0.000419138
0.000246087,0.000314764,0.000423255
0.000248939,0.000317849,0.00042741
0.000251825,0.000320963,0.000431605
0.000254744,0.000324107,0.00043584
0.000257696,0.000327281,0.000440115
0.000260683,0.000330484,0.00044443
0.000263705,0.000333718,0.000448786
0.000266762,0.000336982,0.000453184
0.000269854,0.000340278,0.000457623
0.000272981,0.000343604,0.000462104
0.000276146,0.000346962,0.000466628
0.000279346,0.000350351,0.000471195
0.000282584,0.000353773,0.000475804
0.00028586,0.000357226,0.000480457
0.000289173,0.000360712,0.000485155
0.000292525,0.000364231,0.000489896
0.000295916,0.000367784,0.000494682
0.000299346,0.000371369,0.000499514
0.000302816,0.000374988,0.000504391
0.000306326,0.000378642,0.000509313
0.000309876,0.000382329,0.000514283
0.000313468,0.000386051,0.000519299
0.000317101,0.000389808,0.000524362
0.000320777,0.000393601,0.000529472
0.000324495,0.000397429,0.000534631
0.000328256,0.000401292,0.000539838
0.000332061,0.000405192,0.000545095
0.00033591,0.000409129,0.0005504
0.000339804,0.000413102,0.000555755
0.000343743,0.000417112,0.000561161
0.000347727,0.00042116,0.000566617
0.000351757,0.000425246,0.000572124
0.000355835,0.000429369,0.000577682
0.000359959,0.000433532,0.000583293
0.000364132,0.000437733,0.000588956
0.000368352,0.000441973,0.000594672
0.000372622,0.000446252,0.000600442
0.000376941,0.000450572,0.000606265
0.00038131,0.000454931,0.000612142
0.00038573,0.000459332,0.000618075
0.000390201,0.000463773,0.000624062
0.000394724,0.000468255,0.000630106
0.000399299,0.000472779,0.000636206
0.000403927,0.000477345,0.000642362
0.000408609,0.000481953,0.000648576
0.000413346,0.000486604,0.000654847
0.000418137,0.000491298,0.000661177
0.000422983,0.000496035,0.000667565
0.000427886,0.000500816,0.000674013
0.000432846,0.000505642,0.00068052
0.000437863,0.000510512,0.000687088
0.000442938,0.000515427,0.000693717
0.000448073,0.000520387,0.000700407
0.000453266,0.000525393,0.000707159
0.00045852,0.000530445,0.000713973
0.000463835,0.000535544,0.00072085
0.000469211,0.00054069,0.000727791
0.00047465,0.000545883,0.000734796
0.000480152,0.000551123,0.000741865
0.000485717,0.000556412,0.000749
0.000491347,0.00056175,0.0007562
0.000497042,0.000567136,0.000763466
0.000502804,0.000572572,0.0007708
0.000508632,0.000578057,0.000778201
0.000514527,0.000583593,0.00078567
0.000520491,0.00058918,0.000793207
0.000526524,0.000594817,0.000800814
0.000532627,0.000600507,0.00080849
0.000538801,0.000606248,0.000816237
0.000545046,0.000612041,0.000824055
0.000551364,0.000617888,0.000831944
0.000557755,0.000623787,0.000839905
0.00056422,0.000629741,0.00084794
0.00057076,0.000635748,0.000856047
0.000577376,0.000641811,0.000864229
0.000584068,0.000647928,0.000872485
0.000590838,0.000654101,0.000880817
0.000597687,0.00066033,0.000889225
0.000604614,0.000666616,0.000897709
0.000611623,0.000672959,0.00090627
0.000618712,0.000679359,0.000914909
0.000625884,0.000685817,0.000923627
0.000633138,0.000692333,0.000932424
0.000640477,0.000698909,0.000941301
0.000647901,0.000705544,0.000950258
0.000655411,0.000712238,0.000959296
0.000663008,0.000718994,0.000968417
0.000670693,0.00072581,0.000977619
0.000678467,0.000732687,0.000986906
0.000686331,0.000739626,0.000996276
0.000694286,0.000746628,0.00100573
0.000702334,0.000753693,0.00101527
0.000710475,0.000760821,0.0010249
0.00071871,0.000768014,0.00103461
0.000727041,0.00077527,0.00104441
0.000735468,0.000782592,0.0010543
0.000743993,0.00078998,0.00106427
0.000752616,0.000797433,0.00107434
0.00076134,0.000804953,0.0010845
0.000770165,0.00081254,0.00109475
0.000779092,0.000820196,0.00110509
0.000788122,0.000827919,0.00111552
0.000797258,0.000835711,0.00112605
0.000806499,0.000843573,0.00113667
0.000815847,0.000851504,0.00114738
0.000825303,0.000859507,0.00115819
0.00083487,0.00086758,0.0011691
0.000844547,0.000875725,0.00118011
0.000854336,0.000883942,0.00119121
0.000864239,0.000892232,0.00120241
0.000874256,0.000900596,0.00121371
0.00088439,0.000909033,0.00122511
0.000894641,0.000917545,0.00123662
0.000905011,0.000926132,0.00124822
0.000915501,0.000934795,0.00125993
0.000926112,0.000943535,0.00127174
0.000936847,0.000952351,0.00128366
0.000947706,0.000961246,0.00129568
0.000958691,0.000970218,0.00130781
0.000969803,0.000979269,0.00132004
0.000981045,0.0009884,0.00133239
0.000992416,0.000997611,0.00134484
0.00100392,0.0010069,0.0013574
0.00101556,0.00101628,0.00137007
0.00102733,0.00102573,0.00138286
0.00103923,0.00103527,0.00139575
0.00105128,0.00104489,0.00140876
0.00106347,0.00105459,0.00142188
0.00107579,0.00106438,0.00143512
0.00108826,0.00107426,0.00144847
0.00110088,0.00108422,0.00146194
0.00111364,0.00109427,0.00147553
0.00112655,0.0011044,0.00148924
0.0011396,0.00111462,0.00150306
0.00115281,0.00112493,0.00151701
0.00116618,0.00113533,0.00153108
0.00117969,0.00114582,0.00154527
0.00119337,0.0011564,0.00155958
0.0012072,0.00116708,0.00157402
0.00122119,0.00117784,0.00158858
0.00123535,0.0011887,0.00160327
0.00124967,0.00119965,0.00161809
0.00126415,0.00121069,0.00163303
0.0012788,0.00122183,0.00164811
0.00129363,0.00123307,0.00166331
0.00130862,0.0012444,0.00167864
0.00132379,0.00125583,0.00169411
0.00133913,0.00126735,0.00170971
0.00135466,0.00127898,0.00172544
0.00137036,0.0012907,0.00174131
0.00138624,0.00130253,0.00175732
0.00140231,0.00131445,0.00177346
0.00141856,0.00132648,0.00178974
0.00143501,0.00133861,0.00180616
0.00145164,0.00135084,0.00182272
0.00146847,0.00136317,0.00183942
0.00148549,0.00137561,0.00185626
0.00150271,0.00138816,0.00187324
0.00152012,0.00140081,0.00189037
0.00153774,0.00141356,0.00190765
0.00155557,0.00142643,0.00192507
0.0015736,0.0014394,0.00194264
0.00159184,0.00145248,0.00196036
0.00161029,0.00146568,0.00197823
0.00162895,0.00147898,0.00199625
0.00164784,0.00149239,0.00201442
0.00166694,0.00150592,0.00203274
0.00168626,0.00151956,0.00205122
0.0017058,0.00153331,0.00206985
0.00172558,0.00154718,0.00208864
0.00174558,0.00156117,0.00210759
0.00176581,0.00157527,0.0021267
0.00178628,0.00158949,0.00214596
0.00180698,0.00160382,0.00216539
0.00182793,0.00161828,0.00218498
0.00184912,0.00163285,0.00220473
0.00187055,0.00164754,0.00222465
0.00189223,0.00166236,0.00224473
0.00191416,0.0016773,0.00226498
0.00193635,0.00169236,0.0022854
0.0019588,0.00170754,0.00230598
0.0019815,0.00172285,0.00232674
0.00200447,0.00173829,0.00234766
0.0020277,0.00175385,0.00236876
0.0020512,0.00176954,0.00239004
0.00207498,0.00178535,0.00241149
0.00209903,0.0018013,0.00243311
0.00212336,0.00181737,0.00245491
0.00214797,0.00183358,0.00247689
0.00217287,0.00184992,0.00249905
0.00219806,0.00186639,0.00252139
0.00222354,0.00188299,0.00254392
0.00224931,0.00189973,0.00256662
0.00227538,0.0019166,0.00258952
0.00230176,0.00193361,0.00261259
0.00232843,0.00195076,0.00263586
0.00235542,0.00196804,0.00265931
0.00238273,0.00198546,0.00268295
0.00241034,0.00200302,0.00270679
0.00243828,0.00202072,0.00273081
0.00246655,0.00203857,0.00275503
0.00249514,0.00205655,0.00277944
0.00252406,0.00207468,0.00280405
0.00255331,0.00209295,0.00282886
0.00258291,0.00211137,0.00285386
0.00261285,0.00212994,0.00287907
0.00264313,0.00214865,0.00290447
0.00267377,0.0021675,0.00293008
0.00270476,0.00218651,0.00295589
0.00273611,0.00220566,0.00298191
0.00276783,0.00222497,0.00300813
0.00279991,0.00224443,0.00303456
0.00283236,0.00226404,0.00306119
0.0028652,0.0022838,0.00308804
0.00289841,0.00230372,0.0031151
0.002932,0.00232379,0.00314237
0.00296599,0.00234402,0.00316986
0.00300037,0.0023644,0.00319756
0.00303514,0.00238494,0.00322547
0.00307032,0.00240565,0.00325361
0.00310591,0.00242651,0.00328196
0.00314191,0.00244753,0.00331053
0.00317833,0.00246871,0.00333933
0.00321517,0.00249005,0.00336835
0.00325244,0.00251156,0.00339759
0.00329014,0.00253323,0.00342706
0.00332828,0.00255507,0.00345675
0.00336685,0.00257708,0.00348667
0.00340588,0.00259925,0.00351682
0.00344536,0.00262158,0.00354721
0.00348529,0.00264409,0.00357782
0.00352569,0.00266677,0.00360867
0.00356656,0.00268962,0.00363975
0.0036079,0.00271264,0.00367107
0.00364972,0.00273583,0.00370262
0.00369202,0.00275919,0.00373442
0.00373482,0.00278273,0.00376645
0.00377811,0.00280645,0.00379872
0.0038219,0.00283034,0.00383124
0.0038662,0.0028544,0.003864
0.00391101,0.00287865,0.00389701
0.00395635,0.00290307,0.00393026
0.00400221,0.00292768,0.00396376
0.0040486,0.00295246,0.0039975
0.00409552,0.00297743,0.0040315
0.00414299,0.00300258,0.00406575
0.00419102,0.00302791,0.00410025
0.0042396,0.00305342,0.00413501
0.00428874,0.00307912,0.00417002
0.00433845,0.00310501,0.00420528
0.00438874,0.00313108,0.00424081
0.00443961,0.00315734,0.00427659
0.00449107,0.00318379,0.00431263
0.00454312,0.00321043,0.00434894
0.00459578,0.00323726,0.0043855
0.00464905,0.00326428,0.00442234
0.00470294,0.00329149,0.00445943
0.00475745,0.0033189,0.00449679
0.0048126,0.00334649,0.00453442
0.00486838,0.00337429,0.00457232
0.00492481,0.00340227,0.00461049
0.00498189,0.00343046,0.00464892
0.00503964,0.00345884,0.00468763
0.00509805,0.00348741,0.00472662
0.00515715,0.00351619,0.00476587
0.00521692,0.00354516,0.00480541
0.00527739,0.00357434,0.00484522
0.00533856,0.00360371,0.0048853
0.00540044,0.00363329,0.00492567
0.00546304,0.00366306,0.00496632
0.00552636,0.00369305,0.00500724
0.00559042,0.00372323,0.00504845
0.00565522,0.00375362,0.00508995
0.00572077,0.00378421,0.00513172
0.00578708,0.00381501,0.00517378
0.00585416,0.00384602,0.00521613
0.00592202,0.00387723,0.00525877
0.00599066,0.00390865,0.00530169
0.0060601,0.00394028,0.0053449
0.00613034,0.00397211,0.00538841
0.0062014,0.00400416,0.0054322
0.00627328,0.00403641,0.00547628
0.00634599,0.00406888,0.00552066
0.00641955,0.00410156,0.00556534
0.00649396,0.00413445,0.0056103
0.00656923,0.00416755,0.00565557
0.00664538,0.00420087,0.00570112
0.0067224,0.0042344,0.00574698
0.00680032,0.00426814,0.00579313
0.00687915,0.0043021,0.00583959
0.00695888,0.00433627,0.00588634
0.00703955,0.00437065,0.00593339
0.00712114,0.00440526,0.00598075
0.00720368,0.00444008,0.0060284
0.00728718,0.00447511,0.00607636
0.00737165,0.00451036,0.00612462
0.00745709,0.00454583,0.00617318
0.00754353,0.00458152,0.00622205
0.00763097,0.00461743,0.00627123
0.00771942,0.00465355,0.0063207
0.0078089,0.00468989,0.00637049
0.00789941,0.00472645,0.00642058
0.00799097,0.00476323,0.00647098
0.0080836,0.00480023,0.00652168
0.00817729,0.00483745,0.00657269
0.00827208,0.00487489,0.00662401
0.00836796,0.00491255,0.00667564
0.00846496,0.00495043,0.00672758
0.00856307,0.00498853,0.00677982
0.00866233,0.00502684,0.00683238
0.00876274,0.00506538,0.00688524
0.00886431,0.00510414,0.00693841
0.00896705,0.00514312,0.0069919
0.00907099,0.00518232,0.00704569
0.00917613,0.00522174,0.00709979
0.00928249,0.00526138,0.0071542
0.00939009,0.00530123,0.00720892
0.00949893,0.00534131,0.00726396
0.00960903,0.00538161,0.0073193
0.00972041,0.00542213,0.00737495
0.00983308,0.00546286,0.00743091
0.00994706,0.00550382,0.00748717
0.0100624,0.00554499,0.00754375
0.010179,0.00558638,0.00760064
0.010297,0.00562799,0.00765783
0.0104163,0.00566982,0.00771533
0.0105371,0.00571186,0.00777314
0.0106592,0.00575412,0.00783126
0.0107828,0.0057966,0.00788968
0.0109077,0.00583929,0.0079484
0.0110342,0.00588219,0.00800743
0.0111621,0.00592531,0.00806677
0.0112915,0.00596865,0.00812641
0.0114223,0.00601219,0.00818635
0.0115547,0.00605595,0.00824659
0.0116887,0.00609992,0.00830714
0.0118241,0.00614409,0.00836798
0.0119612,0.00618848,0.00842912
0.0120998,0.00623308,0.00849056
0.0122401,0.00627788,0.0085523
0.012382,0.00632289,0.00861433
0.0125255,0.00636811,0.00867666
0.0126707,0.00641353,0.00873928
0.0128175,0.00645915,0.00880218
0.0129661,0.00650497,0.00886538
0.0131164,0.006551,0.00892887
0.0132684,0.00659722,0.00899264
0.0134222,0.00664364,0.0090567
0.0135778,0.00669026,0.00912104
0.0137352,0.00673707,0.00918566
0.0138944,0.00678408,0.00925056
0.0140555,0.00683128,0.00931574
0.0142184,0.00687867,0.00938119
0.0143832,0.00692624,0.00944692
0.0145499,0.00697401,0.00951291
0.0147185,0.00702195,0.00957918
0.0148892,0.00707009,0.00964571
0.0150617,0.0071184,0.0097125
0.0152363,0.00716689,0.00977956
0.0154129,0.00721556,0.00984687
0.0155916,0.0072644,0.00991444
0.0157723,0.00731341,0.00998226
0.0159551,0.0073626,0.0100503
0.0161401,0.00741195,0.0101186
0.0163271,0.00746147,0.0101872
0.0165164,0.00751115,0.010256
0.0167078,0.007561,0.010325
0.0169015,0.007611,0.0103943
0.0170974,0.00766115,0.0104638
0.0172956,0.00771146,0.0105335
0.017496,0.00776192,0.0106035
0.0176988,0.00781253,0.0106737
0.017904,0.00786328,0.010744
0.0181115,0.00791417,0.0108146
0.0183215,0.00796519,0.0108854
0.0185338,0.00801636,0.0109564
0.0187487,0.00806765,0.0110276
0.018966,0.00811907,0.011099
0.0191858,0.00817062,0.0111706
0.0194082,0.00822228,0.0112424
0.0196332,0.00827407,0.0113143
0.0198607,0.00832597,0.0113864
0.0200909,0.00837797,0.0114587
0.0203238,0.00843009,0.0115312
0.0205594,0.0084823,0.0116038
0.0207977,0.00853461,0.0116766
0.0210388,0.00858702,0.0117495
0.0212826,0.00863951,0.0118225
0.0215293,0.0086921,0.0118957
0.0217789,0.00874476,0.0119691
0.0220313,0.00879749,0.0120425
0.0222867,0.0088503,0.0121161
0.022545,0.00890318,0.0121897
0.0228063,0.00895612,0.0122635
0.0230707,0.00900911,0.0123374
0.0233381,0.00906216,0.0124114
0.0236086,0.00911526,0.0124854
0.0238822,0.00916839,0.0125596
0.0241591,0.00922156,0.0126338
0.0244391,0.00927477,0.012708
0.0247224,0.009328,0.0127823
0.0250089,0.00938125,0.0128567
0.0252988,0.00943451,0.0129311
0.0255921,0.00948778,0.0130055
0.0258887,0.00954106,0.01308
0.0261888,0.00959433,0.0131545
0.0264923,0.00964759,0.0132289
0.0267994,0.00970083,0.0133034
0.02711,0.00975405,0.0133779
0.0274243,0.00980725,0.0134523
0.0277422,0.0098604,0.0135267
0.0280637,0.00991352,0.0136011
0.028389,0.00996658,0.0136754
0.0287181,0.0100196,0.0137497
0.0290509,0.0100725,0.0138239
0.0293877,0.0101254,0.013898
0.0297283,0.0101782,0.013972
0.0300729,0.0102309,0.0140459
0.0304215,0.0102835,0.0141198
0.0307741,0.0103361,0.0141934
0.0311308,0.0103885,0.014267
0.0314916,0.0104408,0.0143404
0.0318567,0.0104929,0.0144137
0.0322259,0.010545,0.0144868
0.0325994,0.0105969,0.0145597
0.0329773,0.0106486,0.0146324
0.0333596,0.0107002,0.0147049
0.0337462,0.0107516,0.0147772
0.0341374,0.0108028,0.0148493
0.0345331,0.0108539,0.0149212
0.0349334,0.0109048,0.0149927
0.0353383,0.0109554,0.015064
0.0357479,0.0110059,0.0151351
0.0361622,0.0110561,0.0152058
0.0365814,0.0111061,0.0152763
0.0370054,0.0111559,0.0153464
0.0374344,0.0112054,0.0154161
0.0378683,0.0112546,0.0154856
0.0383072,0.0113036,0.0155546
0.0387512,0.0113523,0.0156233
0.0392004,0.0114007,0.0156916
0.0396548,0.0114488,0.0157595
0.0401144,0.0114965,0.0158269
0.0405794,0.011544,0.0158939
0.0410497,0.0115911,0.0159605
0.0415255,0.0116379,0.0160265
0.0420069,0.0116843,0.0160921
0.0424938,0.0117304,0.0161572
0.0429863,0.0117761,0.0162217
0.0434846,0.0118213,0.0162857
0.0439886,0.0118662,0.0163492
0.0444985,0.0119107,0.0164121
0.0450143,0.0119547,0.0164744
0.0455361,0.0119983,0.016536
0.0460639,0.0120415,0.0165971
0.0465978,0.0120842,0.0166575
0.0471379,0.0121264,0.0167172
0.0476843,0.0121681,0.0167763
0.048237,0.0122093,0.0168346
0.0487961,0.01225,0.0168922
0.0493617,0.0122902,0.0169491
0.0499339,0.0123298,0.0170052
0.0505127,0.0123689,0.0170606
0.0510982,0.0124075,0.0171151
0.0516905,0.0124454,0.0171688
0.0522896,0.0124828,0.0172217
0.0528957,0.0125195,0.0172737
0.0535088,0.0125556,0.0173249
0.0541291,0.0125911,0.0173751
0.0547565,0.012626,0.0174244
0.0553912,0.0126602,0.0174728
0.0560332,0.0126937,0.0175202
0.0566827,0.0127265,0.0175666
0.0573397,0.0127586,0.017612
0.0580043,0.01279,0.0176564
0.0586767,0.0128207,0.0176997
0.0593568,0.0128506,0.017742
0.0600448,0.0128798,0.0177831
0.0607408,0.0129082,0.0178232
0.0614449,0.0129358,0.0178621
0.0621571,0.0129626,0.0178998
0.0628775,0.0129886,0.0179364
0.0636064,0.0130138,0.0179717
0.0643436,0.0130381,0.0180058
0.0650894,0.0130615,0.0180386
0.0658439,0.0130841,0.0180702
0.0666071,0.0131057,0.0181005
0.0673792,0.0131265,0.0181294
0.0681602,0.0131464,0.018157
0.0689502,0.0131653,0.0181832
0.0697494,0.0131832,0.018208
0.0705579,0.0132002,0.0182315
0.0713757,0.0132162,0.0182534
0.0722031,0.0132312,0.0182739
0.07304,0.0132452,0.0182929
0.0738866,0.0132582,0.0183104
0.074743,0.0132702,0.0183264
0.0756094,0.013281,0.0183408
0.0764858,0.0132909,0.0183536
0.0773723,0.0132996,0.0183648
0.0782692,0.0133072,0.0183744
0.0791764,0.0133137,0.0183823
0.0800941,0.0133191,0.0183885
0.0810225,0.0133234,0.0183931
0.0819616,0.0133265,0.0183959
0.0829117,0.0133284,0.018397
0.0838727,0.0133291,0.0183963
0.0848449,0.0133287,0.0183938
0.0858283,0.013327,0.0183895
0.0868232,0.0133241,0.0183833
0.0878296,0.01332,0.0183753
0.0888476,0.0133146,0.0183654
0.0898774,0.013308,0.0183537
0.0909192,0.0133,0.01834
0.0919731,0.0132908,0.0183243
0.0930391,0.0132803,0.0183067
0.0941176,0.0132685,0.0182871
0.0952085,0.0132553,0.0182655
0.0963121,0.0132408,0.0182418
0.0974284,0.013225,0.0182162
0.0985577,0.0132078,0.0181884
0.0997001,0.0131892,0.0181586
0.100856,0.0131693,0.0181267
0.102025,0.0131479,0.0180926
0.103207,0.0131252,0.0180564
0.104404,0.013101,0.0180181
0.105614,0.0130754,0.0179776
0.106838,0.0130484,0.0179349
0.108076,0.0130199,0.01789
0.109329,0.01299,0.0178429
0.110596,0.0129587,0.0177936
0.111878,0.0129259,0.017742
0.113175,0.0128916,0.0176882
0.114487,0.0128558,0.0176321
0.115814,0.0128185,0.0175738
0.117156,0.0127798,0.0175131
0.118514,0.0127396,0.0174502
0.119888,0.0126978,0.0173849
0.121278,0.0126546,0.0173173
0.122683,0.0126099,0.0172475
0.124105,0.0125636,0.0171753
0.125544,0.0125159,0.0171007
0.126999,0.0124666,0.0170238
0.128471,0.0124158,0.0169446
0.12996,0.0123635,0.0168631
0.131467,0.0123097,0.0167792
0.132991,0.0122543,0.016693
0.134532,0.0121975,0.0166044
0.136091,0.0121391,0.0165135
0.137669,0.0120792,0.0164202
0.139265,0.0120178,0.0163247
0.140879,0.0119549,0.0162268
0.142512,0.0118905,0.0161265
0.144164,0.0118246,0.016024
0.145835,0.0117572,0.0159192
0.147525,0.0116883,0.0158121
0.149235,0.011618,0.0157027
0.150965,0.0115462,0.015591
0.152715,0.0114729,0.0154771
0.154485,0.0113981,0.015361
0.156276,0.0113219,0.0152426
0.158087,0.0112443,0.015122
0.159919,0.0111653,0.0149993
0.161773,0.0110849,0.0148744
0.163648,0.011003,0.0147474
0.165545,0.0109198,0.0146183
0.167464,0.0108352,0.0144871
0.169405,0.0107493,0.0143539
0.171368,0.0106621,0.0142186
0.173355,0.0105735,0.0140814
0.175364,0.0104836,0.0139422
0.177397,0.0103925,0.013801
0.179453,0.0103001,0.013658
0.181533,0.0102065,0.0135132
0.183637,0.0101116,0.0133665
0.185766,0.0100156,0.0132181
0.187919,0.00991838,0.013068
0.190097,0.00982003,0.0129162
0.192301,0.00972057,0.0127627
0.19453,0.00962002,0.0126077
0.196785,0.00951841,0.0124512
0.199066,0.00941576,0.0122931
0.201373,0.0093121,0.0121337
0.203707,0.00920747,0.0119729
0.206068,0.0091019,0.0118107
0.208457,0.00899541,0.0116473
0.210873,0.00888804,0.0114827
0.213317,0.00877982,0.011317
0.21579,0.00867079,0.0111502
0.218291,0.00856097,0.0109824
0.220821,0.00845042,0.0108137
0.223381,0.00833915,0.0106441
0.22597,0.00822722,0.0104736
0.228589,0.00811465,0.0103025
0.231239,0.00800149,0.0101307
0.233919,0.00788778,0.00995824
0.236631,0.00777355,0.00978531
0.239374,0.00765884,0.00961193
0.242148,0.0075437,0.00943819
0.244955,0.00742818,0.00926415
0.247794,0.0073123,0.00908991
0.250666,0.00719612,0.00891553
0.253572,0.00707968,0.0087411
0.256511,0.00696301,0.0085667
0.259484,0.00684618,0.00839241
0.262492,0.00672922,0.00821831
0.265535,0.00661217,0.00804448
0.268612,0.00649509,0.00787101
0.271726,0.00637801,0.00769798
0.274876,0.00626099,0.00752548
0.278062,0.00614407,0.00735358
0.281285,0.0060273,0.00718237
0.284545,0.00591072,0.00701194
0.287843,0.00579439,0.00684236
0.29118,0.00567834,0.00667373
0.294555,0.00556263,0.00650612
0.297969,0.0054473,0.00633962
0.301423,0.00533241,0.0061743
0.304917,0.00521799,0.00601025
0.308451,0.00510409,0.00584756
0.312026,0.00499076,0.00568629
0.315643,0.00487805,0.00552652
0.319302,0.004766,0.00536834
0.323003,0.00465466,0.00521182
0.326747,0.00454407,0.00505703
0.330534,0.00443428,0.00490405
0.334365,0.00432533,0.00475294
0.338241,0.00421726,0.00460377
0.342162,0.00411012,0.00445662
0.346128,0.00400395,0.00431154
0.35014,0.0038988,0.0041686
0.354198,0.00379469,0.00402786
0.358304,0.00369168,0.00388937
0.362457,0.00358979,0.0037532
0.366658,0.00348908,0.00361939
0.370908,0.00338957,0.003488
0.375207,0.0032913,0.00335907
0.379556,0.0031943,0.00323265
0.383956,0.00309862,0.00310877
0.388406,0.00300427,0.00298748
0.392908,0.0029113,0.00286881
0.397463,0.00281973,0.0027528
0.40207,0.0027296,0.00263946
0.40673,0.00264092,0.00252883
0.411445,0.00255372,0.00242093
0.416214,0.00246803,0.00231577
0.421038,0.00238387,0.00221337
0.425918,0.00230127,0.00211375
0.430855,0.00222023,0.0020169
0.435849,0.00214079,0.00192284
0.440901,0.00206295,0.00183156
0.446012,0.00198673,0.00174306
0.451182,0.00191215,0.00165733
0.456411,0.00183921,0.00157437
0.461702,0.00176792,0.00149416
0.467053,0.0016983,0.00141668
0.472467,0.00163035,0.00134191
0.477943,0.00156407,0.00126984
0.483483,0.00149947,0.00120043
0.489087,0.00143655,0.00113365
0.494756,0.0013753,0.00106947
0.500491,0.00131573,0.00100786
0.506292,0.00125784,0.000948768
0.512161,0.0012016,0.000892164
0.518097,0.00114703,0.000838
0.524103,0.00109411,0.000786231
0.530178,0.00104282,0.000736807
0.536323,0.000993168,0.000689678
0.54254,0.000945125,0.000644791
0.548828,0.000898682,0.000602091
0.55519,0.00085382,0.000561523
0.561625,0.000810523,0.000523027
0.568135,0.00076877,0.000486546
0.57472,0.000728541,0.000452019
0.581382,0.000689815,0.000419384
0.588121,0.000652567,0.00038858
0.594938,0.000616773,0.000359544
0.601834,0.000582408,0.000332213
0.60881,0.000549445,0.000306522
0.615866,0.000517857,0.00028241
0.623005,0.000487615,0.000259811
0.630226,0.00045869,0.000238663
0.637531,0.000431051,0.000218902
0.644921,0.000404668,0.000200467
0.652396,0.00037951,0.000183296
0.659958,0.000355543,0.000167327
0.667608,0.000332736,0.000152501
0.675346,0.000311056,0.000138758
0.683174,0.00029047,0.000126042
0.691093,0.000270942,0.000114295
0.699104,0.000252441,0.000103463
0.707207,0.000234932,9.34917e-05
0.715404,0.00021838,8.43299e-05
0.723697,0.000202752,7.59271e-05
0.732085,0.000188015,6.8235e-05
0.740571,0.000174133,6.12066e-05
0.749155,0.000161074,5.47972e-05
0.757838,0.000148804,4.89637e-05
0.766623,0.00013729,4.36649e-05
0.775509,0.0001265,3.88615e-05
0.784498,0.000116401,3.45163e-05
0.793591,0.000106963,3.05936e-05
0.802789,9.81527e-05,2.706e-05
0.812095,8.99412e-05,2.38836e-05
0.821508,8.22981e-05,2.10347e-05
0.83103,7.51944e-05,1.84851e-05
0.840662,6.86017e-05,1.62086e-05
0.850407,6.24922e-05,1.41805e-05
0.860264,5.68392e-05,1.2378e-05
0.870235,5.16166e-05,1.07797e-05
0.880322,4.67991e-05,9.3658e-06
0.890526,4.23625e-05,8.11815e-06
0.900848,3.82832e-05,7.01986e-06
0.91129,3.45386e-05,6.05546e-06
0.921853,3.1107e-05,5.21077e-06
0.932538,2.79677e-05,4.4728e-06
0.943348,2.51007e-05,3.82974e-06
0.954282,2.2487e-05,3.27084e-06
0.965343,2.01086e-05,2.78638e-06
0.976533,1.79482e-05,2.36756e-06
0.987852,1.59895e-05,2.00646e-06
0.999302,1.4217e-05,1.69598e-06
1.01088,1.26162e-05,1.42976e-06
1.0226,1.11732e-05,1.20212e-06
1.03446,9.87506e-06,1.00802e-06
1.04645,8.70966e-06,8.4298e-07
1.05858,7.66558e-06,7.03051e-07
1.07085,6.73216e-06,5.84753e-07
1.08326,5.89946e-06,4.8503e-07
1.09581,5.15825e-06,4.01209e-07
1.10852,4.49993e-06,3.3096e-07
1.12136,3.91656e-06,2.72257e-07
1.13436,3.40081e-06,2.23348e-07
1.14751,2.94591e-06,1.82718e-07
1.16081,2.54563e-06,1.49065e-07
1.17427,2.19428e-06,1.21273e-07
1.18788,1.88665e-06,9.83904e-08
1.20165,1.61797e-06,7.96048e-08
1.21558,1.38392e-06,6.42284e-08
1.22967,1.18056e-06,5.16796e-08
1.24392,1.00435e-06,4.14686e-08
1.25834,8.52073e-07,3.31842e-08
1.27292,7.20847e-07,2.64825e-08
1.28768,6.08079e-07,2.10769e-08
1.3026,5.11451e-07,1.67294e-08
1.3177,4.28897e-07,1.32429e-08
1.33297,3.58576e-07,1.0455e-08
1.34843,2.98858e-07,8.23189e-09
1.36405,2.48301e-07,6.46428e-09
1.37987,2.05635e-07,5.06275e-09
1.39586,1.69743e-07,3.95459e-09
1.41204,1.39649e-07,3.08084e-09
1.42841,1.14501e-07,2.3938e-09
1.44496,9.35574e-08,1.85506e-09
1.46171,7.61752e-08,1.43377e-09
1.47866,6.17999e-08,1.10522e-09
1.49579,4.99541e-08,8.49694e-10
1.51313,4.02285e-08,6.51503e-10
1.53067,3.22734e-08,4.98199e-10
1.54841,2.57912e-08,3.7994e-10
1.56636,2.05297e-08,2.88963e-10
1.58452,1.62759e-08,2.19167e-10
1.60288,1.28507e-08,1.65768e-10
1.62146,1.0104e-08,1.25028e-10
1.64026,7.91058e-09,9.40332e-11
1.65927,6.16647e-09,7.05188e-11
1.6785,4.78566e-09,5.27306e-11
1.69796,3.69733e-09,3.93131e-11
1.71764,2.84338e-09,2.92221e-11
1.73755,2.17644e-09,2.16554e-11
1.75769,1.65799e-09,1.59986e-11
1.77806,1.2569e-09,1.17826e-11
1.79867,9.4812e-10,8.65007e-12
1.81952,7.11583e-10,6.32995e-12
1.84061,5.31307e-10,4.61702e-12
1.86195,3.9462e-10,3.35647e-12
1.88353,2.91529e-10,2.43188e-12
1.90536,2.14194e-10,1.75598e-12
1.92745,1.56499e-10,1.26356e-12
1.94979,1.13696e-10,9.06033e-13
1.97239,8.21214e-11,6.47363e-13
