r2,N_p_DGLAP
1.97239e-05,4.41405e-08
2.05457e-05,4.78582e-08
2.14018e-05,5.18883e-08
2.22936e-05,5.62567e-08
2.32225e-05,6.09919e-08
2.41901e-05,6.61246e-08
2.51981e-05,7.16879e-08
2.6248e-05,7.7718e-08
2.73417e-05,8.42539e-08
2.8481e-05,9.13378e-08
2.96677e-05,9.90154e-08
3.09039e-05,1.07337e-07
3.21916e-05,1.16355e-07
3.35329e-05,1.26128e-07
3.49302e-05,1.3672e-07
3.63856e-05,1.48199e-07
3.79017e-05,1.60638e-07
3.9481e-05,1.74118e-07
4.11261e-05,1.88725e-07
4.28397e-05,2.04554e-07
4.46248e-05,2.21705e-07
4.64842e-05,2.4029e-07
4.84211e-05,2.60427e-07
5.04387e-05,2.82246e-07
5.25403e-05,3.05886e-07
5.47296e-05,3.31499e-07
5.701e-05,3.59249e-07
5.93855e-05,3.89312e-07
6.186e-05,4.21882e-07
6.44375e-05,4.57167e-07
6.71225e-05,4.9539e-07
6.99193e-05,5.36797e-07
7.28327e-05,5.81651e-07
7.58675e-05,6.30237e-07
7.90287e-05,6.82865e-07
8.23216e-05,7.3987e-07
8.57518e-05,8.01612e-07
8.93249e-05,8.68485e-07
9.30468e-05,9.40911e-07
9.69239e-05,1.01935e-06
0.000100962,1.1043e-06
0.000105169,1.1963e-06
0.000109551,1.29592e-06
0.000114116,1.4038e-06
0.000118871,1.52062e-06
0.000123824,1.64711e-06
0.000128984,1.78407e-06
0.000134358,1.93236e-06
0.000139957,2.09292e-06
0.000145788,2.26675e-06
0.000151863,2.45494e-06
0.000158191,2.65867e-06
0.000164782,2.87921e-06
0.000171648,3.11794e-06
0.0001788,3.37637e-06
0.000186251,3.65608e-06
0.000194011,3.95884e-06
0.000202095,4.28652e-06
0.000210516,4.64116e-06
0.000219288,5.02496e-06
0.000228425,5.44031e-06
0.000237943,5.88977e-06
0.000247858,6.37612e-06
0.000258185,6.90238e-06
0.000268943,7.47179e-06
0.00028015,8.08785e-06
0.000291823,8.75437e-06
0.000303982,9.47543e-06
0.000316649,1.02555e-05
0.000329843,1.10992e-05
0.000343586,1.2012e-05
0.000357903,1.29992e-05
0.000372816,1.40669e-05
0.00038835,1.52216e-05
0.000404532,1.64704e-05
0.000421388,1.78209e-05
0.000438946,1.92811e-05
0.000457236,2.08601e-05
0.000476288,2.25672e-05
0.000496134,2.44129e-05
0.000516806,2.64083e-05
0.00053834,2.85652e-05
0.000560772,3.08968e-05
0.000584138,3.34179e-05
0.000608478,3.61386e-05
0.000633831,3.90549e-05
0.000660242,4.22028e-05
0.000687753,4.56013e-05
0.00071641,4.92699e-05
0.000746261,5.32298e-05
0.000777356,5.75036e-05
0.000809746,6.21159e-05
0.000843487,6.70928e-05
0.000878633,7.24628e-05
0.000915243,7.82563e-05
0.000953379,8.45059e-05
0.000993105,9.1247e-05
0.00103448,9.85174e-05
0.00107759,0.000106358
0.00112249,0.000114812
0.00116926,0.000123927
0.00121798,0.000133753
0.00126873,0.000144344
0.0013216,0.000155759
0.00137667,0.00016806
0.00143403,0.000181314
0.00149378,0.000195593
0.00155602,0.000210974
0.00162086,0.000227541
0.0016884,0.000245381
0.00175875,0.000264591
0.00183203,0.000285271
0.00190837,0.000307531
0.00198789,0.000331489
0.00207072,0.000357269
0.002157,0.000385006
0.00224688,0.000414842
0.0023405,0.000446932
0.00243802,0.000481439
0.00253961,0.000518539
0.00264543,0.00055842
0.00275566,0.00060128
0.00287048,0.000647334
0.00299008,0.00069681
0.00311467,0.000749951
0.00324445,0.000807017
0.00337964,0.000868282
0.00352047,0.000934043
0.00366716,0.00100461
0.00381996,0.00108032
0.00397913,0.00116153
0.00414493,0.00124861
0.00431764,0.00134196
0.00449754,0.00144202
0.00468494,0.00154922
0.00488016,0.00166469
0.0050835,0.00178851
0.00529532,0.00192114
0.00551596,0.00206315
0.0057458,0.00221516
0.00598521,0.00237783
0.0062346,0.00255184
0.00649439,0.00273792
0.00676499,0.00293683
0.00704687,0.00314938
0.0073405,0.00337642
0.00764636,0.00361885
0.00796497,0.00387759
0.00829685,0.00415363
0.00864256,0.004448
0.00900268,0.00476178
0.0093778,0.00509608
0.00976855,0.00545208
0.0101756,0.005831
0.0105996,0.0062341
0.0110412,0.0066627
0.0115013,0.00711816
0.0119805,0.00760187
0.0124797,0.0081153
0.0129997,0.00865993
0.0135414,0.00923728
0.0141056,0.00984893
0.0146934,0.0104965
0.0153056,0.0111815
0.0159434,0.0119057
0.0166077,0.0126706
0.0172997,0.013478
0.0180205,0.0143296
0.0187714,0.0152269
0.0195536,0.0161717
0.0203683,0.0171655
0.021217,0.01821
0.0221011,0.0193066
0.023022,0.0204531
0.0239813,0.0216392
0.0249805,0.0228783
0.0260214,0.0241721
0.0271057,0.025521
0.0282351,0.0269256
0.0294116,0.0283865
0.0306371,0.0299039
0.0319137,0.0314781
0.0332434,0.0331091
0.0346286,0.0347968
0.0360715,0.0365407
0.0375745,0.0383407
0.0391402,0.040196
0.0407711,0.0421062
0.0424699,0.0440706
0.0442395,0.0460886
0.0460829,0.0481598
0.048003,0.0502837
0.0500032,0.0524606
0.0520867,0.0546906
0.0542571,0.0569749
0.0565178,0.0593152
0.0588728,0.0617142
0.0613259,0.0641756
0.0638812,0.0667047
0.066543,0.0693086
0.0693157,0.0719961
0.0722039,0.0747786
0.0752125,0.0776699
0.0783464,0.0806902
0.0816109,0.0838869
0.0850115,0.0872556
0.0885537,0.0908248
0.0922435,0.0946276
0.0960871,0.0987019
0.100091,0.103091
0.104261,0.107842
0.108606,0.11301
0.113131,0.118653
0.117845,0.124833
0.122755,0.131616
0.12787,0.139073
0.133198,0.147275
0.138748,0.156292
0.14453,0.16619
0.150552,0.177032
0.156825,0.188876
0.16336,0.201773
0.170166,0.215765
0.177257,0.230882
0.184643,0.247147
0.192336,0.264573
0.200351,0.283162
0.208699,0.302912
0.217395,0.323809
0.226453,0.345835
0.235889,0.368966
0.245718,0.393166
0.255956,0.418392
0.266621,0.444589
0.277731,0.471686
0.289303,0.499597
0.301358,0.528218
0.313915,0.557426
0.326995,0.587077
0.34062,0.617007
0.354813,0.647034
0.369597,0.676959
0.384997,0.706567
0.401039,0.735632
0.41775,0.763922
0.435156,0.791205
0.453288,0.817254
0.472176,0.841856
0.49185,0.864819
0.512345,0.88598
0.533693,0.905212
0.555931,0.922428
0.579095,0.93759
0.603224,0.95071
0.628359,0.961845
0.654542,0.971101
0.681815,0.978623
0.710225,0.984587
0.739818,0.989193
0.770645,0.992647
0.802756,0.995159
0.836205,0.996924
0.871047,0.998119
0.907342,0.998897
0.945149,0.999382
0.984531,0.999671
1.02555,0.999833
1.06829,0.999921
1.1128,0.999964
1.15917,0.999985
1.20747,0.999994
1.25778,0.999998
1.31019,0.999999
1.36478,1
1.42165,1
1.48088,1
1.54259,1
1.60687,1
1.67382,1
1.74356,1
1.81622,1
1.89189,1
1.97072,1
2.05284,1
2.13838,1
2.22748,1
2.32029,1
2.41697,1
2.51768,1
2.62259,1
2.73187,1
2.8457,1
2.96427,1
3.08778,1
3.21644,1
3.35047,1
3.49007,1
3.6355,1
3.78698,1
3.94477,1
