r2,N_GBW
3.61152e-06,3.09768e-07
1e-08,8.57721e-10
4.41168e-06,3.78399e-07
1.68166e-05,1.44239e-06
3.72246e-05,3.19283e-06
6.56359e-05,5.62972e-06
0.00010205,8.75304e-06
0.000146468,1.25628e-05
0.000198889,1.7059e-05
0.000259313,2.22416e-05
0.00032774,2.81106e-05
0.000404171,3.4666e-05
0.000488605,4.19077e-05
0.000581041,4.98359e-05
0.000681482,5.84503e-05
0.000789925,6.77511e-05
0.000906371,7.77382e-05
0.00103082,8.84116e-05
0.00116327,9.97713e-05
0.00130373,0.000111817
0.00145219,0.000124549
0.00160865,0.000137967
0.00177312,0.000152072
0.00194559,0.000166862
0.00212606,0.000182339
0.00231453,0.000198502
0.00251101,0.00021535
0.00271549,0.000232885
0.00292798,0.000251106
0.00314847,0.000270012
0.00337696,0.000289605
0.00361345,0.000309883
0.00385795,0.000330847
0.00411045,0.000352497
0.00437096,0.000374832
0.00463946,0.000397853
0.00491597,0.00042156
0.00520049,0.000445952
0.005493,0.00047103
0.00579352,0.000496793
0.00610205,0.000523241
0.00641857,0.000550375
0.0067431,0.000578194
0.00707564,0.000606698
0.00741617,0.000635888
0.00776471,0.000665762
0.00812125,0.000696322
0.0084858,0.000727566
0.00885835,0.000759495
0.0092389,0.000792109
0.00962746,0.000825408
0.010024,0.000859392
0.0104286,0.00089406
0.0108411,0.000929412
0.0112617,0.000965449
0.0116903,0.00100217
0.0121269,0.00103958
0.0125714,0.00107767
0.013024,0.00111644
0.0134846,0.0011559
0.0139532,0.00119604
0.0144298,0.00123687
0.0149144,0.00127838
0.015407,0.00132057
0.0159076,0.00136345
0.0164162,0.00140701
0.0169328,0.00145125
0.0174574,0.00149618
0.01799,0.00154179
0.0185306,0.00158808
0.0190792,0.00163506
0.0196359,0.00168272
0.0202005,0.00173106
0.0207731,0.00178008
0.0213537,0.00182979
0.0219424,0.00188018
0.022539,0.00193125
0.0231437,0.00198301
0.0237563,0.00203544
0.024377,0.00208856
0.0250056,0.00214236
0.0256423,0.00219684
0.0262869,0.00225201
0.0269396,0.00230785
0.0276002,0.00236438
0.0282689,0.00242159
0.0289456,0.00247948
0.0296303,0.00253805
0.0303229,0.0025973
0.0310236,0.00265723
0.0317323,0.00271785
0.032449,0.00277914
0.0331737,0.00284111
0.0339064,0.00290377
0.0346471,0.0029671
0.0353958,0.00303112
0.0361525,0.00309581
0.0369172,0.00316119
0.0376899,0.00322724
0.0384706,0.00329397
0.0392593,0.00336138
0.040056,0.00342948
0.0408607,0.00349825
0.0416735,0.0035677
0.0424942,0.00363782
0.0433229,0.00370863
0.0441597,0.00378012
0.0450044,0.00385228
0.0458571,0.00392512
0.0467179,0.00399864
0.0475866,0.00407284
0.0484634,0.00414771
0.0493481,0.00422327
0.0502409,0.0042995
0.0511417,0.0043764
0.0520504,0.00445399
0.0529672,0.00453225
0.053892,0.00461118
0.0548247,0.0046908
0.0557655,0.00477109
0.0567143,0.00485205
0.0576711,0.0049337
0.0586359,0.00501601
0.0596086,0.00509901
0.0605894,0.00518268
0.0615782,0.00526702
0.062575,0.00535204
0.0635798,0.00543773
0.0645926,0.0055241
0.0656134,0.00561114
0.0666423,0.00569886
0.0676791,0.00578725
0.0687239,0.00587632
0.0697767,0.00596606
0.0708375,0.00605647
0.0719064,0.00614755
0.0729832,0.00623931
0.074068,0.00633175
0.0751609,0.00642485
0.0762617,0.00651863
0.0773705,0.00661308
0.0784874,0.0067082
0.0796122,0.00680399
0.0807451,0.00690046
0.0818859,0.00699759
0.0830348,0.0070954
0.0841917,0.00719388
0.0853565,0.00729303
0.0865294,0.00739285
0.0877103,0.00749334
0.0888992,0.0075945
0.090096,0.00769634
0.0913009,0.00779884
0.0925138,0.00790201
0.0937347,0.00800585
0.0949636,0.00811036
0.0962005,0.00821554
0.0974454,0.00832138
0.0986983,0.0084279
0.0999592,0.00853508
0.101228,0.00864293
0.102505,0.00875145
0.10379,0.00886064
0.105083,0.00897049
0.106384,0.00908101
0.107693,0.0091922
0.10901,0.00930405
0.110335,0.00941658
0.111667,0.00952976
0.113008,0.00964361
0.114357,0.00975813
0.115714,0.00987332
0.117079,0.00998916
0.118452,0.0101057
0.119833,0.0102229
0.121222,0.0103407
0.122619,0.0104592
0.124024,0.0105784
0.125437,0.0106982
0.126858,0.0108187
0.128287,0.0109399
0.129724,0.0110617
0.131169,0.0111842
0.132622,0.0113073
0.134083,0.0114311
0.135552,0.0115556
0.137029,0.0116807
0.138514,0.0118065
0.140007,0.011933
0.141508,0.0120601
0.143017,0.0121879
0.144534,0.0123163
0.146059,0.0124454
0.147592,0.0125752
0.149133,0.0127056
0.150682,0.0128367
0.152239,0.0129684
0.153804,0.0131008
0.155377,0.0132338
0.156958,0.0133675
0.158547,0.0135019
0.160144,0.0136369
0.161749,0.0137726
0.163362,0.0139089
0.164983,0.0140459
0.166612,0.0141836
0.168249,0.0143219
0.169894,0.0144608
0.171547,0.0146005
0.173208,0.0147407
0.174878,0.0148816
0.176555,0.0150232
0.17824,0.0151655
0.179933,0.0153083
0.181634,0.0154519
0.183343,0.0155961
0.18506,0.0157409
0.186785,0.0158864
0.188518,0.0160326
0.190259,0.0161794
0.192008,0.0163268
0.193765,0.0164749
0.195531,0.0166237
0.197304,0.0167731
0.199085,0.0169231
0.200874,0.0170738
0.202671,0.0172252
0.204476,0.0173772
0.206289,0.0175299
0.20811,0.0176832
0.20994,0.0178371
0.211777,0.0179917
0.213622,0.018147
0.215475,0.0183029
0.217336,0.0184594
0.219205,0.0186166
0.221082,0.0187744
0.222968,0.0189329
0.224861,0.019092
0.226762,0.0192518
0.228671,0.0194122
0.230588,0.0195733
0.232513,0.019735
0.234447,0.0198973
0.236388,0.0200603
0.238337,0.0202239
0.240294,0.0203882
0.242259,0.0205531
0.244232,0.0207187
0.246214,0.0208849
0.248203,0.0210518
0.2502,0.0212192
0.252205,0.0213874
0.254218,0.0215561
0.25624,0.0217256
0.258269,0.0218956
0.260306,0.0220663
0.262351,0.0222376
0.264405,0.0224096
0.266466,0.0225822
0.268535,0.0227554
0.270612,0.0229293
0.272697,0.0231038
0.274791,0.023279
0.276892,0.0234548
0.279001,0.0236312
0.281118,0.0238082
0.283244,0.0239859
0.285377,0.0241643
0.287518,0.0243432
0.289667,0.0245228
0.291825,0.0247031
0.29399,0.0248839
0.296163,0.0250654
0.298345,0.0252475
0.300534,0.0254303
0.302731,0.0256137
0.304936,0.0257977
0.30715,0.0259824
0.309371,0.0261677
0.3116,0.0263536
0.313838,0.0265401
0.316083,0.0267273
0.318336,0.0269151
0.320597,0.0271035
0.322867,0.0272926
0.325144,0.0274823
0.327429,0.0276726
0.329723,0.0278636
0.332024,0.0280551
0.334333,0.0282473
0.336651,0.0284402
0.338976,0.0286336
0.341309,0.0288277
0.343651,0.0290224
0.346,0.0292177
0.348357,0.0294136
0.350723,0.0296102
0.353096,0.0298074
0.355477,0.0300052
0.357867,0.0302036
0.360264,0.0304027
0.362669,0.0306024
0.365083,0.0308027
0.367504,0.0310036
0.369934,0.0312051
0.372371,0.0314073
0.374816,0.0316101
0.37727,0.0318135
0.379731,0.0320175
0.3822,0.0322221
0.384678,0.0324274
0.387163,0.0326332
0.389657,0.0328397
0.392158,0.0330468
0.394667,0.0332545
0.397185,0.0334629
0.39971,0.0336718
0.402244,0.0338814
0.404785,0.0340915
0.407335,0.0343023
0.409892,0.0345137
0.412457,0.0347257
0.415031,0.0349384
0.417612,0.0351516
0.420202,0.0353654
0.422799,0.0355799
0.425405,0.035795
0.428018,0.0360106
0.430639,0.0362269
0.433269,0.0364438
0.435906,0.0366613
0.438552,0.0368794
0.441205,0.0370981
0.443867,0.0373175
0.446536,0.0375374
0.449214,0.0377579
0.451899,0.0379791
0.454593,0.0382008
0.457294,0.0384232
0.460004,0.0386461
0.462721,0.0388697
0.465447,0.0390939
0.46818,0.0393186
0.470922,0.039544
0.473671,0.03977
0.476429,0.0399965
0.479194,0.0402237
0.481968,0.0404515
0.484749,0.0406799
0.487539,0.0409088
0.490336,0.0411384
0.493142,0.0413686
0.495955,0.0415993
0.498777,0.0418307
0.501606,0.0420627
0.504444,0.0422952
0.507289,0.0425284
0.510143,0.0427621
0.513004,0.0429965
0.515874,0.0432314
0.518751,0.0434669
0.521637,0.0437031
0.524531,0.0439398
0.527432,0.0441771
0.530342,0.044415
0.533259,0.0446535
0.536185,0.0448926
0.539118,0.0451323
0.54206,0.0453725
0.54501,0.0456134
0.547967,0.0458548
0.550933,0.0460969
0.553906,0.0463395
0.556888,0.0465827
0.559878,0.0468265
0.562875,0.0470709
0.565881,0.0473159
0.568894,0.0475614
0.571916,0.0478076
0.574946,0.0480543
0.577983,0.0483016
0.581029,0.0485495
0.584082,0.048798
0.587144,0.049047
0.590214,0.0492967
0.593291,0.0495469
0.596377,0.0497977
0.599471,0.0500491
0.602572,0.050301
0.605682,0.0505536
0.608799,0.0508067
0.611925,0.0510604
0.615059,0.0513147
0.6182,0.0515695
0.62135,0.0518249
0.624508,0.0520809
0.627673,0.0523375
0.630847,0.0525947
0.634029,0.0528524
0.637218,0.0531107
0.640416,0.0533696
0.643622,0.053629
0.646835,0.0538891
0.650057,0.0541497
0.653287,0.0544108
0.656525,0.0546726
0.65977,0.0549349
0.663024,0.0551977
0.666286,0.0554612
0.669555,0.0557252
0.672833,0.0559898
0.676119,0.0562549
0.679413,0.0565206
0.682714,0.0567869
0.686024,0.0570538
0.689342,0.0573212
0.692667,0.0575891
0.696001,0.0578577
0.699343,0.0581268
0.702693,0.0583965
0.70605,0.0586667
0.709416,0.0589375
0.71279,0.0592088
0.716172,0.0594807
0.719561,0.0597532
0.722959,0.0600262
0.726365,0.0602998
0.729779,0.060574
0.7332,0.0608487
0.73663,0.061124
0.740068,0.0613998
0.743514,0.0616761
0.746968,0.0619531
0.750429,0.0622306
0.753899,0.0625086
0.757377,0.0627872
0.760863,0.0630664
0.764356,0.0633461
0.767858,0.0636263
0.771368,0.0639071
0.774886,0.0641885
0.778412,0.0644704
0.781946,0.0647528
0.785487,0.0650358
0.789037,0.0653194
0.792595,0.0656035
0.796161,0.0658881
0.799735,0.0661733
0.803316,0.0664591
0.806906,0.0667454
0.810504,0.0670322
0.81411,0.0673196
0.817724,0.0676075
0.821346,0.067896
0.824976,0.068185
0.828613,0.0684745
0.832259,0.0687646
0.835913,0.0690552
0.839575,0.0693464
0.843245,0.0696381
0.846923,0.0699304
0.850609,0.0702232
0.854302,0.0705165
0.858004,0.0708103
0.861714,0.0711047
0.865432,0.0713997
0.869158,0.0716951
0.872892,0.0719912
0.876634,0.0722877
0.880384,0.0725848
0.884142,0.0728824
0.887907,0.0731805
0.891681,0.0734792
0.895463,0.0737784
0.899253,0.0740781
0.903051,0.0743784
0.906857,0.0746792
0.910671,0.0749805
0.914493,0.0752823
0.918323,0.0755847
0.922161,0.0758876
0.926007,0.0761911
0.929861,0.076495
0.933723,0.0767995
0.937593,0.0771045
0.941471,0.07741
0.945356,0.0777161
0.94925,0.0780226
0.953152,0.0783297
0.957062,0.0786374
0.96098,0.0789455
0.964906,0.0792542
0.96884,0.0795633
0.972782,0.079873
0.976732,0.0801832
0.98069,0.080494
0.984656,0.0808052
0.98863,0.081117
0.992612,0.0814293
0.996602,0.081742
1.0006,0.0820554
1.00461,0.0823692
1.00862,0.0826835
1.01264,0.0829984
1.01667,0.0833137
1.02071,0.0836296
1.02476,0.083946
1.02881,0.0842629
1.03287,0.0845803
1.03694,0.0848982
1.04102,0.0852166
1.04511,0.0855355
1.0492,0.0858549
1.0533,0.0861749
1.05741,0.0864953
1.06153,0.0868162
1.06566,0.0871377
1.06979,0.0874596
1.07393,0.0877821
1.07808,0.0881051
1.08224,0.0884285
1.08641,0.0887525
1.09058,0.0890769
1.09476,0.0894019
1.09895,0.0897273
1.10315,0.0900533
1.10736,0.0903797
1.11157,0.0907067
1.11579,0.0910341
1.12002,0.0913621
1.12426,0.0916905
1.12851,0.0920194
1.13276,0.0923489
1.13702,0.0926788
1.14129,0.0930092
1.14557,0.0933401
1.14986,0.0936715
1.15415,0.0940033
1.15845,0.0943357
1.16276,0.0946686
1.16708,0.0950019
1.17141,0.0953357
1.17574,0.0956701
1.18009,0.0960049
1.18444,0.0963401
1.18879,0.0966759
1.19316,0.0970122
1.19753,0.0973489
1.20192,0.0976861
1.20631,0.0980238
1.2107,0.098362
1.21511,0.0987007
1.21952,0.0990398
1.22395,0.0993795
1.22838,0.0997196
1.23282,0.10006
1.23726,0.100401
1.24172,0.100743
1.24618,0.101085
1.25065,0.101427
1.25513,0.10177
1.25961,0.102114
1.26411,0.102458
1.26861,0.102802
1.27312,0.103147
1.27764,0.103492
1.28216,0.103838
1.2867,0.104184
1.29124,0.104531
1.29579,0.104878
1.30035,0.105226
1.30491,0.105574
1.30949,0.105922
1.31407,0.106272
1.31866,0.106621
1.32326,0.106971
1.32787,0.107322
1.33248,0.107672
1.3371,0.108024
1.34173,0.108376
1.34637,0.108728
1.35102,0.109081
1.35567,0.109434
1.36033,0.109788
1.365,0.110142
1.36968,0.110496
1.37437,0.110851
1.37906,0.111207
1.38376,0.111563
1.38847,0.111919
1.39319,0.112276
1.39792,0.112634
1.40265,0.112991
1.4074,0.11335
1.41215,0.113708
1.4169,0.114067
1.42167,0.114427
1.42645,0.114787
1.43123,0.115147
1.43602,0.115508
1.44082,0.11587
1.44562,0.116231
1.45044,0.116594
1.45526,0.116956
1.46009,0.11732
1.46493,0.117683
1.46977,0.118047
1.47463,0.118412
1.47949,0.118777
1.48436,0.119142
1.48924,0.119508
1.49413,0.119874
1.49902,0.120241
1.50392,0.120608
1.50883,0.120975
1.51375,0.121343
1.51868,0.121712
1.52361,0.12208
1.52855,0.12245
1.5335,0.122819
1.53846,0.12319
1.54343,0.12356
1.5484,0.123931
1.55339,0.124303
1.55838,0.124674
1.56338,0.125047
1.56838,0.125419
1.5734,0.125793
1.57842,0.126166
1.58345,0.12654
1.58849,0.126915
1.59353,0.127289
1.59859,0.127665
1.60365,0.12804
1.60872,0.128416
1.6138,0.128793
1.61889,0.12917
1.62398,0.129547
1.62908,0.129925
1.63419,0.130303
1.63931,0.130682
1.64444,0.131061
1.64957,0.13144
1.65471,0.13182
1.65987,0.132201
1.66502,0.132581
1.67019,0.132962
1.67536,0.133344
1.68055,0.133726
1.68574,0.134108
1.69094,0.134491
1.69614,0.134874
1.70136,0.135258
1.70658,0.135642
1.71181,0.136026
1.71705,0.136411
1.7223,0.136796
1.72755,0.137182
1.73281,0.137568
1.73808,0.137954
1.74336,0.138341
1.74865,0.138728
1.75394,0.139116
1.75924,0.139504
1.76456,0.139892
1.76987,0.140281
1.7752,0.14067
1.78053,0.14106
1.78588,0.14145
1.79123,0.14184
1.79659,0.142231
1.80195,0.142622
1.80733,0.143014
1.81271,0.143406
1.8181,0.143798
1.8235,0.144191
1.82891,0.144584
1.83432,0.144977
1.83974,0.145371
1.84517,0.145766
1.85061,0.14616
1.85606,0.146555
1.86151,0.146951
1.86698,0.147347
1.87245,0.147743
1.87793,0.148139
1.88341,0.148536
1.88891,0.148934
1.89441,0.149332
1.89992,0.14973
1.90544,0.150128
1.91096,0.150527
1.9165,0.150926
1.92204,0.151326
1.92759,0.151726
1.93315,0.152127
1.93872,0.152527
1.94429,0.152928
1.94988,0.15333
1.95547,0.153732
1.96106,0.154134
1.96667,0.154537
1.97229,0.15494
1.97791,0.155343
1.98354,0.155747
1.98918,0.156151
1.99482,0.156556
2.00048,0.15696
2.00614,0.157366
2.01181,0.157771
2.01749,0.158177
2.02318,0.158584
2.02887,0.15899
2.03457,0.159397
2.04029,0.159805
2.046,0.160212
2.05173,0.160621
2.05747,0.161029
2.06321,0.161438
2.06896,0.161847
2.07472,0.162257
2.08048,0.162666
2.08626,0.163077
2.09204,0.163487
2.09783,0.163898
2.10363,0.16431
2.10944,0.164721
2.11525,0.165133
2.12108,0.165546
2.12691,0.165958
2.13274,0.166371
2.13859,0.166785
2.14445,0.167199
2.15031,0.167613
2.15618,0.168027
2.16206,0.168442
2.16795,0.168857
2.17384,0.169273
2.17974,0.169688
2.18565,0.170105
2.19157,0.170521
2.1975,0.170938
2.20343,0.171355
2.20938,0.171773
2.21533,0.172191
2.22129,0.172609
2.22725,0.173027
2.23323,0.173446
2.23921,0.173865
2.2452,0.174285
2.2512,0.174705
2.25721,0.175125
2.26322,0.175546
2.26924,0.175966
2.27528,0.176388
2.28131,0.176809
2.28736,0.177231
2.29342,0.177653
2.29948,0.178076
2.30555,0.178499
2.31163,0.178922
2.31772,0.179345
2.32381,0.179769
2.32991,0.180193
2.33602,0.180618
2.34214,0.181042
2.34827,0.181467
2.3544,0.181893
2.36055,0.182319
2.3667,0.182745
2.37286,0.183171
2.37902,0.183598
2.3852,0.184025
2.39138,0.184452
2.39757,0.18488
2.40377,0.185307
2.40998,0.185736
2.41619,0.186164
2.42242,0.186593
2.42865,0.187022
2.43489,0.187452
2.44113,0.187882
2.44739,0.188312
2.45365,0.188742
2.45992,0.189173
2.4662,0.189604
2.47249,0.190035
2.47878,0.190467
2.48509,0.190899
2.4914,0.191331
2.49771,0.191764
2.50404,0.192196
2.51038,0.19263
2.51672,0.193063
2.52307,0.193497
2.52943,0.193931
2.5358,0.194365
2.54217,0.1948
2.54855,0.195235
2.55495,0.19567
2.56134,0.196105
2.56775,0.196541
2.57417,0.196977
2.58059,0.197414
2.58702,0.19785
2.59346,0.198287
2.59991,0.198724
2.60636,0.199162
2.61282,0.1996
2.6193,0.200038
2.62577,0.200476
2.63226,0.200915
2.63876,0.201354
2.64526,0.201793
2.65177,0.202233
2.65829,0.202672
2.66482,0.203113
2.67135,0.203553
2.67789,0.203994
2.68445,0.204434
2.691,0.204876
2.69757,0.205317
2.70415,0.205759
2.71073,0.206201
2.71732,0.206643
2.72392,0.207086
2.73053,0.207529
2.73714,0.207972
2.74376,0.208415
2.7504,0.208859
2.75703,0.209303
2.76368,0.209747
2.77034,0.210191
2.777,0.210636
2.78367,0.211081
2.79035,0.211526
2.79704,0.211972
2.80373,0.212418
2.81044,0.212864
2.81715,0.21331
2.82387,0.213757
2.83059,0.214203
2.83733,0.21465
2.84407,0.215098
2.85082,0.215545
2.85758,0.215993
2.86435,0.216441
2.87112,0.21689
2.87791,0.217338
2.8847,0.217787
2.8915,0.218236
2.8983,0.218686
2.90512,0.219135
2.91194,0.219585
2.91877,0.220035
2.92561,0.220486
2.93246,0.220936
2.93931,0.221387
2.94618,0.221838
2.95305,0.22229
2.95993,0.222741
2.96681,0.223193
2.97371,0.223645
2.98061,0.224098
2.98752,0.22455
2.99444,0.225003
3.00137,0.225456
3.00831,0.22591
3.01525,0.226363
3.0222,0.226817
3.02916,0.227271
3.03613,0.227725
3.0431,0.22818
3.05009,0.228634
3.05708,0.229089
3.06408,0.229545
3.07108,0.23
3.0781,0.230456
3.08512,0.230912
3.09215,0.231368
3.09919,0.231824
3.10624,0.232281
3.11329,0.232737
3.12036,0.233194
3.12743,0.233652
3.13451,0.234109
3.14159,0.234567
3.14869,0.235025
3.15579,0.235483
3.1629,0.235941
3.17002,0.2364
3.17715,0.236859
3.18429,0.237318
3.19143,0.237777
3.19858,0.238236
3.20574,0.238696
3.21291,0.239156
3.22008,0.239616
3.22727,0.240076
3.23446,0.240537
3.24166,0.240998
3.24886,0.241459
3.25608,0.24192
3.2633,0.242381
3.27053,0.242843
3.27777,0.243305
3.28502,0.243767
3.29228,0.244229
3.29954,0.244691
3.30681,0.245154
3.31409,0.245617
3.32138,0.24608
3.32867,0.246543
3.33598,0.247007
3.34329,0.24747
3.35061,0.247934
3.35793,0.248398
3.36527,0.248862
3.37261,0.249327
3.37996,0.249791
3.38732,0.250256
3.39469,0.250721
3.40207,0.251187
3.40945,0.251652
3.41684,0.252118
3.42424,0.252583
3.43165,0.253049
3.43906,0.253516
3.44649,0.253982
3.45392,0.254448
3.46136,0.254915
3.4688,0.255382
3.47626,0.255849
3.48372,0.256317
3.49119,0.256784
3.49867,0.257252
3.50616,0.25772
3.51366,0.258188
3.52116,0.258656
3.52867,0.259124
3.53619,0.259593
3.54372,0.260062
3.55125,0.260531
3.5588,0.261
3.56635,0.261469
3.57391,0.261939
3.58147,0.262408
3.58905,0.262878
3.59663,0.263348
3.60423,0.263818
3.61182,0.264289
3.61943,0.264759
3.62705,0.26523
3.63467,0.265701
3.6423,0.266172
3.64994,0.266643
3.65759,0.267115
3.66524,0.267586
3.67291,0.268058
3.68058,0.26853
3.68826,0.269002
3.69595,0.269474
3.70364,0.269946
3.71135,0.270419
3.71906,0.270892
3.72678,0.271364
3.7345,0.271837
3.74224,0.272311
3.74998,0.272784
3.75773,0.273257
3.76549,0.273731
3.77326,0.274205
3.78104,0.274679
3.78882,0.275153
3.79661,0.275627
3.80441,0.276102
3.81222,0.276576
3.82003,0.277051
3.82786,0.277526
3.83569,0.278001
3.84353,0.278476
3.85138,0.278951
3.85923,0.279427
3.8671,0.279902
3.87497,0.280378
3.88285,0.280854
3.89073,0.28133
3.89863,0.281806
3.90653,0.282282
3.91445,0.282759
3.92236,0.283236
3.93029,0.283712
3.93823,0.284189
3.94617,0.284666
3.95412,0.285143
3.96208,0.285621
3.97005,0.286098
3.97803,0.286576
3.98601,0.287053
3.994,0.287531
4.002,0.288009
4.01001,0.288487
4.01802,0.288966
4.02605,0.289444
4.03408,0.289922
4.04212,0.290401
4.05017,0.29088
4.05822,0.291359
4.06629,0.291838
4.07436,0.292317
4.08244,0.292796
4.09052,0.293275
4.09862,0.293755
4.10672,0.294235
4.11484,0.294714
4.12295,0.295194
4.13108,0.295674
4.13922,0.296154
4.14736,0.296635
4.15551,0.297115
4.16367,0.297595
4.17184,0.298076
4.18002,0.298557
4.1882,0.299037
4.19639,0.299518
4.20459,0.299999
4.2128,0.300481
4.22101,0.300962
4.22924,0.301443
4.23747,0.301925
4.24571,0.302406
4.25396,0.302888
4.26221,0.30337
4.27048,0.303852
4.27875,0.304334
4.28703,0.304816
4.29532,0.305298
4.30361,0.30578
4.31192,0.306263
4.32023,0.306745
4.32855,0.307228
4.33687,0.307711
4.34521,0.308194
4.35355,0.308677
4.36191,0.30916
4.37027,0.309643
4.37863,0.310126
4.38701,0.310609
4.39539,0.311093
4.40378,0.311576
4.41218,0.31206
4.42059,0.312544
4.42901,0.313027
4.43743,0.313511
4.44586,0.313995
4.4543,0.314479
4.46275,0.314963
4.47121,0.315448
4.47967,0.315932
4.48814,0.316416
4.49662,0.316901
4.50511,0.317386
4.51361,0.31787
4.52211,0.318355
4.53062,0.31884
4.53914,0.319325
4.54767,0.31981
4.55621,0.320295
4.56475,0.32078
4.5733,0.321265
4.58186,0.321751
4.59043,0.322236
4.599,0.322722
4.60759,0.323207
4.61618,0.323693
4.62478,0.324178
4.63339,0.324664
4.642,0.32515
4.65063,0.325636
4.65926,0.326122
4.6679,0.326608
4.67655,0.327094
4.6852,0.32758
4.69387,0.328067
4.70254,0.328553
4.71122,0.32904
4.71991,0.329526
4.7286,0.330013
4.73731,0.330499
4.74602,0.330986
4.75474,0.331473
4.76347,0.331959
4.7722,0.332446
4.78095,0.332933
4.7897,0.33342
4.79846,0.333907
4.80723,0.334394
4.816,0.334881
4.82478,0.335369
4.83358,0.335856
4.84238,0.336343
4.85118,0.336831
4.86,0.337318
4.86882,0.337806
4.87766,0.338293
4.8865,0.338781
4.89534,0.339268
4.9042,0.339756
4.91306,0.340244
4.92194,0.340732
4.93082,0.34122
4.9397,0.341707
4.9486,0.342195
4.9575,0.342683
4.96642,0.343171
4.97534,0.343659
4.98426,0.344148
4.9932,0.344636
5.00214,0.345124
5.0111,0.345612
5.02006,0.346101
5.02902,0.346589
5.038,0.347077
5.04698,0.347566
5.05598,0.348054
5.06498,0.348543
5.07398,0.349031
5.083,0.34952
5.09202,0.350008
5.10106,0.350497
5.1101,0.350986
5.11914,0.351474
5.1282,0.351963
5.13726,0.352452
5.14634,0.35294
5.15542,0.353429
5.1645,0.353918
5.1736,0.354407
5.1827,0.354896
5.19182,0.355385
5.20094,0.355874
5.21006,0.356363
5.2192,0.356852
5.22834,0.357341
5.2375,0.35783
5.24666,0.358319
5.25582,0.358808
5.265,0.359297
5.27418,0.359786
5.28338,0.360275
5.29258,0.360765
5.30178,0.361254
5.311,0.361743
5.32022,0.362232
5.32946,0.362721
5.3387,0.363211
5.34795,0.3637
5.3572,0.364189
5.36647,0.364679
5.37574,0.365168
5.38502,0.365657
5.39431,0.366147
5.4036,0.366636
5.41291,0.367125
5.42222,0.367615
5.43154,0.368104
5.44087,0.368593
5.4502,0.369083
5.45955,0.369572
5.4689,0.370062
5.47826,0.370551
5.48763,0.37104
5.497,0.37153
5.50639,0.372019
5.51578,0.372509
5.52518,0.372998
5.53459,0.373487
5.544,0.373977
5.55343,0.374466
5.56286,0.374956
5.5723,0.375445
5.58175,0.375935
5.5912,0.376424
5.60067,0.376913
5.61014,0.377403
5.61962,0.377892
5.62911,0.378382
5.63861,0.378871
5.64811,0.37936
5.65762,0.37985
5.66714,0.380339
5.67667,0.380828
5.68621,0.381318
5.69575,0.381807
5.7053,0.382296
5.71486,0.382786
5.72443,0.383275
5.73401,0.383764
5.74359,0.384253
5.75318,0.384743
5.76278,0.385232
5.77239,0.385721
5.78201,0.38621
5.79163,0.386699
5.80127,0.387188
5.81091,0.387678
5.82055,0.388167
5.83021,0.388656
5.83987,0.389145
5.84955,0.389634
5.85923,0.390123
5.86892,0.390612
5.87861,0.391101
5.88832,0.39159
5.89803,0.392079
5.90775,0.392567
5.91748,0.393056
5.92721,0.393545
5.93696,0.394034
5.94671,0.394523
5.95647,0.395011
5.96624,0.3955
5.97601,0.395989
5.9858,0.396477
5.99559,0.396966
6.00539,0.397455
6.0152,0.397943
6.02502,0.398432
6.03484,0.39892
6.04467,0.399409
6.05451,0.399897
6.06436,0.400385
6.07422,0.400874
6.08408,0.401362
6.09395,0.40185
6.10384,0.402338
6.11372,0.402827
6.12362,0.403315
6.13352,0.403803
6.14344,0.404291
6.15336,0.404779
6.16329,0.405267
6.17322,0.405755
6.18317,0.406242
6.19312,0.40673
6.20308,0.407218
6.21305,0.407706
6.22302,0.408193
6.23301,0.408681
6.243,0.409169
6.253,0.409656
6.26301,0.410144
6.27303,0.410631
6.28305,0.411118
6.29308,0.411606
6.30312,0.412093
6.31317,0.41258
6.32323,0.413067
6.33329,0.413554
6.34336,0.414041
6.35345,0.414528
6.36353,0.415015
6.37363,0.415502
6.38373,0.415989
6.39385,0.416476
6.40397,0.416962
6.4141,0.417449
6.42423,0.417936
6.43438,0.418422
6.44453,0.418908
6.45469,0.419395
6.46486,0.419881
6.47503,0.420367
6.48522,0.420854
6.49541,0.42134
6.50561,0.421826
6.51582,0.422312
6.52604,0.422798
6.53626,0.423283
6.54649,0.423769
6.55673,0.424255
6.56698,0.424741
6.57724,0.425226
6.5875,0.425712
6.59778,0.426197
6.60806,0.426682
6.61835,0.427168
6.62864,0.427653
6.63895,0.428138
6.64926,0.428623
6.65958,0.429108
6.66991,0.429593
6.68024,0.430078
6.69059,0.430562
6.70094,0.431047
6.7113,0.431532
6.72167,0.432016
6.73205,0.432501
6.74243,0.432985
6.75282,0.433469
6.76322,0.433953
6.77363,0.434437
6.78405,0.434921
6.79447,0.435405
6.80491,0.435889
6.81535,0.436373
6.8258,0.436857
6.83625,0.43734
6.84672,0.437824
6.85719,0.438307
6.86767,0.43879
6.87816,0.439274
6.88866,0.439757
6.89916,0.44024
6.90967,0.440723
6.92019,0.441206
6.93072,0.441688
6.94126,0.442171
6.9518,0.442654
6.96236,0.443136
6.97292,0.443618
6.98349,0.444101
6.99406,0.444583
7.00465,0.445065
7.01524,0.445547
7.02584,0.446029
7.03645,0.446511
7.04707,0.446992
7.05769,0.447474
7.06832,0.447956
7.07896,0.448437
7.08961,0.448918
7.10027,0.449399
7.11093,0.449881
7.12161,0.450362
7.13229,0.450842
7.14298,0.451323
7.15367,0.451804
7.16438,0.452285
7.17509,0.452765
7.18581,0.453245
7.19654,0.453726
7.20728,0.454206
7.21802,0.454686
7.22877,0.455166
7.23953,0.455646
7.2503,0.456125
7.26108,0.456605
7.27186,0.457084
7.28266,0.457564
7.29346,0.458043
7.30427,0.458522
7.31508,0.459001
7.32591,0.45948
7.33674,0.459959
7.34758,0.460438
7.35843,0.460916
7.36929,0.461395
7.38015,0.461873
7.39102,0.462351
7.4019,0.462829
7.41279,0.463307
7.42369,0.463785
7.43459,0.464263
7.44551,0.464741
7.45643,0.465218
7.46736,0.465696
7.47829,0.466173
7.48924,0.46665
7.50019,0.467127
7.51115,0.467604
7.52212,0.468081
7.5331,0.468557
7.54408,0.469034
7.55508,0.46951
7.56608,0.469986
7.57708,0.470463
7.5881,0.470939
7.59913,0.471414
7.61016,0.47189
7.6212,0.472366
7.63225,0.472841
7.64331,0.473317
7.65437,0.473792
7.66544,0.474267
7.67652,0.474742
7.68761,0.475217
7.69871,0.475691
7.70981,0.476166
7.72093,0.47664
7.73205,0.477115
7.74318,0.477589
7.75431,0.478063
7.76546,0.478537
7.77661,0.479011
7.78777,0.479484
7.79894,0.479958
7.81012,0.480431
7.8213,0.480904
7.8325,0.481377
7.8437,0.48185
7.85491,0.482323
7.86612,0.482796
7.87735,0.483268
7.88858,0.48374
7.89982,0.484213
7.91107,0.484685
7.92233,0.485156
7.93359,0.485628
7.94487,0.4861
7.95615,0.486571
7.96743,0.487043
7.97873,0.487514
7.99004,0.487985
8.00135,0.488456
8.01267,0.488926
8.024,0.489397
8.03534,0.489867
8.04668,0.490338
8.05803,0.490808
8.0694,0.491278
8.08076,0.491748
8.09214,0.492217
8.10353,0.492687
8.11492,0.493156
8.12632,0.493625
8.13773,0.494095
8.14915,0.494563
8.16057,0.495032
8.172,0.495501
8.18344,0.495969
8.19489,0.496437
8.20635,0.496906
8.21782,0.497374
8.22929,0.497841
8.24077,0.498309
8.25226,0.498776
8.26376,0.499244
8.27526,0.499711
8.28677,0.500178
8.29829,0.500645
8.30982,0.501111
8.32136,0.501578
8.33291,0.502044
8.34446,0.502511
8.35602,0.502977
8.36759,0.503442
8.37917,0.503908
8.39075,0.504374
8.40234,0.504839
8.41395,0.505304
8.42555,0.505769
8.43717,0.506234
8.4488,0.506699
8.46043,0.507163
8.47207,0.507628
8.48372,0.508092
8.49538,0.508556
8.50704,0.50902
8.51871,0.509483
8.5304,0.509947
8.54208,0.51041
8.55378,0.510873
8.56549,0.511336
8.5772,0.511799
8.58892,0.512262
8.60065,0.512724
8.61239,0.513186
8.62413,0.513649
8.63589,0.514111
8.64765,0.514572
8.65942,0.515034
8.67119,0.515495
8.68298,0.515956
8.69477,0.516418
8.70657,0.516878
8.71838,0.517339
8.7302,0.5178
8.74202,0.51826
8.75386,0.51872
8.7657,0.51918
8.77755,0.51964
8.7894,0.520099
8.80127,0.520559
8.81314,0.521018
8.82502,0.521477
8.83691,0.521936
8.84881,0.522395
8.86072,0.522853
8.87263,0.523311
8.88455,0.52377
8.89648,0.524227
8.90842,0.524685
8.92036,0.525143
8.93231,0.5256
8.94428,0.526057
8.95624,0.526514
8.96822,0.526971
8.98021,0.527428
8.9922,0.527884
9.0042,0.52834
9.01621,0.528796
9.02823,0.529252
9.04025,0.529708
9.05229,0.530163
9.06433,0.530619
9.07638,0.531074
9.08843,0.531529
9.1005,0.531983
9.11257,0.532438
9.12465,0.532892
9.13674,0.533346
9.14884,0.5338
9.16095,0.534254
9.17306,0.534707
9.18518,0.535161
9.19731,0.535614
9.20945,0.536067
9.22159,0.536519
9.23374,0.536972
9.24591,0.537424
9.25808,0.537876
9.27025,0.538328
9.28244,0.53878
9.29463,0.539232
9.30683,0.539683
9.31904,0.540134
9.33126,0.540585
9.34348,0.541036
9.35572,0.541486
9.36796,0.541937
9.38021,0.542387
9.39247,0.542837
9.40473,0.543286
9.417,0.543736
9.42929,0.544185
9.44157,0.544634
9.45387,0.545083
9.46618,0.545532
9.47849,0.54598
9.49081,0.546428
9.50314,0.546876
9.51548,0.547324
9.52782,0.547772
9.54018,0.548219
9.55254,0.548666
9.56491,0.549113
9.57729,0.54956
9.58967,0.550007
9.60206,0.550453
9.61447,0.550899
9.62687,0.551345
9.63929,0.551791
9.65172,0.552236
9.66415,0.552682
9.67659,0.553127
9.68904,0.553572
9.7015,0.554016
9.71396,0.554461
9.72644,0.554905
9.73892,0.555349
9.75141,0.555793
9.76391,0.556236
9.77641,0.55668
9.78892,0.557123
9.80145,0.557566
9.81398,0.558008
9.82651,0.558451
9.83906,0.558893
9.85161,0.559335
9.86417,0.559777
9.87674,0.560219
9.88932,0.56066
9.90191,0.561101
9.9145,0.561542
9.9271,0.561983
9.93971,0.562423
9.95233,0.562863
9.96495,0.563303
9.97759,0.563743
9.99023,0.564183
10.0029,0.564622
10.0155,0.565061
10.0282,0.5655
10.0409,0.565939
10.0536,0.566377
10.0662,0.566816
10.0789,0.567254
10.0916,0.567692
10.1044,0.568129
10.1171,0.568566
10.1298,0.569004
10.1425,0.56944
10.1553,0.569877
10.168,0.570313
10.1808,0.57075
10.1936,0.571186
10.2064,0.571621
10.2191,0.572057
10.2319,0.572492
10.2447,0.572927
10.2575,0.573362
10.2704,0.573796
10.2832,0.574231
10.296,0.574665
10.3089,0.575099
10.3217,0.575532
10.3346,0.575966
10.3474,0.576399
10.3603,0.576832
10.3732,0.577265
10.3861,0.577697
10.399,0.578129
10.4119,0.578561
10.4248,0.578993
10.4377,0.579425
10.4507,0.579856
10.4636,0.580287
10.4765,0.580718
10.4895,0.581148
10.5024,0.581579
10.5154,0.582009
10.5284,0.582439
10.5414,0.582868
10.5544,0.583298
10.5674,0.583727
10.5804,0.584156
10.5934,0.584584
10.6064,0.585013
10.6195,0.585441
10.6325,0.585869
10.6456,0.586296
10.6586,0.586724
10.6717,0.587151
10.6848,0.587578
10.6978,0.588005
10.7109,0.588431
10.724,0.588857
10.7371,0.589283
10.7502,0.589709
10.7634,0.590135
10.7765,0.59056
10.7896,0.590985
10.8028,0.59141
10.8159,0.591834
10.8291,0.592258
10.8423,0.592682
10.8554,0.593106
10.8686,0.59353
10.8818,0.593953
10.895,0.594376
10.9082,0.594799
10.9214,0.595221
10.9347,0.595643
10.9479,0.596065
10.9611,0.596487
10.9744,0.596909
10.9877,0.59733
11.0009,0.597751
11.0142,0.598172
11.0275,0.598592
11.0408,0.599013
11.0541,0.599433
11.0674,0.599852
11.0807,0.600272
11.094,0.600691
11.1073,0.60111
11.1207,0.601529
11.134,0.601947
11.1474,0.602366
11.1607,0.602784
11.1741,0.603201
11.1875,0.603619
11.2009,0.604036
11.2143,0.604453
11.2277,0.60487
11.2411,0.605286
11.2545,0.605702
11.2679,0.606118
11.2813,0.606534
11.2948,0.606949
11.3082,0.607365
11.3217,0.607779
11.3352,0.608194
11.3486,0.608609
11.3621,0.609023
11.3756,0.609437
11.3891,0.60985
11.4026,0.610264
11.4161,0.610677
11.4296,0.611089
11.4432,0.611502
11.4567,0.611914
11.4703,0.612326
11.4838,0.612738
11.4974,0.61315
11.5109,0.613561
11.5245,0.613972
11.5381,0.614383
11.5517,0.614793
11.5653,0.615203
11.5789,0.615613
11.5925,0.616023
11.6062,0.616432
11.6198,0.616842
11.6334,0.617251
11.6471,0.617659
11.6607,0.618068
11.6744,0.618476
11.6881,0.618883
11.7018,0.619291
11.7155,0.619698
11.7292,0.620105
11.7429,0.620512
11.7566,0.620919
11.7703,0.621325
11.784,0.621731
11.7978,0.622137
11.8115,0.622542
11.8253,0.622947
11.839,0.623352
11.8528,0.623757
11.8666,0.624161
11.8804,0.624565
11.8942,0.624969
11.908,0.625372
11.9218,0.625776
11.9356,0.626179
11.9494,0.626582
11.9632,0.626984
11.9771,0.627386
11.9909,0.627788
12.0048,0.62819
12.0187,0.628591
12.0325,0.628992
12.0464,0.629393
12.0603,0.629794
12.0742,0.630194
12.0881,0.630594
12.102,0.630994
12.1159,0.631393
12.1299,0.631792
12.1438,0.632191
12.1578,0.63259
12.1717,0.632988
12.1857,0.633387
12.1996,0.633784
12.2136,0.634182
12.2276,0.634579
12.2416,0.634976
12.2556,0.635373
12.2696,0.635769
12.2836,0.636166
12.2977,0.636562
12.3117,0.636957
12.3257,0.637353
12.3398,0.637748
12.3538,0.638142
12.3679,0.638537
12.382,0.638931
12.3961,0.639325
12.4102,0.639719
12.4242,0.640112
12.4384,0.640505
12.4525,0.640898
12.4666,0.641291
12.4807,0.641683
12.4949,0.642075
12.509,0.642467
12.5232,0.642858
12.5373,0.64325
12.5515,0.64364
12.5657,0.644031
12.5799,0.644421
12.5941,0.644811
12.6083,0.645201
12.6225,0.645591
12.6367,0.64598
12.6509,0.646369
12.6651,0.646758
12.6794,0.647146
12.6936,0.647534
12.7079,0.647922
12.7222,0.648309
12.7364,0.648697
12.7507,0.649084
12.765,0.64947
12.7793,0.649857
12.7936,0.650243
12.8079,0.650629
12.8222,0.651014
12.8366,0.651399
12.8509,0.651784
12.8653,0.652169
12.8796,0.652553
12.894,0.652938
12.9083,0.653321
12.9227,0.653705
12.9371,0.654088
12.9515,0.654471
12.9659,0.654854
12.9803,0.655236
12.9947,0.655618
13.0092,0.656
13.0236,0.656382
13.038,0.656763
13.0525,0.657144
13.0669,0.657525
13.0814,0.657905
13.0959,0.658285
13.1104,0.658665
13.1249,0.659045
13.1394,0.659424
13.1539,0.659803
13.1684,0.660182
13.1829,0.66056
13.1974,0.660938
13.212,0.661316
13.2265,0.661693
13.2411,0.662071
13.2556,0.662448
13.2702,0.662824
13.2848,0.663201
13.2994,0.663577
13.314,0.663952
13.3286,0.664328
13.3432,0.664703
13.3578,0.665078
13.3724,0.665453
13.387,0.665827
13.4017,0.666201
13.4163,0.666575
13.431,0.666948
13.4457,0.667321
13.4603,0.667694
13.475,0.668067
13.4897,0.668439
13.5044,0.668811
13.5191,0.669183
13.5338,0.669554
13.5486,0.669925
13.5633,0.670296
13.578,0.670667
13.5928,0.671037
13.6075,0.671407
13.6223,0.671777
13.6371,0.672146
13.6518,0.672515
13.6666,0.672884
13.6814,0.673252
13.6962,0.673621
13.711,0.673989
13.7258,0.674356
13.7407,0.674723
13.7555,0.67509
13.7703,0.675457
13.7852,0.675824
13.8001,0.67619
13.8149,0.676556
13.8298,0.676921
13.8447,0.677286
13.8596,0.677651
13.8745,0.678016
13.8894,0.67838
13.9043,0.678744
13.9192,0.679108
13.9341,0.679472
13.9491,0.679835
13.964,0.680198
13.979,0.68056
13.9939,0.680923
14.0089,0.681285
14.0239,0.681646
14.0389,0.682008
14.0539,0.682369
14.0689,0.68273
14.0839,0.68309
14.0989,0.68345
14.1139,0.68381
14.129,0.68417
14.144,0.684529
14.1591,0.684888
14.1741,0.685247
14.1892,0.685605
14.2043,0.685964
14.2193,0.686321
14.2344,0.686679
14.2495,0.687036
14.2646,0.687393
14.2798,0.68775
14.2949,0.688106
14.31,0.688462
14.3251,0.688818
14.3403,0.689173
14.3554,0.689529
14.3706,0.689883
14.3858,0.690238
14.401,0.690592
14.4161,0.690946
14.4313,0.6913
14.4465,0.691653
14.4617,0.692006
14.477,0.692359
14.4922,0.692711
14.5074,0.693064
14.5227,0.693415
14.5379,0.693767
14.5532,0.694118
14.5684,0.694469
14.5837,0.69482
14.599,0.69517
14.6143,0.69552
14.6296,0.69587
14.6449,0.696219
14.6602,0.696569
14.6755,0.696917
14.6909,0.697266
14.7062,0.697614
14.7216,0.697962
14.7369,0.69831
14.7523,0.698657
14.7676,0.699004
14.783,0.699351
14.7984,0.699697
14.8138,0.700043
14.8292,0.700389
14.8446,0.700735
14.86,0.70108
14.8755,0.701425
14.8909,0.70177
14.9063,0.702114
14.9218,0.702458
14.9372,0.702802
14.9527,0.703145
14.9682,0.703488
14.9837,0.703831
14.9992,0.704173
15.0147,0.704516
15.0302,0.704858
15.0457,0.705199
15.0612,0.70554
15.0767,0.705881
15.0923,0.706222
15.1078,0.706562
15.1234,0.706903
15.1389,0.707242
15.1545,0.707582
15.1701,0.707921
15.1857,0.70826
15.2013,0.708598
15.2169,0.708937
15.2325,0.709275
15.2481,0.709612
15.2637,0.70995
15.2794,0.710287
15.295,0.710623
15.3106,0.71096
15.3263,0.711296
15.342,0.711632
15.3576,0.711967
15.3733,0.712302
15.389,0.712637
15.4047,0.712972
15.4204,0.713306
15.4361,0.71364
15.4519,0.713974
15.4676,0.714307
15.4833,0.71464
15.4991,0.714973
15.5148,0.715306
15.5306,0.715638
15.5464,0.71597
15.5621,0.716301
15.5779,0.716633
15.5937,0.716963
15.6095,0.717294
15.6253,0.717624
15.6412,0.717954
15.657,0.718284
15.6728,0.718614
15.6887,0.718943
15.7045,0.719272
15.7204,0.7196
15.7362,0.719928
15.7521,0.720256
15.768,0.720584
15.7839,0.720911
15.7998,0.721238
15.8157,0.721565
15.8316,0.721891
15.8475,0.722217
15.8635,0.722543
15.8794,0.722868
15.8954,0.723194
15.9113,0.723518
15.9273,0.723843
15.9432,0.724167
15.9592,0.724491
15.9752,0.724815
15.9912,0.725138
16.0072,0.725461
16.0232,0.725784
16.0392,0.726106
16.0553,0.726428
16.0713,0.72675
16.0873,0.727071
16.1034,0.727393
16.1194,0.727713
16.1355,0.728034
16.1516,0.728354
16.1677,0.728674
16.1838,0.728994
16.1999,0.729313
16.216,0.729632
16.2321,0.729951
16.2482,0.730269
16.2643,0.730587
16.2805,0.730905
16.2966,0.731223
16.3128,0.73154
16.3289,0.731857
16.3451,0.732173
16.3613,0.73249
16.3775,0.732806
16.3937,0.733121
16.4099,0.733437
16.4261,0.733752
16.4423,0.734066
16.4585,0.734381
16.4748,0.734695
16.491,0.735009
16.5073,0.735322
16.5235,0.735636
16.5398,0.735949
16.5561,0.736261
16.5723,0.736573
16.5886,0.736885
16.6049,0.737197
16.6212,0.737508
16.6376,0.73782
16.6539,0.73813
16.6702,0.738441
16.6865,0.738751
16.7029,0.739061
16.7192,0.73937
16.7356,0.739679
16.752,0.739988
16.7684,0.740297
16.7847,0.740605
16.8011,0.740913
16.8175,0.741221
16.834,0.741528
16.8504,0.741835
16.8668,0.742142
16.8832,0.742449
16.8997,0.742755
16.9161,0.743061
16.9326,0.743366
16.9491,0.743672
16.9655,0.743976
16.982,0.744281
16.9985,0.744585
17.015,0.744889
17.0315,0.745193
17.048,0.745497
17.0646,0.7458
17.0811,0.746103
17.0976,0.746405
17.1142,0.746707
17.1307,0.747009
17.1473,0.747311
17.1639,0.747612
17.1804,0.747913
17.197,0.748214
17.2136,0.748514
17.2302,0.748814
17.2468,0.749114
17.2635,0.749413
17.2801,0.749712
17.2967,0.750011
17.3134,0.75031
17.33,0.750608
17.3467,0.750906
17.3633,0.751203
17.38,0.751501
17.3967,0.751798
17.4134,0.752094
17.4301,0.752391
17.4468,0.752687
17.4635,0.752982
17.4802,0.753278
17.497,0.753573
17.5137,0.753868
17.5304,0.754162
17.5472,0.754457
17.564,0.754751
17.5807,0.755044
17.5975,0.755338
17.6143,0.755631
17.6311,0.755923
17.6479,0.756216
17.6647,0.756508
17.6815,0.7568
17.6984,0.757091
17.7152,0.757382
17.732,0.757673
17.7489,0.757964
17.7657,0.758254
17.7826,0.758544
17.7995,0.758834
17.8164,0.759123
17.8333,0.759412
17.8502,0.759701
17.8671,0.759989
17.884,0.760277
17.9009,0.760565
17.9178,0.760853
17.9348,0.76114
17.9517,0.761427
17.9687,0.761714
17.9856,0.762
18.0026,0.762286
18.0196,0.762572
18.0366,0.762857
18.0536,0.763142
18.0706,0.763427
18.0876,0.763711
18.1046,0.763996
18.1216,0.764279
18.1387,0.764563
18.1557,0.764846
18.1728,0.765129
18.1898,0.765412
18.2069,0.765694
18.224,0.765976
18.241,0.766258
18.2581,0.76654
18.2752,0.766821
18.2923,0.767102
18.3095,0.767382
18.3266,0.767662
18.3437,0.767942
18.3609,0.768222
18.378,0.768501
18.3952,0.76878
18.4123,0.769059
18.4295,0.769337
18.4467,0.769616
18.4639,0.769893
18.4811,0.770171
18.4983,0.770448
18.5155,0.770725
18.5327,0.771002
18.5499,0.771278
18.5672,0.771554
18.5844,0.77183
18.6016,0.772105
18.6189,0.77238
18.6362,0.772655
18.6534,0.77293
18.6707,0.773204
18.688,0.773478
18.7053,0.773751
18.7226,0.774024
18.7399,0.774297
18.7573,0.77457
18.7746,0.774843
18.7919,0.775115
18.8093,0.775386
18.8266,0.775658
18.844,0.775929
18.8614,0.7762
18.8788,0.776471
18.8961,0.776741
18.9135,0.777011
18.9309,0.777281
18.9484,0.77755
18.9658,0.777819
18.9832,0.778088
19.0006,0.778356
19.0181,0.778624
19.0355,0.778892
19.053,0.77916
19.0705,0.779427
19.0879,0.779694
19.1054,0.779961
19.1229,0.780227
19.1404,0.780493
19.1579,0.780759
19.1754,0.781025
19.193,0.78129
19.2105,0.781555
19.228,0.781819
19.2456,0.782084
19.2631,0.782348
19.2807,0.782611
19.2983,0.782875
19.3158,0.783138
19.3334,0.783401
19.351,0.783663
19.3686,0.783925
19.3862,0.784187
19.4039,0.784449
19.4215,0.78471
19.4391,0.784971
19.4568,0.785232
19.4744,0.785492
19.4921,0.785752
19.5097,0.786012
19.5274,0.786272
19.5451,0.786531
19.5628,0.78679
19.5805,0.787048
19.5982,0.787307
19.6159,0.787565
19.6336,0.787823
19.6514,0.78808
19.6691,0.788337
19.6869,0.788594
19.7046,0.788851
19.7224,0.789107
19.7401,0.789363
19.7579,0.789618
19.7757,0.789874
19.7935,0.790129
19.8113,0.790384
19.8291,0.790638
19.8469,0.790892
19.8648,0.791146
19.8826,0.7914
19.9005,0.791653
19.9183,0.791906
19.9362,0.792159
19.954,0.792411
19.9719,0.792663
19.9898,0.792915
20.0077,0.793167
20.0256,0.793418
20.0435,0.793669
20.0614,0.793919
20.0793,0.79417
20.0973,0.79442
20.1152,0.79467
20.1331,0.794919
20.1511,0.795168
20.1691,0.795417
20.187,0.795666
20.205,0.795914
20.223,0.796162
20.241,0.79641
20.259,0.796657
20.277,0.796904
20.295,0.797151
20.3131,0.797398
20.3311,0.797644
20.3491,0.79789
20.3672,0.798136
20.3853,0.798381
20.4033,0.798626
20.4214,0.798871
20.4395,0.799115
20.4576,0.79936
20.4757,0.799603
20.4938,0.799847
20.5119,0.80009
20.53,0.800333
20.5481,0.800576
20.5663,0.800819
20.5844,0.801061
20.6026,0.801303
20.6208,0.801544
20.6389,0.801786
20.6571,0.802027
20.6753,0.802267
20.6935,0.802508
20.7117,0.802748
20.7299,0.802988
20.7481,0.803227
20.7664,0.803467
20.7846,0.803706
20.8028,0.803944
20.8211,0.804183
20.8393,0.804421
20.8576,0.804659
20.8759,0.804896
20.8942,0.805133
20.9125,0.80537
20.9308,0.805607
20.9491,0.805843
20.9674,0.80608
20.9857,0.806315
21.004,0.806551
21.0224,0.806786
21.0407,0.807021
21.0591,0.807256
21.0774,0.80749
21.0958,0.807724
21.1142,0.807958
21.1326,0.808191
21.151,0.808425
21.1694,0.808658
21.1878,0.80889
21.2062,0.809123
21.2246,0.809355
21.2431,0.809586
21.2615,0.809818
21.28,0.810049
21.2984,0.81028
21.3169,0.810511
21.3354,0.810741
21.3539,0.810971
21.3724,0.811201
21.3909,0.811431
21.4094,0.81166
21.4279,0.811889
21.4464,0.812117
21.4649,0.812346
21.4835,0.812574
21.502,0.812802
21.5206,0.813029
21.5391,0.813256
21.5577,0.813483
21.5763,0.81371
21.5949,0.813936
21.6135,0.814163
21.6321,0.814388
21.6507,0.814614
21.6693,0.814839
21.6879,0.815064
21.7066,0.815289
21.7252,0.815513
21.7439,0.815737
21.7625,0.815961
21.7812,0.816185
21.7999,0.816408
21.8186,0.816631
21.8373,0.816854
21.856,0.817076
21.8747,0.817298
21.8934,0.81752
21.9121,0.817742
21.9308,0.817963
21.9496,0.818184
21.9683,0.818405
21.9871,0.818625
22.0058,0.818846
22.0246,0.819066
22.0434,0.819285
22.0622,0.819505
22.081,0.819724
22.0998,0.819942
22.1186,0.820161
22.1374,0.820379
22.1562,0.820597
22.1751,0.820815
22.1939,0.821032
22.2128,0.821249
22.2316,0.821466
22.2505,0.821683
22.2694,0.821899
22.2883,0.822115
22.3072,0.822331
22.3261,0.822546
22.345,0.822761
22.3639,0.822976
22.3828,0.823191
22.4017,0.823405
22.4207,0.823619
22.4396,0.823833
22.4586,0.824047
22.4775,0.82426
22.4965,0.824473
22.5155,0.824686
22.5345,0.824898
22.5535,0.82511
22.5725,0.825322
22.5915,0.825534
22.6105,0.825745
22.6295,0.825956
22.6486,0.826167
22.6676,0.826377
22.6867,0.826588
22.7057,0.826798
22.7248,0.827007
22.7439,0.827217
22.763,0.827426
22.7821,0.827635
22.8012,0.827843
22.8203,0.828052
22.8394,0.82826
22.8585,0.828467
22.8776,0.828675
22.8968,0.828882
22.9159,0.829089
22.9351,0.829296
22.9542,0.829502
22.9734,0.829708
22.9926,0.829914
23.0118,0.83012
23.031,0.830325
23.0502,0.83053
23.0694,0.830735
23.0886,0.83094
23.1078,0.831144
23.1271,0.831348
23.1463,0.831552
23.1656,0.831755
23.1848,0.831958
23.2041,0.832161
23.2234,0.832364
23.2427,0.832566
23.262,0.832768
23.2813,0.83297
23.3006,0.833171
23.3199,0.833373
23.3392,0.833574
23.3585,0.833775
23.3779,0.833975
23.3972,0.834175
23.4166,0.834375
23.4359,0.834575
23.4553,0.834774
23.4747,0.834973
23.4941,0.835172
23.5135,0.835371
23.5329,0.835569
23.5523,0.835767
23.5717,0.835965
23.5911,0.836163
23.6106,0.83636
23.63,0.836557
23.6495,0.836754
23.6689,0.83695
23.6884,0.837146
23.7079,0.837342
23.7274,0.837538
23.7469,0.837734
23.7664,0.837929
23.7859,0.838124
23.8054,0.838318
23.8249,0.838513
23.8444,0.838707
23.864,0.838901
23.8835,0.839094
23.9031,0.839287
23.9226,0.839481
23.9422,0.839673
23.9618,0.839866
23.9814,0.840058
24.001,0.84025
24.0206,0.840442
24.0402,0.840633
24.0598,0.840825
24.0794,0.841016
24.0991,0.841206
24.1187,0.841397
24.1384,0.841587
24.158,0.841777
24.1777,0.841966
24.1974,0.842156
24.2171,0.842345
24.2368,0.842534
24.2565,0.842723
24.2762,0.842911
24.2959,0.843099
24.3156,0.843287
24.3353,0.843474
24.3551,0.843662
24.3748,0.843849
24.3946,0.844036
24.4144,0.844222
24.4341,0.844408
24.4539,0.844595
24.4737,0.84478
24.4935,0.844966
24.5133,0.845151
24.5331,0.845336
24.5529,0.845521
24.5728,0.845705
24.5926,0.84589
24.6124,0.846074
24.6323,0.846257
24.6521,0.846441
24.672,0.846624
24.6919,0.846807
24.7118,0.84699
24.7317,0.847172
24.7516,0.847354
24.7715,0.847536
24.7914,0.847718
24.8113,0.847899
24.8313,0.848081
24.8512,0.848261
24.8711,0.848442
24.8911,0.848623
24.9111,0.848803
24.931,0.848983
24.951,0.849162
24.971,0.849342
24.991,0.849521
25.011,0.8497
25.031,0.849878
25.051,0.850057
25.0711,0.850235
25.0911,0.850413
25.1111,0.85059
25.1312,0.850768
25.1513,0.850945
25.1713,0.851122
25.1914,0.851299
25.2115,0.851475
25.2316,0.851651
25.2517,0.851827
25.2718,0.852003
25.2919,0.852178
25.312,0.852353
25.3322,0.852528
25.3523,0.852703
25.3725,0.852877
25.3926,0.853051
25.4128,0.853225
25.4329,0.853399
25.4531,0.853572
25.4733,0.853745
25.4935,0.853918
25.5137,0.854091
25.5339,0.854263
25.5541,0.854436
25.5744,0.854607
25.5946,0.854779
25.6149,0.854951
25.6351,0.855122
25.6554,0.855293
25.6756,0.855463
25.6959,0.855634
25.7162,0.855804
25.7365,0.855974
25.7568,0.856144
25.7771,0.856313
25.7974,0.856482
25.8177,0.856651
25.8381,0.85682
25.8584,0.856989
25.8788,0.857157
25.8991,0.857325
25.9195,0.857493
25.9399,0.85766
25.9602,0.857827
25.9806,0.857994
26.001,0.858161
26.0214,0.858328
26.0418,0.858494
26.0623,0.85866
26.0827,0.858826
26.1031,0.858992
26.1236,0.859157
26.144,0.859322
26.1645,0.859487
26.185,0.859652
26.2054,0.859816
26.2259,0.85998
26.2464,0.860144
26.2669,0.860308
26.2874,0.860471
26.3079,0.860634
26.3285,0.860797
26.349,0.86096
26.3695,0.861122
26.3901,0.861285
26.4106,0.861447
26.4312,0.861608
26.4518,0.86177
26.4724,0.861931
26.4929,0.862092
26.5135,0.862253
26.5341,0.862414
26.5548,0.862574
26.5754,0.862734
26.596,0.862894
26.6166,0.863053
26.6373,0.863213
26.6579,0.863372
26.6786,0.863531
26.6993,0.86369
26.7199,0.863848
26.7406,0.864006
26.7613,0.864164
26.782,0.864322
26.8027,0.864479
26.8234,0.864637
26.8442,0.864794
26.8649,0.86495
26.8856,0.865107
26.9064,0.865263
26.9272,0.86542
26.9479,0.865575
26.9687,0.865731
26.9895,0.865886
27.0103,0.866042
27.0311,0.866197
27.0519,0.866351
27.0727,0.866506
27.0935,0.86666
27.1143,0.866814
27.1352,0.866968
27.156,0.867121
27.1769,0.867275
27.1977,0.867428
27.2186,0.867581
27.2395,0.867733
27.2603,0.867886
27.2812,0.868038
27.3021,0.86819
27.323,0.868342
27.344,0.868493
27.3649,0.868644
27.3858,0.868795
27.4068,0.868946
27.4277,0.869097
27.4487,0.869247
27.4696,0.869397
27.4906,0.869547
27.5116,0.869697
27.5326,0.869846
27.5536,0.869995
27.5746,0.870144
27.5956,0.870293
27.6166,0.870442
27.6376,0.87059
27.6587,0.870738
27.6797,0.870886
27.7008,0.871034
27.7218,0.871181
27.7429,0.871328
27.764,0.871475
27.7851,0.871622
27.8062,0.871768
27.8273,0.871915
27.8484,0.872061
27.8695,0.872207
27.8906,0.872352
27.9117,0.872498
27.9329,0.872643
27.954,0.872788
27.9752,0.872932
27.9964,0.873077
28.0175,0.873221
28.0387,0.873365
28.0599,0.873509
28.0811,0.873653
28.1023,0.873796
28.1235,0.873939
28.1447,0.874082
28.166,0.874225
28.1872,0.874368
28.2084,0.87451
28.2297,0.874652
28.251,0.874794
28.2722,0.874935
28.2935,0.875077
28.3148,0.875218
28.3361,0.875359
28.3574,0.8755
28.3787,0.87564
28.4,0.875781
28.4213,0.875921
28.4427,0.876061
28.464,0.8762
28.4854,0.87634
28.5067,0.876479
28.5281,0.876618
28.5495,0.876757
28.5708,0.876895
28.5922,0.877034
28.6136,0.877172
28.635,0.87731
28.6564,0.877448
28.6779,0.877585
28.6993,0.877722
28.7207,0.87786
28.7422,0.877996
28.7636,0.878133
28.7851,0.87827
28.8066,0.878406
28.828,0.878542
28.8495,0.878678
28.871,0.878813
28.8925,0.878949
28.914,0.879084
28.9355,0.879219
28.9571,0.879353
28.9786,0.879488
29.0001,0.879622
29.0217,0.879756
29.0432,0.87989
29.0648,0.880024
29.0864,0.880157
29.108,0.880291
29.1295,0.880424
29.1511,0.880557
29.1727,0.880689
29.1944,0.880822
29.216,0.880954
29.2376,0.881086
29.2592,0.881218
29.2809,0.881349
29.3025,0.881481
29.3242,0.881612
29.3459,0.881743
29.3676,0.881873
29.3892,0.882004
29.4109,0.882134
29.4326,0.882264
29.4543,0.882394
29.4761,0.882524
29.4978,0.882654
29.5195,0.882783
29.5413,0.882912
29.563,0.883041
29.5848,0.88317
29.6065,0.883298
29.6283,0.883426
29.6501,0.883554
29.6719,0.883682
29.6937,0.88381
29.7155,0.883937
29.7373,0.884064
29.7591,0.884192
29.7809,0.884318
29.8028,0.884445
29.8246,0.884571
29.8465,0.884698
29.8683,0.884824
29.8902,0.884949
29.9121,0.885075
29.934,0.885201
29.9559,0.885326
29.9778,0.885451
29.9997,0.885576
30.0216,0.8857
30.0435,0.885825
30.0654,0.885949
30.0874,0.886073
30.1093,0.886197
30.1313,0.88632
30.1533,0.886444
30.1752,0.886567
30.1972,0.88669
30.2192,0.886813
30.2412,0.886935
30.2632,0.887058
30.2852,0.88718
30.3072,0.887302
30.3293,0.887424
30.3513,0.887545
30.3733,0.887667
30.3954,0.887788
30.4175,0.887909
30.4395,0.88803
30.4616,0.88815
30.4837,0.888271
30.5058,0.888391
30.5279,0.888511
30.55,0.888631
30.5721,0.88875
30.5942,0.88887
30.6164,0.888989
30.6385,0.889108
30.6607,0.889227
30.6828,0.889346
30.705,0.889464
30.7272,0.889582
30.7493,0.8897
30.7715,0.889818
30.7937,0.889936
30.8159,0.890054
30.8381,0.890171
30.8604,0.890288
30.8826,0.890405
30.9048,0.890522
30.9271,0.890638
30.9493,0.890754
30.9716,0.890871
30.9939,0.890987
31.0161,0.891102
31.0384,0.891218
31.0607,0.891333
31.083,0.891448
31.1053,0.891563
31.1276,0.891678
31.15,0.891793
31.1723,0.891907
31.1946,0.892022
31.217,0.892136
31.2394,0.892249
31.2617,0.892363
31.2841,0.892477
31.3065,0.89259
31.3289,0.892703
31.3513,0.892816
31.3737,0.892929
31.3961,0.893041
31.4185,0.893153
31.4409,0.893266
31.4634,0.893378
31.4858,0.893489
31.5083,0.893601
31.5307,0.893712
31.5532,0.893824
31.5757,0.893935
31.5982,0.894046
31.6207,0.894156
31.6432,0.894267
31.6657,0.894377
31.6882,0.894487
31.7107,0.894597
31.7332,0.894707
31.7558,0.894816
31.7783,0.894926
31.8009,0.895035
31.8235,0.895144
31.846,0.895253
31.8686,0.895361
31.8912,0.89547
31.9138,0.895578
31.9364,0.895686
31.959,0.895794
31.9816,0.895902
32.0043,0.896009
32.0269,0.896117
32.0496,0.896224
32.0722,0.896331
32.0949,0.896438
32.1175,0.896544
32.1402,0.896651
32.1629,0.896757
32.1856,0.896863
32.2083,0.896969
32.231,0.897075
32.2537,0.89718
32.2764,0.897286
32.2992,0.897391
32.3219,0.897496
32.3447,0.897601
32.3674,0.897705
32.3902,0.89781
32.413,0.897914
32.4357,0.898018
32.4585,0.898122
32.4813,0.898226
32.5041,0.89833
32.527,0.898433
32.5498,0.898536
32.5726,0.898639
32.5954,0.898742
32.6183,0.898845
32.6411,0.898947
32.664,0.89905
32.6869,0.899152
32.7097,0.899254
32.7326,0.899356
32.7555,0.899457
32.7784,0.899559
32.8013,0.89966
32.8243,0.899761
32.8472,0.899862
32.8701,0.899963
32.8931,0.900064
32.916,0.900164
32.939,0.900264
32.9619,0.900364
32.9849,0.900464
33.0079,0.900564
33.0309,0.900664
33.0539,0.900763
33.0769,0.900862
33.0999,0.900961
33.1229,0.90106
33.1459,0.901159
33.169,0.901257
33.192,0.901356
33.2151,0.901454
33.2381,0.901552
33.2612,0.90165
33.2843,0.901748
33.3074,0.901845
33.3305,0.901942
33.3536,0.90204
33.3767,0.902137
33.3998,0.902233
33.4229,0.90233
33.4461,0.902427
33.4692,0.902523
33.4923,0.902619
33.5155,0.902715
33.5387,0.902811
33.5618,0.902907
33.585,0.903002
33.6082,0.903097
33.6314,0.903193
33.6546,0.903288
33.6778,0.903382
33.7011,0.903477
33.7243,0.903572
33.7475,0.903666
33.7708,0.90376
33.794,0.903854
33.8173,0.903948
33.8406,0.904042
33.8638,0.904135
33.8871,0.904228
33.9104,0.904322
33.9337,0.904415
33.957,0.904507
33.9803,0.9046
34.0037,0.904693
34.027,0.904785
34.0503,0.904877
34.0737,0.904969
34.097,0.905061
34.1204,0.905153
34.1438,0.905244
34.1672,0.905336
34.1906,0.905427
34.214,0.905518
34.2374,0.905609
34.2608,0.9057
34.2842,0.90579
34.3076,0.905881
34.3311,0.905971
34.3545,0.906061
34.378,0.906151
34.4014,0.906241
34.4249,0.90633
34.4484,0.90642
34.4719,0.906509
34.4954,0.906598
34.5189,0.906687
34.5424,0.906776
34.5659,0.906865
34.5894,0.906953
34.6129,0.907041
34.6365,0.90713
34.66,0.907218
34.6836,0.907305
34.7072,0.907393
34.7307,0.907481
34.7543,0.907568
34.7779,0.907655
34.8015,0.907742
34.8251,0.907829
34.8487,0.907916
34.8723,0.908003
34.896,0.908089
34.9196,0.908176
34.9433,0.908262
34.9669,0.908348
34.9906,0.908434
35.0142,0.908519
35.0379,0.908605
35.0616,0.90869
35.0853,0.908775
35.109,0.90886
35.1327,0.908945
35.1564,0.90903
35.1802,0.909115
35.2039,0.909199
35.2276,0.909283
35.2514,0.909368
35.2751,0.909452
35.2989,0.909535
35.3227,0.909619
35.3465,0.909703
35.3703,0.909786
35.394,0.909869
35.4179,0.909952
35.4417,0.910035
35.4655,0.910118
35.4893,0.910201
35.5132,0.910283
35.537,0.910366
35.5609,0.910448
35.5847,0.91053
35.6086,0.910612
35.6325,0.910693
35.6564,0.910775
35.6802,0.910856
35.7042,0.910938
35.7281,0.911019
35.752,0.9111
35.7759,0.911181
35.7998,0.911261
35.8238,0.911342
35.8477,0.911422
35.8717,0.911503
35.8957,0.911583
35.9196,0.911663
35.9436,0.911743
35.9676,0.911822
35.9916,0.911902
36.0156,0.911981
36.0396,0.91206
36.0636,0.912139
36.0877,0.912218
36.1117,0.912297
36.1358,0.912376
36.1598,0.912454
36.1839,0.912533
36.2079,0.912611
36.232,0.912689
36.2561,0.912767
36.2802,0.912845
36.3043,0.912922
36.3284,0.913
36.3525,0.913077
36.3767,0.913154
36.4008,0.913232
36.4249,0.913308
36.4491,0.913385
36.4732,0.913462
36.4974,0.913538
36.5216,0.913615
36.5458,0.913691
36.57,0.913767
36.5941,0.913843
36.6184,0.913919
36.6426,0.913994
36.6668,0.91407
36.691,0.914145
36.7153,0.914221
36.7395,0.914296
36.7638,0.914371
36.788,0.914445
36.8123,0.91452
36.8366,0.914595
36.8609,0.914669
36.8852,0.914743
36.9095,0.914817
36.9338,0.914891
36.9581,0.914965
36.9824,0.915039
37.0067,0.915113
37.0311,0.915186
37.0554,0.915259
37.0798,0.915332
37.1042,0.915405
37.1285,0.915478
37.1529,0.915551
37.1773,0.915624
37.2017,0.915696
37.2261,0.915769
37.2505,0.915841
37.2749,0.915913
37.2994,0.915985
37.3238,0.916056
37.3483,0.916128
37.3727,0.9162
37.3972,0.916271
37.4216,0.916342
37.4461,0.916413
37.4706,0.916484
37.4951,0.916555
37.5196,0.916626
37.5441,0.916697
37.5686,0.916767
37.5932,0.916837
37.6177,0.916908
37.6422,0.916978
37.6668,0.917048
37.6913,0.917117
37.7159,0.917187
37.7405,0.917257
37.7651,0.917326
37.7897,0.917395
37.8143,0.917464
37.8389,0.917533
37.8635,0.917602
37.8881,0.917671
37.9127,0.917739
37.9374,0.917808
37.962,0.917876
37.9867,0.917945
38.0113,0.918013
38.036,0.918081
38.0607,0.918148
38.0854,0.918216
38.1101,0.918284
38.1348,0.918351
38.1595,0.918418
38.1842,0.918486
38.2089,0.918553
38.2337,0.91862
38.2584,0.918686
38.2831,0.918753
38.3079,0.91882
38.3327,0.918886
38.3574,0.918952
38.3822,0.919018
38.407,0.919085
38.4318,0.91915
38.4566,0.919216
38.4814,0.919282
38.5063,0.919347
38.5311,0.919413
38.5559,0.919478
38.5808,0.919543
38.6056,0.919608
38.6305,0.919673
38.6554,0.919738
38.6802,0.919803
38.7051,0.919867
38.73,0.919932
38.7549,0.919996
38.7798,0.92006
38.8047,0.920124
38.8297,0.920188
38.8546,0.920252
38.8796,0.920315
38.9045,0.920379
38.9295,0.920442
38.9544,0.920506
38.9794,0.920569
39.0044,0.920632
39.0294,0.920695
39.0544,0.920758
39.0794,0.92082
39.1044,0.920883
39.1294,0.920945
39.1544,0.921008
39.1795,0.92107
39.2045,0.921132
39.2296,0.921194
39.2546,0.921256
39.2797,0.921317
39.3048,0.921379
39.3299,0.92144
39.355,0.921502
39.3801,0.921563
39.4052,0.921624
39.4303,0.921685
39.4554,0.921746
39.4806,0.921807
39.5057,0.921867
39.5309,0.921928
39.556,0.921988
39.5812,0.922049
39.6064,0.922109
39.6315,0.922169
39.6567,0.922229
39.6819,0.922288
39.7071,0.922348
39.7324,0.922408
39.7576,0.922467
39.7828,0.922527
39.808,0.922586
39.8333,0.922645
39.8585,0.922704
39.8838,0.922763
39.9091,0.922822
39.9344,0.92288
39.9596,0.922939
39.9849,0.922997
40.0102,0.923055
40.0356,0.923114
40.0609,0.923172
40.0862,0.92323
40.1115,0.923288
40.1369,0.923345
40.1622,0.923403
40.1876,0.92346
40.213,0.923518
40.2383,0.923575
40.2637,0.923632
40.2891,0.923689
40.3145,0.923746
40.3399,0.923803
40.3653,0.92386
40.3907,0.923916
40.4162,0.923973
40.4416,0.924029
40.4671,0.924085
40.4925,0.924142
40.518,0.924198
40.5434,0.924254
40.5689,0.924309
40.5944,0.924365
40.6199,0.924421
40.6454,0.924476
40.6709,0.924532
40.6964,0.924587
40.722,0.924642
40.7475,0.924697
40.773,0.924752
40.7986,0.924807
40.8241,0.924862
40.8497,0.924916
40.8753,0.924971
40.9009,0.925025
40.9265,0.925079
40.9521,0.925133
40.9777,0.925188
41.0033,0.925241
41.0289,0.925295
41.0545,0.925349
41.0802,0.925403
41.1058,0.925456
41.1315,0.92551
41.1571,0.925563
41.1828,0.925616
41.2085,0.925669
41.2342,0.925722
41.2599,0.925775
41.2856,0.925828
41.3113,0.925881
41.337,0.925933
41.3627,0.925986
41.3885,0.926038
41.4142,0.92609
41.44,0.926142
41.4657,0.926194
41.4915,0.926246
41.5173,0.926298
41.543,0.92635
41.5688,0.926401
41.5946,0.926453
41.6204,0.926504
41.6463,0.926556
41.6721,0.926607
41.6979,0.926658
41.7237,0.926709
41.7496,0.92676
41.7754,0.926811
41.8013,0.926861
41.8272,0.926912
41.8531,0.926962
41.8789,0.927013
41.9048,0.927063
41.9307,0.927113
41.9567,0.927163
41.9826,0.927213
42.0085,0.927263
42.0344,0.927313
42.0604,0.927363
42.0863,0.927412
42.1123,0.927462
42.1383,0.927511
42.1642,0.92756
42.1902,0.927609
42.2162,0.927658
42.2422,0.927707
42.2682,0.927756
42.2942,0.927805
42.3202,0.927854
42.3463,0.927902
42.3723,0.927951
42.3984,0.927999
42.4244,0.928047
42.4505,0.928096
42.4765,0.928144
42.5026,0.928192
42.5287,0.928239
42.5548,0.928287
42.5809,0.928335
42.607,0.928382
42.6331,0.92843
42.6593,0.928477
42.6854,0.928525
42.7115,0.928572
42.7377,0.928619
42.7639,0.928666
42.79,0.928713
42.8162,0.92876
42.8424,0.928806
42.8686,0.928853
42.8948,0.928899
42.921,0.928946
42.9472,0.928992
42.9734,0.929038
42.9996,0.929084
43.0259,0.929131
43.0521,0.929176
43.0784,0.929222
43.1046,0.929268
43.1309,0.929314
43.1572,0.929359
43.1835,0.929405
43.2098,0.92945
43.2361,0.929495
43.2624,0.929541
43.2887,0.929586
43.315,0.929631
43.3414,0.929676
43.3677,0.92972
43.3941,0.929765
43.4204,0.92981
43.4468,0.929854
43.4732,0.929899
43.4996,0.929943
43.5259,0.929987
43.5523,0.930031
43.5787,0.930075
43.6052,0.930119
43.6316,0.930163
43.658,0.930207
43.6845,0.930251
43.7109,0.930294
43.7374,0.930338
43.7638,0.930381
43.7903,0.930425
43.8168,0.930468
43.8433,0.930511
43.8698,0.930554
43.8963,0.930597
43.9228,0.93064
43.9493,0.930683
43.9758,0.930726
44.0023,0.930768
44.0289,0.930811
44.0554,0.930853
44.082,0.930896
44.1086,0.930938
44.1351,0.93098
44.1617,0.931022
44.1883,0.931064
44.2149,0.931106
44.2415,0.931148
44.2681,0.93119
44.2948,0.931231
44.3214,0.931273
44.348,0.931314
44.3747,0.931356
44.4013,0.931397
44.428,0.931438
44.4547,0.931479
44.4813,0.93152
44.508,0.931561
44.5347,0.931602
44.5614,0.931643
44.5881,0.931683
44.6149,0.931724
44.6416,0.931765
44.6683,0.931805
44.6951,0.931845
44.7218,0.931886
44.7486,0.931926
44.7753,0.931966
44.8021,0.932006
44.8289,0.932046
44.8557,0.932086
44.8825,0.932125
44.9093,0.932165
44.9361,0.932205
44.9629,0.932244
44.9898,0.932284
45.0166,0.932323
45.0435,0.932362
45.0703,0.932401
45.0972,0.93244
45.124,0.932479
45.1509,0.932518
45.1778,0.932557
45.2047,0.932596
45.2316,0.932635
45.2585,0.932673
45.2854,0.932712
45.3124,0.93275
45.3393,0.932788
45.3662,0.932827
45.3932,0.932865
45.4202,0.932903
45.4471,0.932941
45.4741,0.932979
45.5011,0.933017
45.5281,0.933054
45.5551,0.933092
45.5821,0.93313
45.6091,0.933167
45.6361,0.933205
45.6632,0.933242
45.6902,0.933279
45.7172,0.933317
45.7443,0.933354
45.7714,0.933391
45.7984,0.933428
45.8255,0.933465
45.8526,0.933501
45.8797,0.933538
45.9068,0.933575
45.9339,0.933611
45.961,0.933648
45.9881,0.933684
46.0153,0.933721
46.0424,0.933757
46.0696,0.933793
46.0967,0.933829
46.1239,0.933865
46.1511,0.933901
46.1783,0.933937
46.2055,0.933973
46.2327,0.934008
46.2599,0.934044
46.2871,0.93408
46.3143,0.934115
46.3415,0.93415
46.3688,0.934186
46.396,0.934221
46.4233,0.934256
46.4505,0.934291
46.4778,0.934326
46.5051,0.934361
46.5324,0.934396
46.5597,0.934431
46.587,0.934466
46.6143,0.9345
46.6416,0.934535
46.6689,0.934569
46.6963,0.934604
46.7236,0.934638
46.751,0.934672
46.7783,0.934706
46.8057,0.934741
46.8331,0.934775
46.8604,0.934809
46.8878,0.934842
46.9152,0.934876
46.9426,0.93491
46.9701,0.934944
46.9975,0.934977
47.0249,0.935011
47.0524,0.935044
47.0798,0.935078
47.1073,0.935111
47.1347,0.935144
47.1622,0.935177
47.1897,0.93521
47.2172,0.935243
47.2447,0.935276
47.2722,0.935309
47.2997,0.935342
47.3272,0.935375
47.3547,0.935407
47.3823,0.93544
47.4098,0.935473
47.4373,0.935505
47.4649,0.935537
47.4925,0.93557
47.52,0.935602
47.5476,0.935634
47.5752,0.935666
47.6028,0.935698
47.6304,0.93573
47.658,0.935762
47.6857,0.935794
47.7133,0.935825
47.7409,0.935857
47.7686,0.935889
47.7962,0.93592
47.8239,0.935952
47.8516,0.935983
47.8793,0.936014
47.9069,0.936046
47.9346,0.936077
47.9623,0.936108
47.9901,0.936139
48.0178,0.93617
48.0455,0.936201
48.0732,0.936232
48.101,0.936262
48.1287,0.936293
48.1565,0.936324
48.1843,0.936354
48.212,0.936385
48.2398,0.936415
48.2676,0.936445
48.2954,0.936476
48.3232,0.936506
48.351,0.936536
48.3789,0.936566
48.4067,0.936596
48.4345,0.936626
48.4624,0.936656
48.4902,0.936686
48.5181,0.936716
48.546,0.936745
48.5738,0.936775
48.6017,0.936805
48.6296,0.936834
48.6575,0.936863
48.6854,0.936893
48.7134,0.936922
48.7413,0.936951
48.7692,0.93698
48.7972,0.93701
48.8251,0.937039
48.8531,0.937068
48.881,0.937096
48.909,0.937125
48.937,0.937154
48.965,0.937183
48.993,0.937211
49.021,0.93724
49.049,0.937268
49.077,0.937297
49.1051,0.937325
49.1331,0.937354
49.1612,0.937382
49.1892,0.93741
49.2173,0.937438
49.2454,0.937466
49.2734,0.937494
49.3015,0.937522
49.3296,0.93755
49.3577,0.937578
49.3858,0.937606
49.414,0.937633
49.4421,0.937661
49.4702,0.937689
49.4984,0.937716
49.5265,0.937743
49.5547,0.937771
49.5828,0.937798
49.611,0.937825
49.6392,0.937853
49.6674,0.93788
49.6956,0.937907
49.7238,0.937934
49.752,0.937961
49.7802,0.937988
49.8085,0.938014
49.8367,0.938041
49.865,0.938068
49.8932,0.938095
49.9215,0.938121
49.9497,0.938148
49.978,0.938174
50.0063,0.938201
50.0346,0.938227
50.0629,0.938253
50.0912,0.938279
50.1195,0.938306
50.1479,0.938332
50.1762,0.938358
50.2046,0.938384
50.2329,0.93841
50.2613,0.938435
50.2896,0.938461
50.318,0.938487
50.3464,0.938513
50.3748,0.938538
50.4032,0.938564
50.4316,0.938589
50.46,0.938615
50.4884,0.93864
50.5169,0.938666
50.5453,0.938691
50.5737,0.938716
50.6022,0.938741
50.6307,0.938766
50.6591,0.938791
50.6876,0.938816
50.7161,0.938841
50.7446,0.938866
50.7731,0.938891
50.8016,0.938916
50.8301,0.938941
50.8587,0.938965
50.8872,0.93899
50.9157,0.939014
50.9443,0.939039
50.9729,0.939063
51.0014,0.939088
51.03,0.939112
51.0586,0.939136
51.0872,0.93916
51.1158,0.939184
51.1444,0.939209
51.173,0.939233
51.2016,0.939257
51.2303,0.939281
51.2589,0.939304
51.2875,0.939328
51.3162,0.939352
51.3449,0.939376
51.3735,0.939399
51.4022,0.939423
51.4309,0.939446
51.4596,0.93947
51.4883,0.939493
51.517,0.939517
51.5457,0.93954
51.5745,0.939563
51.6032,0.939587
51.6319,0.93961
51.6607,0.939633
51.6895,0.939656
51.7182,0.939679
51.747,0.939702
51.7758,0.939725
51.8046,0.939748
51.8334,0.93977
51.8622,0.939793
51.891,0.939816
51.9198,0.939838
51.9487,0.939861
51.9775,0.939883
52.0063,0.939906
52.0352,0.939928
52.0641,0.939951
52.0929,0.939973
52.1218,0.939995
52.1507,0.940017
52.1796,0.94004
52.2085,0.940062
52.2374,0.940084
52.2663,0.940106
52.2953,0.940128
52.3242,0.94015
52.3531,0.940172
52.3821,0.940193
52.4111,0.940215
52.44,0.940237
52.469,0.940258
52.498,0.94028
52.527,0.940302
52.556,0.940323
52.585,0.940344
52.614,0.940366
52.643,0.940387
52.6721,0.940408
52.7011,0.94043
52.7301,0.940451
52.7592,0.940472
52.7883,0.940493
52.8173,0.940514
52.8464,0.940535
52.8755,0.940556
52.9046,0.940577
52.9337,0.940598
52.9628,0.940619
52.9919,0.940639
53.0211,0.94066
53.0502,0.940681
53.0793,0.940701
53.1085,0.940722
53.1377,0.940742
53.1668,0.940763
53.196,0.940783
53.2252,0.940804
53.2544,0.940824
53.2836,0.940844
53.3128,0.940864
53.342,0.940885
53.3712,0.940905
53.4005,0.940925
53.4297,0.940945
53.4589,0.940965
53.4882,0.940985
53.5175,0.941005
53.5467,0.941024
53.576,0.941044
53.6053,0.941064
53.6346,0.941084
53.6639,0.941103
53.6932,0.941123
53.7225,0.941143
53.7519,0.941162
53.7812,0.941181
53.8105,0.941201
53.8399,0.94122
53.8693,0.94124
53.8986,0.941259
53.928,0.941278
53.9574,0.941297
53.9868,0.941316
54.0162,0.941336
54.0456,0.941355
54.075,0.941374
54.1044,0.941393
54.1339,0.941411
54.1633,0.94143
54.1927,0.941449
54.2222,0.941468
54.2517,0.941487
54.2811,0.941505
54.3106,0.941524
54.3401,0.941543
54.3696,0.941561
54.3991,0.94158
54.4286,0.941598
54.4581,0.941617
54.4877,0.941635
54.5172,0.941653
54.5467,0.941672
54.5763,0.94169
54.6059,0.941708
54.6354,0.941726
54.665,0.941744
54.6946,0.941762
54.7242,0.94178
54.7538,0.941798
54.7834,0.941816
54.813,0.941834
54.8426,0.941852
54.8723,0.94187
54.9019,0.941888
54.9316,0.941905
54.9612,0.941923
54.9909,0.941941
55.0205,0.941958
55.0502,0.941976
55.0799,0.941993
55.1096,0.942011
55.1393,0.942028
55.169,0.942046
55.1987,0.942063
55.2285,0.94208
55.2582,0.942098
55.288,0.942115
55.3177,0.942132
55.3475,0.942149
55.3772,0.942166
55.407,0.942183
55.4368,0.9422
55.4666,0.942217
55.4964,0.942234
55.5262,0.942251
55.556,0.942268
55.5858,0.942285
55.6157,0.942301
55.6455,0.942318
55.6754,0.942335
55.7052,0.942351
55.7351,0.942368
55.765,0.942385
55.7948,0.942401
55.8247,0.942418
55.8546,0.942434
55.8845,0.942451
55.9144,0.942467
55.9444,0.942483
55.9743,0.942499
56.0042,0.942516
56.0342,0.942532
56.0641,0.942548
56.0941,0.942564
56.124,0.94258
56.154,0.942596
56.184,0.942612
56.214,0.942628
56.244,0.942644
56.274,0.94266
56.304,0.942676
56.334,0.942692
56.3641,0.942708
56.3941,0.942723
56.4242,0.942739
56.4542,0.942755
56.4843,0.94277
56.5144,0.942786
56.5444,0.942801
56.5745,0.942817
56.6046,0.942832
56.6347,0.942848
56.6648,0.942863
56.695,0.942879
56.7251,0.942894
56.7552,0.942909
56.7854,0.942924
56.8155,0.94294
56.8457,0.942955
56.8759,0.94297
56.906,0.942985
56.9362,0.943
56.9664,0.943015
56.9966,0.94303
57.0268,0.943045
57.057,0.94306
57.0873,0.943075
57.1175,0.94309
57.1477,0.943104
57.178,0.943119
57.2082,0.943134
57.2385,0.943149
57.2688,0.943163
57.2991,0.943178
57.3293,0.943192
57.3596,0.943207
57.3899,0.943222
57.4203,0.943236
57.4506,0.94325
57.4809,0.943265
57.5112,0.943279
57.5416,0.943294
57.5719,0.943308
57.6023,0.943322
57.6327,0.943336
57.663,0.94335
57.6934,0.943365
57.7238,0.943379
57.7542,0.943393
57.7846,0.943407
57.815,0.943421
57.8455,0.943435
57.8759,0.943449
57.9063,0.943463
57.9368,0.943477
57.9673,0.94349
57.9977,0.943504
58.0282,0.943518
58.0587,0.943532
58.0892,0.943545
58.1197,0.943559
58.1502,0.943573
58.1807,0.943586
58.2112,0.9436
58.2417,0.943613
58.2723,0.943627
58.3028,0.94364
58.3334,0.943654
58.3639,0.943667
58.3945,0.943681
58.4251,0.943694
58.4556,0.943707
58.4862,0.94372
58.5168,0.943734
58.5474,0.943747
58.5781,0.94376
58.6087,0.943773
58.6393,0.943786
58.67,0.943799
58.7006,0.943812
58.7313,0.943825
58.7619,0.943838
58.7926,0.943851
58.8233,0.943864
58.854,0.943877
58.8847,0.94389
58.9154,0.943903
58.9461,0.943915
58.9768,0.943928
59.0075,0.943941
59.0383,0.943954
59.069,0.943966
59.0998,0.943979
59.1305,0.943991
59.1613,0.944004
59.1921,0.944017
59.2229,0.944029
59.2537,0.944041
59.2845,0.944054
59.3153,0.944066
59.3461,0.944079
59.3769,0.944091
59.4077,0.944103
59.4386,0.944116
59.4694,0.944128
59.5003,0.94414
59.5311,0.944152
59.562,0.944164
59.5929,0.944176
59.6238,0.944189
59.6547,0.944201
59.6856,0.944213
59.7165,0.944225
59.7474,0.944237
59.7784,0.944248
59.8093,0.94426
59.8402,0.944272
59.8712,0.944284
59.9021,0.944296
59.9331,0.944308
59.9641,0.944319
59.9951,0.944331
60.0261,0.944343
60.0571,0.944354
60.0881,0.944366
60.1191,0.944378
60.1501,0.944389
60.1812,0.944401
60.2122,0.944412
60.2432,0.944424
60.2743,0.944435
60.3054,0.944447
60.3364,0.944458
60.3675,0.944469
60.3986,0.944481
60.4297,0.944492
60.4608,0.944503
60.4919,0.944515
60.523,0.944526
60.5542,0.944537
60.5853,0.944548
60.6165,0.944559
60.6476,0.94457
60.6788,0.944582
60.7099,0.944593
60.7411,0.944604
60.7723,0.944615
60.8035,0.944626
60.8347,0.944637
60.8659,0.944647
60.8971,0.944658
60.9283,0.944669
60.9596,0.94468
60.9908,0.944691
61.0221,0.944702
61.0533,0.944712
61.0846,0.944723
61.1159,0.944734
61.1471,0.944744
61.1784,0.944755
61.2097,0.944766
61.241,0.944776
61.2723,0.944787
61.3037,0.944797
61.335,0.944808
61.3663,0.944818
61.3977,0.944829
61.429,0.944839
61.4604,0.94485
61.4918,0.94486
61.5231,0.94487
61.5545,0.944881
61.5859,0.944891
61.6173,0.944901
61.6487,0.944911
61.6801,0.944922
61.7116,0.944932
61.743,0.944942
61.7744,0.944952
61.8059,0.944962
61.8373,0.944972
61.8688,0.944982
61.9003,0.944992
61.9318,0.945002
61.9633,0.945012
61.9948,0.945022
62.0263,0.945032
62.0578,0.945042
62.0893,0.945052
62.1208,0.945062
62.1524,0.945071
62.1839,0.945081
62.2155,0.945091
62.247,0.945101
62.2786,0.94511
62.3102,0.94512
62.3417,0.94513
62.3733,0.945139
62.4049,0.945149
62.4366,0.945159
62.4682,0.945168
62.4998,0.945178
62.5314,0.945187
62.5631,0.945197
62.5947,0.945206
62.6264,0.945216
62.658,0.945225
62.6897,0.945234
62.7214,0.945244
62.7531,0.945253
62.7848,0.945262
62.8165,0.945272
62.8482,0.945281
62.8799,0.94529
62.9116,0.9453
62.9434,0.945309
62.9751,0.945318
63.0069,0.945327
63.0386,0.945336
63.0704,0.945345
63.1022,0.945354
63.134,0.945363
63.1658,0.945372
63.1976,0.945381
63.2294,0.94539
63.2612,0.945399
63.293,0.945408
63.3249,0.945417
63.3567,0.945426
63.3885,0.945435
63.4204,0.945444
63.4523,0.945453
63.4841,0.945461
63.516,0.94547
63.5479,0.945479
63.5798,0.945488
63.6117,0.945496
63.6436,0.945505
63.6755,0.945514
63.7075,0.945522
63.7394,0.945531
63.7714,0.94554
63.8033,0.945548
63.8353,0.945557
63.8672,0.945565
63.8992,0.945574
63.9312,0.945582
63.9632,0.945591
63.9952,0.945599
64.0272,0.945607
64.0592,0.945616
64.0913,0.945624
64.1233,0.945633
64.1553,0.945641
64.1874,0.945649
64.2194,0.945657
64.2515,0.945666
64.2836,0.945674
64.3157,0.945682
64.3477,0.94569
64.3798,0.945698
64.4119,0.945707
64.4441,0.945715
64.4762,0.945723
64.5083,0.945731
64.5404,0.945739
64.5726,0.945747
64.6047,0.945755
64.6369,0.945763
64.6691,0.945771
64.7013,0.945779
64.7334,0.945787
64.7656,0.945795
64.7978,0.945803
64.83,0.945811
64.8623,0.945818
64.8945,0.945826
64.9267,0.945834
64.959,0.945842
64.9912,0.94585
65.0235,0.945857
65.0557,0.945865
65.088,0.945873
65.1203,0.94588
65.1526,0.945888
65.1849,0.945896
65.2172,0.945903
65.2495,0.945911
65.2818,0.945919
65.3141,0.945926
65.3465,0.945934
65.3788,0.945941
65.4112,0.945949
65.4435,0.945956
65.4759,0.945964
65.5083,0.945971
65.5407,0.945978
65.5731,0.945986
65.6055,0.945993
65.6379,0.946001
65.6703,0.946008
65.7027,0.946015
65.7351,0.946023
65.7676,0.94603
65.8,0.946037
65.8325,0.946044
65.865,0.946052
65.8974,0.946059
65.9299,0.946066
65.9624,0.946073
65.9949,0.94608
66.0274,0.946087
66.0599,0.946094
66.0924,0.946102
66.125,0.946109
66.1575,0.946116
66.1901,0.946123
66.2226,0.94613
66.2552,0.946137
66.2877,0.946144
66.3203,0.946151
66.3529,0.946158
66.3855,0.946165
66.4181,0.946171
66.4507,0.946178
66.4833,0.946185
66.516,0.946192
66.5486,0.946199
66.5812,0.946206
66.6139,0.946212
66.6465,0.946219
66.6792,0.946226
66.7119,0.946233
66.7446,0.946239
66.7772,0.946246
66.8099,0.946253
66.8426,0.946259
66.8754,0.946266
66.9081,0.946273
66.9408,0.946279
66.9735,0.946286
67.0063,0.946292
67.039,0.946299
67.0718,0.946306
67.1046,0.946312
67.1374,0.946319
67.1701,0.946325
67.2029,0.946332
67.2357,0.946338
67.2685,0.946344
67.3014,0.946351
67.3342,0.946357
67.367,0.946364
67.3999,0.94637
67.4327,0.946376
67.4656,0.946383
67.4984,0.946389
67.5313,0.946395
67.5642,0.946401
67.5971,0.946408
67.63,0.946414
67.6629,0.94642
67.6958,0.946426
67.7287,0.946433
67.7616,0.946439
67.7946,0.946445
67.8275,0.946451
67.8605,0.946457
67.8934,0.946463
67.9264,0.946469
67.9594,0.946475
67.9924,0.946482
68.0254,0.946488
68.0584,0.946494
68.0914,0.9465
68.1244,0.946506
68.1574,0.946512
68.1905,0.946517
68.2235,0.946523
68.2566,0.946529
68.2896,0.946535
68.3227,0.946541
68.3557,0.946547
68.3888,0.946553
68.4219,0.946559
68.455,0.946565
68.4881,0.94657
68.5212,0.946576
68.5544,0.946582
68.5875,0.946588
68.6206,0.946593
68.6538,0.946599
68.6869,0.946605
68.7201,0.946611
68.7533,0.946616
68.7864,0.946622
68.8196,0.946628
68.8528,0.946633
68.886,0.946639
68.9192,0.946644
68.9524,0.94665
68.9857,0.946656
69.0189,0.946661
69.0521,0.946667
69.0854,0.946672
69.1187,0.946678
69.1519,0.946683
69.1852,0.946689
69.2185,0.946694
69.2518,0.9467
69.2851,0.946705
69.3184,0.946711
69.3517,0.946716
69.385,0.946721
69.4183,0.946727
69.4517,0.946732
69.485,0.946737
69.5184,0.946743
69.5517,0.946748
69.5851,0.946753
69.6185,0.946759
69.6519,0.946764
69.6853,0.946769
69.7187,0.946774
69.7521,0.94678
69.7855,0.946785
69.8189,0.94679
69.8523,0.946795
69.8858,0.9468
69.9192,0.946806
69.9527,0.946811
69.9862,0.946816
70.0196,0.946821
70.0531,0.946826
70.0866,0.946831
70.1201,0.946836
70.1536,0.946841
70.1871,0.946846
70.2206,0.946851
70.2542,0.946856
70.2877,0.946861
70.3213,0.946866
70.3548,0.946871
70.3884,0.946876
70.4219,0.946881
70.4555,0.946886
70.4891,0.946891
70.5227,0.946896
70.5563,0.946901
70.5899,0.946906
70.6235,0.946911
70.6572,0.946916
70.6908,0.94692
70.7244,0.946925
70.7581,0.94693
70.7917,0.946935
70.8254,0.94694
70.8591,0.946944
70.8928,0.946949
70.9265,0.946954
70.9601,0.946959
70.9939,0.946963
71.0276,0.946968
71.0613,0.946973
71.095,0.946977
71.1288,0.946982
71.1625,0.946987
71.1963,0.946991
71.23,0.946996
71.2638,0.947001
71.2976,0.947005
71.3314,0.94701
71.3651,0.947014
71.3989,0.947019
71.4328,0.947023
71.4666,0.947028
71.5004,0.947032
71.5342,0.947037
71.5681,0.947041
71.6019,0.947046
71.6358,0.94705
71.6697,0.947055
71.7035,0.947059
71.7374,0.947064
71.7713,0.947068
71.8052,0.947073
71.8391,0.947077
71.873,0.947081
71.9069,0.947086
71.9409,0.94709
71.9748,0.947094
72.0088,0.947099
72.0427,0.947103
72.0767,0.947107
72.1106,0.947112
72.1446,0.947116
72.1786,0.94712
72.2126,0.947124
72.2466,0.947129
72.2806,0.947133
72.3146,0.947137
72.3487,0.947141
72.3827,0.947146
72.4167,0.94715
72.4508,0.947154
72.4848,0.947158
72.5189,0.947162
72.553,0.947166
72.5871,0.947171
72.6211,0.947175
72.6552,0.947179
72.6894,0.947183
72.7235,0.947187
72.7576,0.947191
72.7917,0.947195
72.8259,0.947199
72.86,0.947203
72.8942,0.947207
72.9283,0.947211
72.9625,0.947215
72.9967,0.947219
73.0309,0.947223
73.065,0.947227
73.0993,0.947231
73.1335,0.947235
73.1677,0.947239
73.2019,0.947243
73.2361,0.947247
73.2704,0.947251
73.3046,0.947255
73.3389,0.947258
73.3732,0.947262
73.4074,0.947266
73.4417,0.94727
73.476,0.947274
73.5103,0.947278
73.5446,0.947282
73.5789,0.947285
73.6132,0.947289
73.6476,0.947293
73.6819,0.947297
73.7163,0.9473
73.7506,0.947304
73.785,0.947308
73.8193,0.947312
73.8537,0.947315
73.8881,0.947319
73.9225,0.947323
73.9569,0.947326
73.9913,0.94733
74.0257,0.947334
74.0602,0.947337
74.0946,0.947341
74.129,0.947345
74.1635,0.947348
74.1979,0.947352
74.2324,0.947356
74.2669,0.947359
74.3014,0.947363
74.3359,0.947366
74.3704,0.94737
74.4049,0.947373
74.4394,0.947377
74.4739,0.94738
74.5084,0.947384
74.543,0.947387
74.5775,0.947391
74.6121,0.947394
74.6466,0.947398
74.6812,0.947401
74.7158,0.947405
74.7504,0.947408
74.785,0.947412
74.8196,0.947415
74.8542,0.947419
74.8888,0.947422
74.9234,0.947425
74.958,0.947429
74.9927,0.947432
75.0273,0.947435
75.062,0.947439
75.0967,0.947442
75.1313,0.947446
75.166,0.947449
75.2007,0.947452
75.2354,0.947455
75.2701,0.947459
75.3048,0.947462
75.3396,0.947465
75.3743,0.947469
75.409,0.947472
75.4438,0.947475
75.4785,0.947478
75.5133,0.947482
75.5481,0.947485
75.5828,0.947488
75.6176,0.947491
75.6524,0.947494
75.6872,0.947498
75.722,0.947501
75.7568,0.947504
75.7917,0.947507
75.8265,0.94751
75.8613,0.947513
75.8962,0.947517
75.9311,0.94752
75.9659,0.947523
76.0008,0.947526
76.0357,0.947529
76.0706,0.947532
76.1055,0.947535
76.1404,0.947538
76.1753,0.947541
76.2102,0.947544
76.2451,0.947547
76.2801,0.94755
76.315,0.947553
76.35,0.947556
76.3849,0.947559
76.4199,0.947562
76.4549,0.947565
76.4899,0.947568
76.5249,0.947571
76.5599,0.947574
76.5949,0.947577
76.6299,0.94758
76.6649,0.947583
76.7,0.947586
76.735,0.947589
76.7701,0.947592
76.8051,0.947595
76.8402,0.947598
76.8753,0.947601
76.9103,0.947603
76.9454,0.947606
76.9805,0.947609
77.0156,0.947612
77.0507,0.947615
77.0859,0.947618
77.121,0.947621
77.1561,0.947623
77.1913,0.947626
77.2264,0.947629
77.2616,0.947632
77.2968,0.947635
77.332,0.947637
77.3671,0.94764
77.4023,0.947643
77.4375,0.947646
77.4727,0.947648
77.508,0.947651
77.5432,0.947654
77.5784,0.947656
77.6137,0.947659
77.6489,0.947662
77.6842,0.947665
77.7194,0.947667
77.7547,0.94767
77.79,0.947673
77.8253,0.947675
77.8606,0.947678
77.8959,0.947681
77.9312,0.947683
77.9665,0.947686
78.0019,0.947688
78.0372,0.947691
78.0725,0.947694
78.1079,0.947696
78.1433,0.947699
78.1786,0.947701
78.214,0.947704
78.2494,0.947707
78.2848,0.947709
78.3202,0.947712
78.3556,0.947714
78.391,0.947717
78.4265,0.947719
78.4619,0.947722
78.4973,0.947724
78.5328,0.947727
78.5682,0.947729
78.6037,0.947732
78.6392,0.947734
78.6747,0.947737
78.7102,0.947739
78.7457,0.947742
78.7812,0.947744
78.8167,0.947747
78.8522,0.947749
78.8877,0.947752
78.9233,0.947754
78.9588,0.947756
78.9944,0.947759
79.0299,0.947761
79.0655,0.947764
79.1011,0.947766
79.1367,0.947768
79.1723,0.947771
79.2079,0.947773
79.2435,0.947776
79.2791,0.947778
79.3147,0.94778
79.3504,0.947783
79.386,0.947785
79.4216,0.947787
79.4573,0.94779
79.493,0.947792
79.5286,0.947794
79.5643,0.947796
79.6,0.947799
79.6357,0.947801
79.6714,0.947803
79.7071,0.947806
79.7429,0.947808
79.7786,0.94781
79.8143,0.947812
79.8501,0.947815
79.8858,0.947817
79.9216,0.947819
79.9574,0.947821
79.9931,0.947824
80.0289,0.947826
80.0647,0.947828
80.1005,0.94783
80.1363,0.947832
80.1722,0.947835
80.208,0.947837
80.2438,0.947839
80.2797,0.947841
80.3155,0.947843
80.3514,0.947845
80.3872,0.947848
80.4231,0.94785
80.459,0.947852
80.4949,0.947854
80.5308,0.947856
80.5667,0.947858
80.6026,0.94786
80.6385,0.947862
80.6745,0.947864
80.7104,0.947867
80.7463,0.947869
80.7823,0.947871
80.8183,0.947873
80.8542,0.947875
80.8902,0.947877
80.9262,0.947879
80.9622,0.947881
80.9982,0.947883
81.0342,0.947885
81.0702,0.947887
81.1063,0.947889
81.1423,0.947891
81.1783,0.947893
81.2144,0.947895
81.2504,0.947897
81.2865,0.947899
81.3226,0.947901
81.3587,0.947903
81.3948,0.947905
81.4309,0.947907
81.467,0.947909
81.5031,0.947911
81.5392,0.947913
81.5753,0.947915
81.6115,0.947917
81.6476,0.947919
81.6838,0.947921
81.7199,0.947923
81.7561,0.947924
81.7923,0.947926
81.8285,0.947928
81.8647,0.94793
81.9009,0.947932
81.9371,0.947934
81.9733,0.947936
82.0095,0.947938
82.0458,0.94794
82.082,0.947941
82.1183,0.947943
82.1545,0.947945
82.1908,0.947947
82.2271,0.947949
82.2633,0.947951
82.2996,0.947952
82.3359,0.947954
82.3722,0.947956
82.4086,0.947958
82.4449,0.94796
82.4812,0.947962
82.5175,0.947963
82.5539,0.947965
82.5902,0.947967
82.6266,0.947969
82.663,0.94797
82.6994,0.947972
82.7357,0.947974
82.7721,0.947976
82.8085,0.947977
82.845,0.947979
82.8814,0.947981
82.9178,0.947983
82.9542,0.947984
82.9907,0.947986
83.0271,0.947988
83.0636,0.94799
83.1001,0.947991
83.1365,0.947993
83.173,0.947995
83.2095,0.947996
83.246,0.947998
83.2825,0.948
83.319,0.948001
83.3555,0.948003
83.3921,0.948005
83.4286,0.948006
83.4652,0.948008
83.5017,0.94801
83.5383,0.948011
83.5749,0.948013
83.6114,0.948015
83.648,0.948016
83.6846,0.948018
83.7212,0.94802
83.7578,0.948021
83.7944,0.948023
83.8311,0.948024
83.8677,0.948026
83.9044,0.948028
83.941,0.948029
83.9777,0.948031
84.0143,0.948032
84.051,0.948034
84.0877,0.948035
84.1244,0.948037
84.1611,0.948039
84.1978,0.94804
84.2345,0.948042
84.2712,0.948043
84.308,0.948045
84.3447,0.948046
84.3814,0.948048
84.4182,0.948049
84.455,0.948051
84.4917,0.948052
84.5285,0.948054
84.5653,0.948055
84.6021,0.948057
84.6389,0.948058
84.6757,0.94806
84.7125,0.948061
84.7494,0.948063
84.7862,0.948064
84.823,0.948066
84.8599,0.948067
84.8967,0.948069
84.9336,0.94807
84.9705,0.948072
85.0074,0.948073
85.0443,0.948075
85.0812,0.948076
85.1181,0.948078
85.155,0.948079
85.1919,0.94808
85.2288,0.948082
85.2658,0.948083
85.3027,0.948085
85.3397,0.948086
85.3766,0.948087
85.4136,0.948089
85.4506,0.94809
85.4876,0.948092
85.5246,0.948093
85.5616,0.948094
85.5986,0.948096
85.6356,0.948097
85.6726,0.948099
85.7097,0.9481
85.7467,0.948101
85.7838,0.948103
85.8208,0.948104
85.8579,0.948105
85.895,0.948107
85.932,0.948108
85.9691,0.948109
86.0062,0.948111
86.0433,0.948112
86.0805,0.948113
86.1176,0.948115
86.1547,0.948116
86.1919,0.948117
86.229,0.948119
86.2662,0.94812
86.3033,0.948121
86.3405,0.948123
86.3777,0.948124
86.4149,0.948125
86.4521,0.948126
86.4893,0.948128
86.5265,0.948129
86.5637,0.94813
86.6009,0.948132
86.6381,0.948133
86.6754,0.948134
86.7126,0.948135
86.7499,0.948137
86.7872,0.948138
86.8244,0.948139
86.8617,0.94814
86.899,0.948142
86.9363,0.948143
86.9736,0.948144
87.0109,0.948145
87.0483,0.948147
87.0856,0.948148
87.1229,0.948149
87.1603,0.94815
87.1976,0.948151
87.235,0.948153
87.2724,0.948154
87.3098,0.948155
87.3471,0.948156
87.3845,0.948157
87.4219,0.948159
87.4593,0.94816
87.4968,0.948161
87.5342,0.948162
87.5716,0.948163
87.6091,0.948164
87.6465,0.948166
87.684,0.948167
87.7215,0.948168
87.7589,0.948169
87.7964,0.94817
87.8339,0.948171
87.8714,0.948172
87.9089,0.948174
87.9464,0.948175
87.9839,0.948176
88.0215,0.948177
88.059,0.948178
88.0966,0.948179
88.1341,0.94818
88.1717,0.948181
88.2093,0.948183
88.2468,0.948184
88.2844,0.948185
88.322,0.948186
88.3596,0.948187
88.3972,0.948188
88.4349,0.948189
88.4725,0.94819
88.5101,0.948191
88.5478,0.948192
88.5854,0.948193
88.6231,0.948195
88.6607,0.948196
88.6984,0.948197
88.7361,0.948198
88.7738,0.948199
88.8115,0.9482
88.8492,0.948201
88.8869,0.948202
88.9246,0.948203
88.9624,0.948204
89.0001,0.948205
89.0379,0.948206
89.0756,0.948207
89.1134,0.948208
89.1511,0.948209
89.1889,0.94821
89.2267,0.948211
89.2645,0.948212
89.3023,0.948213
89.3401,0.948214
89.3779,0.948215
89.4158,0.948216
89.4536,0.948217
89.4914,0.948218
89.5293,0.948219
89.5672,0.94822
89.605,0.948221
89.6429,0.948222
89.6808,0.948223
89.7187,0.948224
89.7566,0.948225
89.7945,0.948226
89.8324,0.948227
89.8703,0.948228
89.9083,0.948229
89.9462,0.94823
89.9841,0.948231
90.0221,0.948232
90.0601,0.948233
90.098,0.948234
90.136,0.948235
90.174,0.948236
90.212,0.948237
90.25,0.948237
90.288,0.948238
90.326,0.948239
90.3641,0.94824
90.4021,0.948241
90.4401,0.948242
90.4782,0.948243
90.5162,0.948244
90.5543,0.948245
90.5924,0.948246
90.6305,0.948247
90.6686,0.948248
90.7067,0.948248
90.7448,0.948249
90.7829,0.94825
90.821,0.948251
90.8591,0.948252
90.8973,0.948253
90.9354,0.948254
90.9736,0.948255
91.0118,0.948255
91.0499,0.948256
91.0881,0.948257
91.1263,0.948258
91.1645,0.948259
91.2027,0.94826
91.2409,0.948261
91.2791,0.948262
91.3173,0.948262
91.3556,0.948263
91.3938,0.948264
91.4321,0.948265
91.4703,0.948266
91.5086,0.948267
91.5469,0.948267
91.5852,0.948268
91.6235,0.948269
91.6618,0.94827
91.7001,0.948271
91.7384,0.948272
91.7767,0.948272
91.815,0.948273
91.8534,0.948274
91.8917,0.948275
91.9301,0.948276
91.9684,0.948276
92.0068,0.948277
92.0452,0.948278
92.0836,0.948279
92.122,0.94828
92.1604,0.94828
92.1988,0.948281
92.2372,0.948282
92.2756,0.948283
92.3141,0.948284
92.3525,0.948284
92.391,0.948285
92.4294,0.948286
92.4679,0.948287
92.5064,0.948287
92.5449,0.948288
92.5834,0.948289
92.6219,0.94829
92.6604,0.94829
92.6989,0.948291
92.7374,0.948292
92.7759,0.948293
92.8145,0.948294
92.853,0.948294
92.8916,0.948295
92.9301,0.948296
92.9687,0.948296
93.0073,0.948297
93.0459,0.948298
93.0845,0.948299
93.1231,0.948299
93.1617,0.9483
93.2003,0.948301
93.2389,0.948302
93.2776,0.948302
93.3162,0.948303
93.3549,0.948304
93.3935,0.948304
93.4322,0.948305
93.4709,0.948306
93.5096,0.948307
93.5482,0.948307
93.5869,0.948308
93.6257,0.948309
93.6644,0.948309
93.7031,0.94831
93.7418,0.948311
93.7806,0.948311
93.8193,0.948312
93.8581,0.948313
93.8968,0.948314
93.9356,0.948314
93.9744,0.948315
94.0132,0.948316
94.052,0.948316
94.0908,0.948317
94.1296,0.948318
94.1684,0.948318
94.2072,0.948319
94.2461,0.94832
94.2849,0.94832
94.3238,0.948321
94.3626,0.948322
94.4015,0.948322
94.4404,0.948323
94.4793,0.948324
94.5181,0.948324
94.557,0.948325
94.596,0.948325
94.6349,0.948326
94.6738,0.948327
94.7127,0.948327
94.7517,0.948328
94.7906,0.948329
94.8296,0.948329
94.8685,0.94833
94.9075,0.948331
94.9465,0.948331
94.9855,0.948332
95.0245,0.948332
95.0635,0.948333
95.1025,0.948334
95.1415,0.948334
95.1805,0.948335
95.2196,0.948335
95.2586,0.948336
95.2977,0.948337
95.3367,0.948337
95.3758,0.948338
95.4149,0.948339
95.454,0.948339
95.493,0.94834
95.5321,0.94834
95.5713,0.948341
95.6104,0.948341
95.6495,0.948342
95.6886,0.948343
95.7278,0.948343
95.7669,0.948344
95.8061,0.948344
95.8452,0.948345
95.8844,0.948346
95.9236,0.948346
95.9628,0.948347
96.002,0.948347
96.0412,0.948348
96.0804,0.948348
96.1196,0.948349
96.1588,0.94835
96.1981,0.94835
96.2373,0.948351
96.2766,0.948351
96.3158,0.948352
96.3551,0.948352
96.3944,0.948353
96.4337,0.948353
96.4729,0.948354
96.5122,0.948355
96.5516,0.948355
96.5909,0.948356
96.6302,0.948356
96.6695,0.948357
96.7089,0.948357
96.7482,0.948358
96.7876,0.948358
96.8269,0.948359
96.8663,0.948359
96.9057,0.94836
96.9451,0.94836
96.9845,0.948361
97.0239,0.948361
97.0633,0.948362
97.1027,0.948363
97.1421,0.948363
97.1816,0.948364
97.221,0.948364
97.2605,0.948365
97.2999,0.948365
97.3394,0.948366
97.3789,0.948366
97.4184,0.948367
97.4579,0.948367
97.4974,0.948368
97.5369,0.948368
97.5764,0.948369
97.6159,0.948369
97.6554,0.94837
97.695,0.94837
97.7345,0.948371
97.7741,0.948371
97.8136,0.948372
97.8532,0.948372
97.8928,0.948373
97.9324,0.948373
97.972,0.948374
98.0116,0.948374
98.0512,0.948375
98.0908,0.948375
98.1304,0.948375
98.1701,0.948376
98.2097,0.948376
98.2494,0.948377
98.289,0.948377
98.3287,0.948378
98.3684,0.948378
98.4081,0.948379
98.4478,0.948379
98.4875,0.94838
98.5272,0.94838
98.5669,0.948381
98.6066,0.948381
98.6463,0.948382
98.6861,0.948382
98.7258,0.948382
98.7656,0.948383
98.8053,0.948383
98.8451,0.948384
98.8849,0.948384
98.9247,0.948385
98.9645,0.948385
99.0043,0.948386
99.0441,0.948386
99.0839,0.948386
99.1238,0.948387
99.1636,0.948387
99.2034,0.948388
99.2433,0.948388
99.2831,0.948389
99.323,0.948389
99.3629,0.948389
99.4028,0.94839
99.4427,0.94839
99.4826,0.948391
99.5225,0.948391
99.5624,0.948392
99.6023,0.948392
99.6422,0.948392
99.6822,0.948393
99.7221,0.948393
99.7621,0.948394
99.8021,0.948394
99.842,0.948395
99.882,0.948395
99.922,0.948395
99.962,0.948396
