r²,N_GBW
3.61152e-06,7.18973e-07
1e-08,1.99078e-09
4.41168e-06,8.78266e-07
1.68166e-05,3.3478e-06
3.72246e-05,7.41057e-06
6.56359e-05,1.30666e-05
0.00010205,2.03157e-05
0.000146468,2.91581e-05
0.000198889,3.95936e-05
0.000259313,5.16221e-05
0.00032774,6.52436e-05
0.000404171,8.04581e-05
0.000488605,9.72655e-05
0.000581041,0.000115666
0.000681482,0.000135659
0.000789925,0.000157244
0.000906371,0.000180422
0.00103082,0.000205192
0.00116327,0.000231555
0.00130373,0.00025951
0.00145219,0.000289057
0.00160865,0.000320195
0.00177312,0.000352926
0.00194559,0.000387248
0.00212606,0.000423161
0.00231453,0.000460666
0.00251101,0.000499761
0.00271549,0.000540448
0.00292798,0.000582725
0.00314847,0.000626593
0.00337696,0.000672051
0.00361345,0.000719099
0.00385795,0.000767737
0.00411045,0.000817964
0.00437096,0.000869781
0.00463946,0.000923187
0.00491597,0.000978181
0.00520049,0.00103476
0.005493,0.00109294
0.00579352,0.0011527
0.00610205,0.00121404
0.00641857,0.00127698
0.0067431,0.0013415
0.00707564,0.00140761
0.00741617,0.0014753
0.00776471,0.00154459
0.00812125,0.00161545
0.0084858,0.00168791
0.00885835,0.00176194
0.0092389,0.00183757
0.00962746,0.00191477
0.010024,0.00199357
0.0104286,0.00207394
0.0108411,0.0021559
0.0112617,0.00223944
0.0116903,0.00232457
0.0121269,0.00241127
0.0125714,0.00249956
0.013024,0.00258943
0.0134846,0.00268088
0.0139532,0.00277391
0.0144298,0.00286852
0.0149144,0.00296471
0.015407,0.00306248
0.0159076,0.00316183
0.0164162,0.00326275
0.0169328,0.00336526
0.0174574,0.00346934
0.01799,0.003575
0.0185306,0.00368223
0.0190792,0.00379104
0.0196359,0.00390143
0.0202005,0.00401338
0.0207731,0.00412692
0.0213537,0.00424202
0.0219424,0.0043587
0.022539,0.00447696
0.0231437,0.00459678
0.0237563,0.00471818
0.024377,0.00484114
0.0250056,0.00496568
0.0256423,0.00509179
0.0262869,0.00521946
0.0269396,0.0053487
0.0276002,0.00547951
0.0282689,0.00561189
0.0289456,0.00574584
0.0296303,0.00588135
0.0303229,0.00601842
0.0310236,0.00615706
0.0317323,0.00629727
0.032449,0.00643903
0.0331737,0.00658236
0.0339064,0.00672726
0.0346471,0.00687371
0.0353958,0.00702172
0.0361525,0.0071713
0.0369172,0.00732243
0.0376899,0.00747512
0.0384706,0.00762937
0.0392593,0.00778517
0.040056,0.00794253
0.0408607,0.00810145
0.0416735,0.00826192
0.0424942,0.00842394
0.0433229,0.00858752
0.0441597,0.00875265
0.0450044,0.00891933
0.0458571,0.00908756
0.0467179,0.00925735
0.0475866,0.00942868
0.0484634,0.00960156
0.0493481,0.00977599
0.0502409,0.00995196
0.0511417,0.0101295
0.0520504,0.0103085
0.0529672,0.0104892
0.053892,0.0106713
0.0548247,0.010855
0.0557655,0.0110402
0.0567143,0.011227
0.0576711,0.0114153
0.0586359,0.0116052
0.0596086,0.0117966
0.0605894,0.0119895
0.0615782,0.012184
0.062575,0.01238
0.0635798,0.0125775
0.0645926,0.0127766
0.0656134,0.0129772
0.0666423,0.0131793
0.0676791,0.013383
0.0687239,0.0135882
0.0697767,0.0137949
0.0708375,0.0140031
0.0719064,0.0142129
0.0729832,0.0144242
0.074068,0.014637
0.0751609,0.0148514
0.0762617,0.0150673
0.0773705,0.0152847
0.0784874,0.0155036
0.0796122,0.015724
0.0807451,0.015946
0.0818859,0.0161694
0.0830348,0.0163944
0.0841917,0.0166209
0.0853565,0.0168489
0.0865294,0.0170785
0.0877103,0.0173095
0.0888992,0.0175421
0.090096,0.0177761
0.0913009,0.0180117
0.0925138,0.0182488
0.0937347,0.0184874
0.0949636,0.0187274
0.0962005,0.018969
0.0974454,0.0192121
0.0986983,0.0194567
0.0999592,0.0197028
0.101228,0.0199504
0.102505,0.0201995
0.10379,0.0204501
0.105083,0.0207022
0.106384,0.0209558
0.107693,0.0212109
0.10901,0.0214675
0.110335,0.0217255
0.111667,0.0219851
0.113008,0.0222461
0.114357,0.0225087
0.115714,0.0227727
0.117079,0.0230382
0.118452,0.0233052
0.119833,0.0235736
0.121222,0.0238436
0.122619,0.024115
0.124024,0.0243879
0.125437,0.0246623
0.126858,0.0249382
0.128287,0.0252155
0.129724,0.0254943
0.131169,0.0257746
0.132622,0.0260564
0.134083,0.0263396
0.135552,0.0266243
0.137029,0.0269105
0.138514,0.0271981
0.140007,0.0274872
0.141508,0.0277777
0.143017,0.0280697
0.144534,0.0283632
0.146059,0.0286582
0.147592,0.0289545
0.149133,0.0292524
0.150682,0.0295517
0.152239,0.0298525
0.153804,0.0301547
0.155377,0.0304583
0.156958,0.0307634
0.158547,0.03107
0.160144,0.031378
0.161749,0.0316874
0.163362,0.0319983
0.164983,0.0323107
0.166612,0.0326244
0.168249,0.0329396
0.169894,0.0332563
0.171547,0.0335744
0.173208,0.0338939
0.174878,0.0342148
0.176555,0.0345372
0.17824,0.034861
0.179933,0.0351863
0.181634,0.035513
0.183343,0.0358411
0.18506,0.0361706
0.186785,0.0365015
0.188518,0.0368339
0.190259,0.0371677
0.192008,0.0375029
0.193765,0.0378395
0.195531,0.0381775
0.197304,0.0385169
0.199085,0.0388578
0.200874,0.0392001
0.202671,0.0395437
0.204476,0.0398888
0.206289,0.0402353
0.20811,0.0405832
0.20994,0.0409325
0.211777,0.0412832
0.213622,0.0416353
0.215475,0.0419887
0.217336,0.0423436
0.219205,0.0426999
0.221082,0.0430576
0.222968,0.0434166
0.224861,0.0437771
0.226762,0.0441389
0.228671,0.0445021
0.230588,0.0448667
0.232513,0.0452327
0.234447,0.0456001
0.236388,0.0459688
0.238337,0.0463389
0.240294,0.0467104
0.242259,0.0470833
0.244232,0.0474575
0.246214,0.0478331
0.248203,0.0482101
0.2502,0.0485885
0.252205,0.0489682
0.254218,0.0493492
0.25624,0.0497317
0.258269,0.0501155
0.260306,0.0505006
0.262351,0.0508871
0.264405,0.051275
0.266466,0.0516642
0.268535,0.0520548
0.270612,0.0524467
0.272697,0.0528399
0.274791,0.0532345
0.276892,0.0536305
0.279001,0.0540278
0.281118,0.0544264
0.283244,0.0548264
0.285377,0.0552277
0.287518,0.0556303
0.289667,0.0560343
0.291825,0.0564396
0.29399,0.0568462
0.296163,0.0572541
0.298345,0.0576634
0.300534,0.058074
0.302731,0.0584859
0.304936,0.0588992
0.30715,0.0593137
0.309371,0.0597296
0.3116,0.0601468
0.313838,0.0605653
0.316083,0.0609851
0.318336,0.0614062
0.320597,0.0618287
0.322867,0.0622524
0.325144,0.0626774
0.327429,0.0631037
0.329723,0.0635314
0.332024,0.0639603
0.334333,0.0643905
0.336651,0.064822
0.338976,0.0652548
0.341309,0.0656889
0.343651,0.0661243
0.346,0.0665609
0.348357,0.0669989
0.350723,0.0674381
0.353096,0.0678786
0.355477,0.0683203
0.357867,0.0687634
0.360264,0.0692077
0.362669,0.0696533
0.365083,0.0701002
0.367504,0.0705483
0.369934,0.0709977
0.372371,0.0714483
0.374816,0.0719002
0.37727,0.0723534
0.379731,0.0728078
0.3822,0.0732635
0.384678,0.0737204
0.387163,0.0741786
0.389657,0.074638
0.392158,0.0750987
0.394667,0.0755606
0.397185,0.0760238
0.39971,0.0764882
0.402244,0.0769538
0.404785,0.0774207
0.407335,0.0778888
0.409892,0.0783581
0.412457,0.0788286
0.415031,0.0793004
0.417612,0.0797734
0.420202,0.0802477
0.422799,0.0807231
0.425405,0.0811998
0.428018,0.0816777
0.430639,0.0821568
0.433269,0.0826371
0.435906,0.0831186
0.438552,0.0836013
0.441205,0.0840853
0.443867,0.0845704
0.446536,0.0850567
0.449214,0.0855443
0.451899,0.086033
0.454593,0.0865229
0.457294,0.087014
0.460004,0.0875063
0.462721,0.0879998
0.465447,0.0884945
0.46818,0.0889904
0.470922,0.0894874
0.473671,0.0899856
0.476429,0.090485
0.479194,0.0909856
0.481968,0.0914873
0.484749,0.0919902
0.487539,0.0924943
0.490336,0.0929996
0.493142,0.093506
0.495955,0.0940135
0.498777,0.0945223
0.501606,0.0950321
0.504444,0.0955432
0.507289,0.0960554
0.510143,0.0965687
0.513004,0.0970832
0.515874,0.0975988
0.518751,0.0981156
0.521637,0.0986335
0.524531,0.0991525
0.527432,0.0996727
0.530342,0.100194
0.533259,0.100716
0.536185,0.10124
0.539118,0.101765
0.54206,0.102291
0.54501,0.102818
0.547967,0.103346
0.550933,0.103875
0.553906,0.104405
0.556888,0.104936
0.559878,0.105469
0.562875,0.106003
0.565881,0.106537
0.568894,0.107073
0.571916,0.10761
0.574946,0.108148
0.577983,0.108687
0.581029,0.109227
0.584082,0.109769
0.587144,0.110311
0.590214,0.110855
0.593291,0.111399
0.596377,0.111945
0.599471,0.112492
0.602572,0.113039
0.605682,0.113588
0.608799,0.114138
0.611925,0.114689
0.615059,0.115241
0.6182,0.115794
0.62135,0.116349
0.624508,0.116904
0.627673,0.11746
0.630847,0.118018
0.634029,0.118576
0.637218,0.119136
0.640416,0.119696
0.643622,0.120258
0.646835,0.12082
0.650057,0.121384
0.653287,0.121949
0.656525,0.122514
0.65977,0.123081
0.663024,0.123649
0.666286,0.124218
0.669555,0.124788
0.672833,0.125358
0.676119,0.12593
0.679413,0.126503
0.682714,0.127077
0.686024,0.127652
0.689342,0.128228
0.692667,0.128805
0.696001,0.129383
0.699343,0.129962
0.702693,0.130542
0.70605,0.131123
0.709416,0.131705
0.71279,0.132288
0.716172,0.132872
0.719561,0.133456
0.722959,0.134042
0.726365,0.134629
0.729779,0.135217
0.7332,0.135806
0.73663,0.136396
0.740068,0.136987
0.743514,0.137578
0.746968,0.138171
0.750429,0.138765
0.753899,0.139359
0.757377,0.139955
0.760863,0.140552
0.764356,0.141149
0.767858,0.141747
0.771368,0.142347
0.774886,0.142947
0.778412,0.143549
0.781946,0.144151
0.785487,0.144754
0.789037,0.145358
0.792595,0.145963
0.796161,0.146569
0.799735,0.147176
0.803316,0.147784
0.806906,0.148393
0.810504,0.149002
0.81411,0.149613
0.817724,0.150225
0.821346,0.150837
0.824976,0.15145
0.828613,0.152065
0.832259,0.15268
0.835913,0.153296
0.839575,0.153913
0.843245,0.154531
0.846923,0.155149
0.850609,0.155769
0.854302,0.15639
0.858004,0.157011
0.861714,0.157633
0.865432,0.158256
0.869158,0.158881
0.872892,0.159505
0.876634,0.160131
0.880384,0.160758
0.884142,0.161385
0.887907,0.162014
0.891681,0.162643
0.895463,0.163273
0.899253,0.163904
0.903051,0.164536
0.906857,0.165169
0.910671,0.165802
0.914493,0.166437
0.918323,0.167072
0.922161,0.167708
0.926007,0.168345
0.929861,0.168983
0.933723,0.169621
0.937593,0.170261
0.941471,0.170901
0.945356,0.171542
0.94925,0.172184
0.953152,0.172827
0.957062,0.17347
0.96098,0.174115
0.964906,0.17476
0.96884,0.175406
0.972782,0.176053
0.976732,0.1767
0.98069,0.177349
0.984656,0.177998
0.98863,0.178648
0.992612,0.179299
0.996602,0.17995
1.0006,0.180602
1.00461,0.181256
1.00862,0.18191
1.01264,0.182564
1.01667,0.18322
1.02071,0.183876
1.02476,0.184533
1.02881,0.185191
1.03287,0.185849
1.03694,0.186509
1.04102,0.187169
1.04511,0.18783
1.0492,0.188491
1.0533,0.189154
1.05741,0.189817
1.06153,0.19048
1.06566,0.191145
1.06979,0.19181
1.07393,0.192476
1.07808,0.193143
1.08224,0.193811
1.08641,0.194479
1.09058,0.195148
1.09476,0.195818
1.09895,0.196488
1.10315,0.197159
1.10736,0.197831
1.11157,0.198504
1.11579,0.199177
1.12002,0.199851
1.12426,0.200526
1.12851,0.201201
1.13276,0.201877
1.13702,0.202554
1.14129,0.203232
1.14557,0.20391
1.14986,0.204589
1.15415,0.205268
1.15845,0.205949
1.16276,0.20663
1.16708,0.207311
1.17141,0.207994
1.17574,0.208677
1.18009,0.20936
1.18444,0.210045
1.18879,0.21073
1.19316,0.211415
1.19753,0.212101
1.20192,0.212788
1.20631,0.213476
1.2107,0.214164
1.21511,0.214853
1.21952,0.215543
1.22395,0.216233
1.22838,0.216924
1.23282,0.217615
1.23726,0.218307
1.24172,0.219
1.24618,0.219693
1.25065,0.220387
1.25513,0.221082
1.25961,0.221777
1.26411,0.222473
1.26861,0.22317
1.27312,0.223867
1.27764,0.224564
1.28216,0.225263
1.2867,0.225962
1.29124,0.226661
1.29579,0.227361
1.30035,0.228062
1.30491,0.228763
1.30949,0.229465
1.31407,0.230168
1.31866,0.230871
1.32326,0.231574
1.32787,0.232278
1.33248,0.232983
1.3371,0.233689
1.34173,0.234395
1.34637,0.235101
1.35102,0.235808
1.35567,0.236516
1.36033,0.237224
1.365,0.237933
1.36968,0.238642
1.37437,0.239352
1.37906,0.240062
1.38376,0.240773
1.38847,0.241485
1.39319,0.242197
1.39792,0.242909
1.40265,0.243622
1.4074,0.244336
1.41215,0.24505
1.4169,0.245765
1.42167,0.24648
1.42645,0.247196
1.43123,0.247912
1.43602,0.248629
1.44082,0.249346
1.44562,0.250064
1.45044,0.250782
1.45526,0.251501
1.46009,0.25222
1.46493,0.25294
1.46977,0.25366
1.47463,0.254381
1.47949,0.255102
1.48436,0.255824
1.48924,0.256546
1.49413,0.257269
1.49902,0.257992
1.50392,0.258716
1.50883,0.25944
1.51375,0.260165
1.51868,0.26089
1.52361,0.261615
1.52855,0.262341
1.5335,0.263068
1.53846,0.263795
1.54343,0.264522
1.5484,0.26525
1.55339,0.265978
1.55838,0.266707
1.56338,0.267436
1.56838,0.268166
1.5734,0.268896
1.57842,0.269626
1.58345,0.270357
1.58849,0.271088
1.59353,0.27182
1.59859,0.272552
1.60365,0.273285
1.60872,0.274018
1.6138,0.274752
1.61889,0.275485
1.62398,0.27622
1.62908,0.276954
1.63419,0.277689
1.63931,0.278425
1.64444,0.279161
1.64957,0.279897
1.65471,0.280634
1.65987,0.281371
1.66502,0.282108
1.67019,0.282846
1.67536,0.283584
1.68055,0.284323
1.68574,0.285062
1.69094,0.285801
1.69614,0.286541
1.70136,0.287281
1.70658,0.288022
1.71181,0.288762
1.71705,0.289504
1.7223,0.290245
1.72755,0.290987
1.73281,0.291729
1.73808,0.292472
1.74336,0.293215
1.74865,0.293958
1.75394,0.294702
1.75924,0.295446
1.76456,0.29619
1.76987,0.296935
1.7752,0.29768
1.78053,0.298425
1.78588,0.299171
1.79123,0.299916
1.79659,0.300663
1.80195,0.301409
1.80733,0.302156
1.81271,0.302903
1.8181,0.303651
1.8235,0.304399
1.82891,0.305147
1.83432,0.305895
1.83974,0.306644
1.84517,0.307393
1.85061,0.308142
1.85606,0.308892
1.86151,0.309642
1.86698,0.310392
1.87245,0.311142
1.87793,0.311893
1.88341,0.312644
1.88891,0.313395
1.89441,0.314147
1.89992,0.314899
1.90544,0.315651
1.91096,0.316403
1.9165,0.317156
1.92204,0.317909
1.92759,0.318662
1.93315,0.319415
1.93872,0.320169
1.94429,0.320923
1.94988,0.321677
1.95547,0.322431
1.96106,0.323186
1.96667,0.32394
1.97229,0.324695
1.97791,0.325451
1.98354,0.326206
1.98918,0.326962
1.99482,0.327718
2.00048,0.328474
2.00614,0.329231
2.01181,0.329987
2.01749,0.330744
2.02318,0.331501
2.02887,0.332258
2.03457,0.333016
2.04029,0.333773
2.046,0.334531
2.05173,0.335289
2.05747,0.336047
2.06321,0.336806
2.06896,0.337564
2.07472,0.338323
2.08048,0.339082
2.08626,0.339841
2.09204,0.340601
2.09783,0.34136
2.10363,0.34212
2.10944,0.34288
2.11525,0.34364
2.12108,0.3444
2.12691,0.34516
2.13274,0.345921
2.13859,0.346681
2.14445,0.347442
2.15031,0.348203
2.15618,0.348964
2.16206,0.349726
2.16795,0.350487
2.17384,0.351249
2.17974,0.35201
2.18565,0.352772
2.19157,0.353534
2.1975,0.354296
2.20343,0.355058
2.20938,0.355821
2.21533,0.356583
2.22129,0.357346
2.22725,0.358108
2.23323,0.358871
2.23921,0.359634
2.2452,0.360397
2.2512,0.36116
2.25721,0.361924
2.26322,0.362687
2.26924,0.36345
2.27528,0.364214
2.28131,0.364978
2.28736,0.365741
2.29342,0.366505
2.29948,0.367269
2.30555,0.368033
2.31163,0.368797
2.31772,0.369561
2.32381,0.370326
2.32991,0.37109
2.33602,0.371854
2.34214,0.372619
2.34827,0.373383
2.3544,0.374148
2.36055,0.374913
2.3667,0.375677
2.37286,0.376442
2.37902,0.377207
2.3852,0.377972
2.39138,0.378737
2.39757,0.379502
2.40377,0.380267
2.40998,0.381032
2.41619,0.381797
2.42242,0.382562
2.42865,0.383327
2.43489,0.384092
2.44113,0.384858
2.44739,0.385623
2.45365,0.386388
2.45992,0.387153
2.4662,0.387919
2.47249,0.388684
2.47878,0.389449
2.48509,0.390215
2.4914,0.39098
2.49771,0.391745
2.50404,0.392511
2.51038,0.393276
2.51672,0.394042
2.52307,0.394807
2.52943,0.395572
2.5358,0.396338
2.54217,0.397103
2.54855,0.397868
2.55495,0.398634
2.56134,0.399399
2.56775,0.400164
2.57417,0.40093
2.58059,0.401695
2.58702,0.40246
2.59346,0.403225
2.59991,0.403991
2.60636,0.404756
2.61282,0.405521
2.6193,0.406286
2.62577,0.407051
2.63226,0.407816
2.63876,0.408581
2.64526,0.409346
2.65177,0.41011
2.65829,0.410875
2.66482,0.41164
2.67135,0.412405
2.67789,0.413169
2.68445,0.413934
2.691,0.414698
2.69757,0.415463
2.70415,0.416227
2.71073,0.416991
2.71732,0.417755
2.72392,0.41852
2.73053,0.419284
2.73714,0.420048
2.74376,0.420811
2.7504,0.421575
2.75703,0.422339
2.76368,0.423103
2.77034,0.423866
2.777,0.424629
2.78367,0.425393
2.79035,0.426156
2.79704,0.426919
2.80373,0.427682
2.81044,0.428445
2.81715,0.429208
2.82387,0.429971
2.83059,0.430733
2.83733,0.431496
2.84407,0.432258
2.85082,0.43302
2.85758,0.433782
2.86435,0.434544
2.87112,0.435306
2.87791,0.436068
2.8847,0.436829
2.8915,0.437591
2.8983,0.438352
2.90512,0.439113
2.91194,0.439874
2.91877,0.440635
2.92561,0.441396
2.93246,0.442157
2.93931,0.442917
2.94618,0.443677
2.95305,0.444438
2.95993,0.445198
2.96681,0.445957
2.97371,0.446717
2.98061,0.447477
2.98752,0.448236
2.99444,0.448995
3.00137,0.449754
3.00831,0.450513
3.01525,0.451272
3.0222,0.45203
3.02916,0.452788
3.03613,0.453547
3.0431,0.454304
3.05009,0.455062
3.05708,0.45582
3.06408,0.456577
3.07108,0.457334
3.0781,0.458091
3.08512,0.458848
3.09215,0.459605
3.09919,0.460361
3.10624,0.461117
3.11329,0.461873
3.12036,0.462629
3.12743,0.463385
3.13451,0.46414
3.14159,0.464895
3.14869,0.46565
3.15579,0.466405
3.1629,0.46716
3.17002,0.467914
3.17715,0.468668
3.18429,0.469422
3.19143,0.470175
3.19858,0.470929
3.20574,0.471682
3.21291,0.472435
3.22008,0.473188
3.22727,0.47394
3.23446,0.474692
3.24166,0.475444
3.24886,0.476196
3.25608,0.476948
3.2633,0.477699
3.27053,0.47845
3.27777,0.479201
3.28502,0.479951
3.29228,0.480701
3.29954,0.481451
3.30681,0.482201
3.31409,0.48295
3.32138,0.4837
3.32867,0.484449
3.33598,0.485197
3.34329,0.485946
3.35061,0.486694
3.35793,0.487442
3.36527,0.488189
3.37261,0.488936
3.37996,0.489683
3.38732,0.49043
3.39469,0.491177
3.40207,0.491923
3.40945,0.492669
3.41684,0.493414
3.42424,0.49416
3.43165,0.494905
3.43906,0.495649
3.44649,0.496394
3.45392,0.497138
3.46136,0.497882
3.4688,0.498625
3.47626,0.499368
3.48372,0.500111
3.49119,0.500854
3.49867,0.501596
3.50616,0.502338
3.51366,0.50308
3.52116,0.503821
3.52867,0.504562
3.53619,0.505303
3.54372,0.506043
3.55125,0.506783
3.5588,0.507523
3.56635,0.508262
3.57391,0.509001
3.58147,0.50974
3.58905,0.510478
3.59663,0.511216
3.60423,0.511954
3.61182,0.512692
3.61943,0.513429
3.62705,0.514165
3.63467,0.514902
3.6423,0.515638
3.64994,0.516373
3.65759,0.517109
3.66524,0.517844
3.67291,0.518578
3.68058,0.519313
3.68826,0.520046
3.69595,0.52078
3.70364,0.521513
3.71135,0.522246
3.71906,0.522978
3.72678,0.523711
3.7345,0.524442
3.74224,0.525174
3.74998,0.525905
3.75773,0.526635
3.76549,0.527365
3.77326,0.528095
3.78104,0.528825
3.78882,0.529554
3.79661,0.530283
3.80441,0.531011
3.81222,0.531739
3.82003,0.532466
3.82786,0.533194
3.83569,0.53392
3.84353,0.534647
3.85138,0.535373
3.85923,0.536098
3.8671,0.536824
3.87497,0.537548
3.88285,0.538273
3.89073,0.538997
3.89863,0.53972
3.90653,0.540444
3.91445,0.541166
3.92236,0.541889
3.93029,0.542611
3.93823,0.543332
3.94617,0.544053
3.95412,0.544774
3.96208,0.545495
3.97005,0.546214
3.97803,0.546934
3.98601,0.547653
3.994,0.548372
4.002,0.54909
4.01001,0.549808
4.01802,0.550525
4.02605,0.551242
4.03408,0.551958
4.04212,0.552674
4.05017,0.55339
4.05822,0.554105
4.06629,0.55482
4.07436,0.555534
4.08244,0.556248
4.09052,0.556962
4.09862,0.557674
4.10672,0.558387
4.11484,0.559099
4.12295,0.559811
4.13108,0.560522
4.13922,0.561233
4.14736,0.561943
4.15551,0.562653
4.16367,0.563362
4.17184,0.564071
4.18002,0.56478
4.1882,0.565488
4.19639,0.566195
4.20459,0.566902
4.2128,0.567609
4.22101,0.568315
4.22924,0.569021
4.23747,0.569726
4.24571,0.57043
4.25396,0.571135
4.26221,0.571838
4.27048,0.572542
4.27875,0.573245
4.28703,0.573947
4.29532,0.574649
4.30361,0.57535
4.31192,0.576051
4.32023,0.576752
4.32855,0.577451
4.33687,0.578151
4.34521,0.57885
4.35355,0.579548
4.36191,0.580246
4.37027,0.580944
4.37863,0.581641
4.38701,0.582337
4.39539,0.583033
4.40378,0.583729
4.41218,0.584424
4.42059,0.585118
4.42901,0.585812
4.43743,0.586506
4.44586,0.587199
4.4543,0.587891
4.46275,0.588583
4.47121,0.589275
4.47967,0.589966
4.48814,0.590656
4.49662,0.591346
4.50511,0.592035
4.51361,0.592724
4.52211,0.593413
4.53062,0.5941
4.53914,0.594788
4.54767,0.595475
4.55621,0.596161
4.56475,0.596847
4.5733,0.597532
4.58186,0.598217
4.59043,0.598901
4.599,0.599584
4.60759,0.600268
4.61618,0.60095
4.62478,0.601632
4.63339,0.602314
4.642,0.602995
4.65063,0.603675
4.65926,0.604355
4.6679,0.605034
4.67655,0.605713
4.6852,0.606392
4.69387,0.607069
4.70254,0.607747
4.71122,0.608423
4.71991,0.609099
4.7286,0.609775
4.73731,0.61045
4.74602,0.611124
4.75474,0.611798
4.76347,0.612472
4.7722,0.613145
4.78095,0.613817
4.7897,0.614488
4.79846,0.61516
4.80723,0.61583
4.816,0.6165
4.82478,0.61717
4.83358,0.617839
4.84238,0.618507
4.85118,0.619175
4.86,0.619842
4.86882,0.620509
4.87766,0.621175
4.8865,0.62184
4.89534,0.622505
4.9042,0.623169
4.91306,0.623833
4.92194,0.624496
4.93082,0.625159
4.9397,0.625821
4.9486,0.626483
4.9575,0.627144
4.96642,0.627804
4.97534,0.628464
4.98426,0.629123
4.9932,0.629781
5.00214,0.63044
5.0111,0.631097
5.02006,0.631754
5.02902,0.63241
5.038,0.633066
5.04698,0.633721
5.05598,0.634375
5.06498,0.635029
5.07398,0.635683
5.083,0.636335
5.09202,0.636987
5.10106,0.637639
5.1101,0.63829
5.11914,0.63894
5.1282,0.63959
5.13726,0.640239
5.14634,0.640888
5.15542,0.641536
5.1645,0.642183
5.1736,0.64283
5.1827,0.643476
5.19182,0.644121
5.20094,0.644766
5.21006,0.645411
5.2192,0.646054
5.22834,0.646697
5.2375,0.64734
5.24666,0.647982
5.25582,0.648623
5.265,0.649264
5.27418,0.649904
5.28338,0.650543
5.29258,0.651182
5.30178,0.65182
5.311,0.652458
5.32022,0.653095
5.32946,0.653731
5.3387,0.654367
5.34795,0.655002
5.3572,0.655637
5.36647,0.65627
5.37574,0.656904
5.38502,0.657536
5.39431,0.658168
5.4036,0.6588
5.41291,0.659431
5.42222,0.660061
5.43154,0.66069
5.44087,0.661319
5.4502,0.661947
5.45955,0.662575
5.4689,0.663202
5.47826,0.663828
5.48763,0.664454
5.497,0.665079
5.50639,0.665703
5.51578,0.666327
5.52518,0.66695
5.53459,0.667573
5.544,0.668195
5.55343,0.668816
5.56286,0.669437
5.5723,0.670057
5.58175,0.670676
5.5912,0.671295
5.60067,0.671913
5.61014,0.67253
5.61962,0.673147
5.62911,0.673763
5.63861,0.674379
5.64811,0.674994
5.65762,0.675608
5.66714,0.676221
5.67667,0.676834
5.68621,0.677447
5.69575,0.678058
5.7053,0.678669
5.71486,0.679279
5.72443,0.679889
5.73401,0.680498
5.74359,0.681106
5.75318,0.681714
5.76278,0.682321
5.77239,0.682928
5.78201,0.683533
5.79163,0.684138
5.80127,0.684743
5.81091,0.685347
5.82055,0.68595
5.83021,0.686552
5.83987,0.687154
5.84955,0.687755
5.85923,0.688355
5.86892,0.688955
5.87861,0.689554
5.88832,0.690153
5.89803,0.690751
5.90775,0.691348
5.91748,0.691944
5.92721,0.69254
5.93696,0.693135
5.94671,0.69373
5.95647,0.694324
5.96624,0.694917
5.97601,0.695509
5.9858,0.696101
5.99559,0.696692
6.00539,0.697283
6.0152,0.697872
6.02502,0.698461
6.03484,0.69905
6.04467,0.699638
6.05451,0.700225
6.06436,0.700811
6.07422,0.701397
6.08408,0.701982
6.09395,0.702567
6.10384,0.70315
6.11372,0.703733
6.12362,0.704316
6.13352,0.704897
6.14344,0.705478
6.15336,0.706059
6.16329,0.706638
6.17322,0.707217
6.18317,0.707796
6.19312,0.708373
6.20308,0.70895
6.21305,0.709527
6.22302,0.710102
6.23301,0.710677
6.243,0.711251
6.253,0.711825
6.26301,0.712398
6.27303,0.71297
6.28305,0.713541
6.29308,0.714112
6.30312,0.714682
6.31317,0.715252
6.32323,0.715821
6.33329,0.716389
6.34336,0.716956
6.35345,0.717523
6.36353,0.718089
6.37363,0.718654
6.38373,0.719219
6.39385,0.719782
6.40397,0.720346
6.4141,0.720908
6.42423,0.72147
6.43438,0.722031
6.44453,0.722592
6.45469,0.723152
6.46486,0.723711
6.47503,0.724269
6.48522,0.724827
6.49541,0.725384
6.50561,0.72594
6.51582,0.726496
6.52604,0.727051
6.53626,0.727605
6.54649,0.728158
6.55673,0.728711
6.56698,0.729263
6.57724,0.729815
6.5875,0.730366
6.59778,0.730916
6.60806,0.731465
6.61835,0.732014
6.62864,0.732562
6.63895,0.733109
6.64926,0.733656
6.65958,0.734201
6.66991,0.734747
6.68024,0.735291
6.69059,0.735835
6.70094,0.736378
6.7113,0.73692
6.72167,0.737462
6.73205,0.738003
6.74243,0.738543
6.75282,0.739083
6.76322,0.739622
6.77363,0.74016
6.78405,0.740697
6.79447,0.741234
6.80491,0.74177
6.81535,0.742305
6.8258,0.74284
6.83625,0.743374
6.84672,0.743907
6.85719,0.74444
6.86767,0.744972
6.87816,0.745503
6.88866,0.746033
6.89916,0.746563
6.90967,0.747092
6.92019,0.74762
6.93072,0.748148
6.94126,0.748675
6.9518,0.749201
6.96236,0.749727
6.97292,0.750251
6.98349,0.750775
6.99406,0.751299
7.00465,0.751821
7.01524,0.752343
7.02584,0.752865
7.03645,0.753385
7.04707,0.753905
7.05769,0.754424
7.06832,0.754943
7.07896,0.75546
7.08961,0.755977
7.10027,0.756494
7.11093,0.757009
7.12161,0.757524
7.13229,0.758038
7.14298,0.758552
7.15367,0.759065
7.16438,0.759577
7.17509,0.760088
7.18581,0.760599
7.19654,0.761109
7.20728,0.761618
7.21802,0.762126
7.22877,0.762634
7.23953,0.763141
7.2503,0.763647
7.26108,0.764153
7.27186,0.764658
7.28266,0.765162
7.29346,0.765666
7.30427,0.766169
7.31508,0.766671
7.32591,0.767172
7.33674,0.767673
7.34758,0.768173
7.35843,0.768672
7.36929,0.769171
7.38015,0.769669
7.39102,0.770166
7.4019,0.770662
7.41279,0.771158
7.42369,0.771653
7.43459,0.772147
7.44551,0.772641
7.45643,0.773134
7.46736,0.773626
7.47829,0.774117
7.48924,0.774608
7.50019,0.775098
7.51115,0.775587
7.52212,0.776076
7.5331,0.776564
7.54408,0.777051
7.55508,0.777538
7.56608,0.778023
7.57708,0.778508
7.5881,0.778993
7.59913,0.779476
7.61016,0.779959
7.6212,0.780442
7.63225,0.780923
7.64331,0.781404
7.65437,0.781884
7.66544,0.782363
7.67652,0.782842
7.68761,0.78332
7.69871,0.783797
7.70981,0.784274
7.72093,0.784749
7.73205,0.785225
7.74318,0.785699
7.75431,0.786173
7.76546,0.786646
7.77661,0.787118
7.78777,0.787589
7.79894,0.78806
7.81012,0.78853
7.8213,0.789
7.8325,0.789469
7.8437,0.789937
7.85491,0.790404
7.86612,0.79087
7.87735,0.791336
7.88858,0.791801
7.89982,0.792266
7.91107,0.79273
7.92233,0.793193
7.93359,0.793655
7.94487,0.794117
7.95615,0.794578
7.96743,0.795038
7.97873,0.795497
7.99004,0.795956
8.00135,0.796414
8.01267,0.796871
8.024,0.797328
8.03534,0.797784
8.04668,0.798239
8.05803,0.798694
8.0694,0.799148
8.08076,0.799601
8.09214,0.800053
8.10353,0.800505
8.11492,0.800956
8.12632,0.801406
8.13773,0.801856
8.14915,0.802305
8.16057,0.802753
8.172,0.8032
8.18344,0.803647
8.19489,0.804093
8.20635,0.804539
8.21782,0.804983
8.22929,0.805427
8.24077,0.80587
8.25226,0.806313
8.26376,0.806755
8.27526,0.807196
8.28677,0.807636
8.29829,0.808076
8.30982,0.808515
8.32136,0.808953
8.33291,0.809391
8.34446,0.809828
8.35602,0.810264
8.36759,0.8107
8.37917,0.811134
8.39075,0.811569
8.40234,0.812002
8.41395,0.812435
8.42555,0.812867
8.43717,0.813298
8.4488,0.813729
8.46043,0.814158
8.47207,0.814588
8.48372,0.815016
8.49538,0.815444
8.50704,0.815871
8.51871,0.816297
8.5304,0.816723
8.54208,0.817148
8.55378,0.817572
8.56549,0.817996
8.5772,0.818419
8.58892,0.818841
8.60065,0.819263
8.61239,0.819683
8.62413,0.820103
8.63589,0.820523
8.64765,0.820942
8.65942,0.82136
8.67119,0.821777
8.68298,0.822194
8.69477,0.82261
8.70657,0.823025
8.71838,0.823439
8.7302,0.823853
8.74202,0.824266
8.75386,0.824679
8.7657,0.825091
8.77755,0.825502
8.7894,0.825912
8.80127,0.826322
8.81314,0.826731
8.82502,0.827139
8.83691,0.827547
8.84881,0.827954
8.86072,0.82836
8.87263,0.828765
8.88455,0.82917
8.89648,0.829575
8.90842,0.829978
8.92036,0.830381
8.93231,0.830783
8.94428,0.831184
8.95624,0.831585
8.96822,0.831985
8.98021,0.832384
8.9922,0.832783
9.0042,0.833181
9.01621,0.833578
9.02823,0.833975
9.04025,0.834371
9.05229,0.834766
9.06433,0.835161
9.07638,0.835555
9.08843,0.835948
9.1005,0.83634
9.11257,0.836732
9.12465,0.837123
9.13674,0.837514
9.14884,0.837904
9.16095,0.838293
9.17306,0.838681
9.18518,0.839069
9.19731,0.839456
9.20945,0.839842
9.22159,0.840228
9.23374,0.840613
9.24591,0.840997
9.25808,0.841381
9.27025,0.841764
9.28244,0.842146
9.29463,0.842528
9.30683,0.842909
9.31904,0.843289
9.33126,0.843669
9.34348,0.844048
9.35572,0.844426
9.36796,0.844804
9.38021,0.845181
9.39247,0.845557
9.40473,0.845932
9.417,0.846307
9.42929,0.846681
9.44157,0.847055
9.45387,0.847428
9.46618,0.8478
9.47849,0.848172
9.49081,0.848542
9.50314,0.848913
9.51548,0.849282
9.52782,0.849651
9.54018,0.850019
9.55254,0.850387
9.56491,0.850754
9.57729,0.85112
9.58967,0.851485
9.60206,0.85185
9.61447,0.852214
9.62687,0.852578
9.63929,0.852941
9.65172,0.853303
9.66415,0.853665
9.67659,0.854026
9.68904,0.854386
9.7015,0.854745
9.71396,0.855104
9.72644,0.855462
9.73892,0.85582
9.75141,0.856177
9.76391,0.856533
9.77641,0.856889
9.78892,0.857244
9.80145,0.857598
9.81398,0.857952
9.82651,0.858305
9.83906,0.858657
9.85161,0.859009
9.86417,0.85936
9.87674,0.85971
9.88932,0.86006
9.90191,0.860409
9.9145,0.860757
9.9271,0.861105
9.93971,0.861452
9.95233,0.861798
9.96495,0.862144
9.97759,0.862489
9.99023,0.862834
10.0029,0.863178
10.0155,0.863521
10.0282,0.863863
10.0409,0.864205
10.0536,0.864547
10.0662,0.864887
10.0789,0.865227
10.0916,0.865566
10.1044,0.865905
10.1171,0.866243
10.1298,0.86658
10.1425,0.866917
10.1553,0.867253
10.168,0.867589
10.1808,0.867924
10.1936,0.868258
10.2064,0.868591
10.2191,0.868924
10.2319,0.869256
10.2447,0.869588
10.2575,0.869919
10.2704,0.870249
10.2832,0.870579
10.296,0.870908
10.3089,0.871236
10.3217,0.871564
10.3346,0.871891
10.3474,0.872218
10.3603,0.872544
10.3732,0.872869
10.3861,0.873194
10.399,0.873518
10.4119,0.873841
10.4248,0.874164
10.4377,0.874486
10.4507,0.874807
10.4636,0.875128
10.4765,0.875448
10.4895,0.875768
10.5024,0.876087
10.5154,0.876405
10.5284,0.876723
10.5414,0.87704
10.5544,0.877357
10.5674,0.877672
10.5804,0.877988
10.5934,0.878302
10.6064,0.878616
10.6195,0.87893
10.6325,0.879242
10.6456,0.879554
10.6586,0.879866
10.6717,0.880177
10.6848,0.880487
10.6978,0.880797
10.7109,0.881106
10.724,0.881414
10.7371,0.881722
10.7502,0.882029
10.7634,0.882336
10.7765,0.882641
10.7896,0.882947
10.8028,0.883252
10.8159,0.883556
10.8291,0.883859
10.8423,0.884162
10.8554,0.884464
10.8686,0.884766
10.8818,0.885067
10.895,0.885367
10.9082,0.885667
10.9214,0.885966
10.9347,0.886265
10.9479,0.886563
10.9611,0.886861
10.9744,0.887157
10.9877,0.887454
11.0009,0.887749
11.0142,0.888044
11.0275,0.888339
11.0408,0.888632
11.0541,0.888926
11.0674,0.889218
11.0807,0.88951
11.094,0.889802
11.1073,0.890092
11.1207,0.890383
11.134,0.890672
11.1474,0.890961
11.1607,0.89125
11.1741,0.891537
11.1875,0.891825
11.2009,0.892111
11.2143,0.892397
11.2277,0.892683
11.2411,0.892968
11.2545,0.893252
11.2679,0.893536
11.2813,0.893819
11.2948,0.894101
11.3082,0.894383
11.3217,0.894664
11.3352,0.894945
11.3486,0.895225
11.3621,0.895505
11.3756,0.895784
11.3891,0.896062
11.4026,0.89634
11.4161,0.896617
11.4296,0.896894
11.4432,0.89717
11.4567,0.897445
11.4703,0.89772
11.4838,0.897995
11.4974,0.898268
11.5109,0.898542
11.5245,0.898814
11.5381,0.899086
11.5517,0.899358
11.5653,0.899629
11.5789,0.899899
11.5925,0.900169
11.6062,0.900438
11.6198,0.900706
11.6334,0.900974
11.6471,0.901242
11.6607,0.901509
11.6744,0.901775
11.6881,0.902041
11.7018,0.902306
11.7155,0.90257
11.7292,0.902834
11.7429,0.903098
11.7566,0.903361
11.7703,0.903623
11.784,0.903885
11.7978,0.904146
11.8115,0.904407
11.8253,0.904667
11.839,0.904926
11.8528,0.905185
11.8666,0.905444
11.8804,0.905702
11.8942,0.905959
11.908,0.906216
11.9218,0.906472
11.9356,0.906727
11.9494,0.906982
11.9632,0.907237
11.9771,0.907491
11.9909,0.907744
12.0048,0.907997
12.0187,0.908249
12.0325,0.908501
12.0464,0.908752
12.0603,0.909003
12.0742,0.909253
12.0881,0.909503
12.102,0.909752
12.1159,0.91
12.1299,0.910248
12.1438,0.910495
12.1578,0.910742
12.1717,0.910989
12.1857,0.911234
12.1996,0.911479
12.2136,0.911724
12.2276,0.911968
12.2416,0.912212
12.2556,0.912455
12.2696,0.912697
12.2836,0.912939
12.2977,0.913181
12.3117,0.913422
12.3257,0.913662
12.3398,0.913902
12.3538,0.914141
12.3679,0.91438
12.382,0.914618
12.3961,0.914856
12.4102,0.915093
12.4242,0.915329
12.4384,0.915566
12.4525,0.915801
12.4666,0.916036
12.4807,0.916271
12.4949,0.916505
12.509,0.916738
12.5232,0.916971
12.5373,0.917203
12.5515,0.917435
12.5657,0.917667
12.5799,0.917897
12.5941,0.918128
12.6083,0.918358
12.6225,0.918587
12.6367,0.918816
12.6509,0.919044
12.6651,0.919271
12.6794,0.919499
12.6936,0.919725
12.7079,0.919952
12.7222,0.920177
12.7364,0.920402
12.7507,0.920627
12.765,0.920851
12.7793,0.921075
12.7936,0.921298
12.8079,0.92152
12.8222,0.921742
12.8366,0.921964
12.8509,0.922185
12.8653,0.922405
12.8796,0.922625
12.894,0.922845
12.9083,0.923064
12.9227,0.923283
12.9371,0.923501
12.9515,0.923718
12.9659,0.923935
12.9803,0.924152
12.9947,0.924368
13.0092,0.924583
13.0236,0.924798
13.038,0.925013
13.0525,0.925227
13.0669,0.92544
13.0814,0.925653
13.0959,0.925866
13.1104,0.926078
13.1249,0.926289
13.1394,0.9265
13.1539,0.926711
13.1684,0.926921
13.1829,0.92713
13.1974,0.927339
13.212,0.927548
13.2265,0.927756
13.2411,0.927964
13.2556,0.928171
13.2702,0.928378
13.2848,0.928584
13.2994,0.928789
13.314,0.928994
13.3286,0.929199
13.3432,0.929403
13.3578,0.929607
13.3724,0.92981
13.387,0.930013
13.4017,0.930215
13.4163,0.930417
13.431,0.930619
13.4457,0.930819
13.4603,0.93102
13.475,0.93122
13.4897,0.931419
13.5044,0.931618
13.5191,0.931817
13.5338,0.932015
13.5486,0.932212
13.5633,0.932409
13.578,0.932606
13.5928,0.932802
13.6075,0.932997
13.6223,0.933193
13.6371,0.933387
13.6518,0.933582
13.6666,0.933775
13.6814,0.933969
13.6962,0.934162
13.711,0.934354
13.7258,0.934546
13.7407,0.934737
13.7555,0.934928
13.7703,0.935119
13.7852,0.935309
13.8001,0.935499
13.8149,0.935688
13.8298,0.935876
13.8447,0.936065
13.8596,0.936252
13.8745,0.93644
13.8894,0.936627
13.9043,0.936813
13.9192,0.936999
13.9341,0.937185
13.9491,0.93737
13.964,0.937554
13.979,0.937738
13.9939,0.937922
14.0089,0.938105
14.0239,0.938288
14.0389,0.938471
14.0539,0.938652
14.0689,0.938834
14.0839,0.939015
14.0989,0.939196
14.1139,0.939376
14.129,0.939555
14.144,0.939735
14.1591,0.939914
14.1741,0.940092
14.1892,0.94027
14.2043,0.940447
14.2193,0.940624
14.2344,0.940801
14.2495,0.940977
14.2646,0.941153
14.2798,0.941328
14.2949,0.941503
14.31,0.941678
14.3251,0.941852
14.3403,0.942025
14.3554,0.942198
14.3706,0.942371
14.3858,0.942543
14.401,0.942715
14.4161,0.942887
14.4313,0.943058
14.4465,0.943228
14.4617,0.943398
14.477,0.943568
14.4922,0.943737
14.5074,0.943906
14.5227,0.944075
14.5379,0.944243
14.5532,0.94441
14.5684,0.944577
14.5837,0.944744
14.599,0.944911
14.6143,0.945077
14.6296,0.945242
14.6449,0.945407
14.6602,0.945572
14.6755,0.945736
14.6909,0.9459
14.7062,0.946063
14.7216,0.946226
14.7369,0.946389
14.7523,0.946551
14.7676,0.946713
14.783,0.946874
14.7984,0.947035
14.8138,0.947196
14.8292,0.947356
14.8446,0.947516
14.86,0.947675
14.8755,0.947834
14.8909,0.947992
14.9063,0.948151
14.9218,0.948308
14.9372,0.948466
14.9527,0.948622
14.9682,0.948779
14.9837,0.948935
14.9992,0.949091
15.0147,0.949246
15.0302,0.949401
15.0457,0.949555
15.0612,0.94971
15.0767,0.949863
15.0923,0.950017
15.1078,0.950169
15.1234,0.950322
15.1389,0.950474
15.1545,0.950626
15.1701,0.950777
15.1857,0.950928
15.2013,0.951079
15.2169,0.951229
15.2325,0.951379
15.2481,0.951528
15.2637,0.951677
15.2794,0.951826
15.295,0.951974
15.3106,0.952122
15.3263,0.952269
15.342,0.952416
15.3576,0.952563
15.3733,0.952709
15.389,0.952855
15.4047,0.953001
15.4204,0.953146
15.4361,0.953291
15.4519,0.953435
15.4676,0.953579
15.4833,0.953723
15.4991,0.953866
15.5148,0.954009
15.5306,0.954151
15.5464,0.954294
15.5621,0.954435
15.5779,0.954577
15.5937,0.954718
15.6095,0.954858
15.6253,0.954999
15.6412,0.955139
15.657,0.955278
15.6728,0.955417
15.6887,0.955556
15.7045,0.955695
15.7204,0.955833
15.7362,0.95597
15.7521,0.956108
15.768,0.956245
15.7839,0.956381
15.7998,0.956518
15.8157,0.956653
15.8316,0.956789
15.8475,0.956924
15.8635,0.957059
15.8794,0.957193
15.8954,0.957327
15.9113,0.957461
15.9273,0.957595
15.9432,0.957728
15.9592,0.95786
15.9752,0.957993
15.9912,0.958124
16.0072,0.958256
16.0232,0.958387
16.0392,0.958518
16.0553,0.958649
16.0713,0.958779
16.0873,0.958909
16.1034,0.959038
16.1194,0.959167
16.1355,0.959296
16.1516,0.959425
16.1677,0.959553
16.1838,0.95968
16.1999,0.959808
16.216,0.959935
16.2321,0.960062
16.2482,0.960188
16.2643,0.960314
16.2805,0.96044
16.2966,0.960565
16.3128,0.96069
16.3289,0.960815
16.3451,0.960939
16.3613,0.961063
16.3775,0.961187
16.3937,0.96131
16.4099,0.961433
16.4261,0.961555
16.4423,0.961678
16.4585,0.9618
16.4748,0.961921
16.491,0.962043
16.5073,0.962164
16.5235,0.962284
16.5398,0.962405
16.5561,0.962525
16.5723,0.962644
16.5886,0.962763
16.6049,0.962882
16.6212,0.963001
16.6376,0.963119
16.6539,0.963237
16.6702,0.963355
16.6865,0.963473
16.7029,0.96359
16.7192,0.963706
16.7356,0.963823
16.752,0.963939
16.7684,0.964054
16.7847,0.96417
16.8011,0.964285
16.8175,0.9644
16.834,0.964514
16.8504,0.964628
16.8668,0.964742
16.8832,0.964856
16.8997,0.964969
16.9161,0.965082
16.9326,0.965194
16.9491,0.965307
16.9655,0.965419
16.982,0.96553
16.9985,0.965641
17.015,0.965752
17.0315,0.965863
17.048,0.965974
17.0646,0.966084
17.0811,0.966193
17.0976,0.966303
17.1142,0.966412
17.1307,0.966521
17.1473,0.966629
17.1639,0.966738
17.1804,0.966846
17.197,0.966953
17.2136,0.96706
17.2302,0.967167
17.2468,0.967274
17.2635,0.967381
17.2801,0.967487
17.2967,0.967593
17.3134,0.967698
17.33,0.967803
17.3467,0.967908
17.3633,0.968013
17.38,0.968117
17.3967,0.968221
17.4134,0.968325
17.4301,0.968428
17.4468,0.968531
17.4635,0.968634
17.4802,0.968737
17.497,0.968839
17.5137,0.968941
17.5304,0.969043
17.5472,0.969144
17.564,0.969245
17.5807,0.969346
17.5975,0.969447
17.6143,0.969547
17.6311,0.969647
17.6479,0.969746
17.6647,0.969846
17.6815,0.969945
17.6984,0.970044
17.7152,0.970142
17.732,0.97024
17.7489,0.970338
17.7657,0.970436
17.7826,0.970533
17.7995,0.970631
17.8164,0.970727
17.8333,0.970824
17.8502,0.97092
17.8671,0.971016
17.884,0.971112
17.9009,0.971207
17.9178,0.971303
17.9348,0.971397
17.9517,0.971492
17.9687,0.971586
17.9856,0.97168
18.0026,0.971774
18.0196,0.971868
18.0366,0.971961
18.0536,0.972054
18.0706,0.972147
18.0876,0.972239
18.1046,0.972331
18.1216,0.972423
18.1387,0.972515
18.1557,0.972606
18.1728,0.972697
18.1898,0.972788
18.2069,0.972879
18.224,0.972969
18.241,0.973059
18.2581,0.973149
18.2752,0.973238
18.2923,0.973328
18.3095,0.973417
18.3266,0.973505
18.3437,0.973594
18.3609,0.973682
18.378,0.97377
18.3952,0.973858
18.4123,0.973945
18.4295,0.974032
18.4467,0.974119
18.4639,0.974206
18.4811,0.974292
18.4983,0.974378
18.5155,0.974464
18.5327,0.97455
18.5499,0.974635
18.5672,0.97472
18.5844,0.974805
18.6016,0.97489
18.6189,0.974974
18.6362,0.975058
18.6534,0.975142
18.6707,0.975226
18.688,0.975309
18.7053,0.975392
18.7226,0.975475
18.7399,0.975558
18.7573,0.97564
18.7746,0.975722
18.7919,0.975804
18.8093,0.975886
18.8266,0.975967
18.844,0.976048
18.8614,0.976129
18.8788,0.97621
18.8961,0.97629
18.9135,0.976371
18.9309,0.976451
18.9484,0.97653
18.9658,0.97661
18.9832,0.976689
19.0006,0.976768
19.0181,0.976847
19.0355,0.976925
19.053,0.977003
19.0705,0.977082
19.0879,0.977159
19.1054,0.977237
19.1229,0.977314
19.1404,0.977391
19.1579,0.977468
19.1754,0.977545
19.193,0.977621
19.2105,0.977697
19.228,0.977773
19.2456,0.977849
19.2631,0.977925
19.2807,0.978
19.2983,0.978075
19.3158,0.97815
19.3334,0.978224
19.351,0.978299
19.3686,0.978373
19.3862,0.978447
19.4039,0.97852
19.4215,0.978594
19.4391,0.978667
19.4568,0.97874
19.4744,0.978813
19.4921,0.978885
19.5097,0.978958
19.5274,0.97903
19.5451,0.979102
19.5628,0.979173
19.5805,0.979245
19.5982,0.979316
19.6159,0.979387
19.6336,0.979458
19.6514,0.979528
19.6691,0.979599
19.6869,0.979669
19.7046,0.979739
19.7224,0.979808
19.7401,0.979878
19.7579,0.979947
19.7757,0.980016
19.7935,0.980085
19.8113,0.980154
19.8291,0.980222
19.8469,0.98029
19.8648,0.980358
19.8826,0.980426
19.9005,0.980494
19.9183,0.980561
19.9362,0.980628
19.954,0.980695
19.9719,0.980762
19.9898,0.980828
20.0077,0.980895
20.0256,0.980961
20.0435,0.981027
20.0614,0.981092
20.0793,0.981158
20.0973,0.981223
20.1152,0.981288
20.1331,0.981353
20.1511,0.981418
20.1691,0.981482
20.187,0.981547
20.205,0.981611
20.223,0.981675
20.241,0.981738
20.259,0.981802
20.277,0.981865
20.295,0.981928
20.3131,0.981991
20.3311,0.982054
20.3491,0.982116
20.3672,0.982179
20.3853,0.982241
20.4033,0.982303
20.4214,0.982364
20.4395,0.982426
20.4576,0.982487
20.4757,0.982548
20.4938,0.982609
20.5119,0.98267
20.53,0.982731
20.5481,0.982791
20.5663,0.982851
20.5844,0.982911
20.6026,0.982971
20.6208,0.98303
20.6389,0.98309
20.6571,0.983149
20.6753,0.983208
20.6935,0.983267
20.7117,0.983326
20.7299,0.983384
20.7481,0.983442
20.7664,0.983501
20.7846,0.983558
20.8028,0.983616
20.8211,0.983674
20.8393,0.983731
20.8576,0.983788
20.8759,0.983845
20.8942,0.983902
20.9125,0.983959
20.9308,0.984015
20.9491,0.984071
20.9674,0.984127
20.9857,0.984183
21.004,0.984239
21.0224,0.984295
21.0407,0.98435
21.0591,0.984405
21.0774,0.98446
21.0958,0.984515
21.1142,0.98457
21.1326,0.984624
21.151,0.984679
21.1694,0.984733
21.1878,0.984787
21.2062,0.98484
21.2246,0.984894
21.2431,0.984948
21.2615,0.985001
21.28,0.985054
21.2984,0.985107
21.3169,0.98516
21.3354,0.985212
21.3539,0.985265
21.3724,0.985317
21.3909,0.985369
21.4094,0.985421
21.4279,0.985472
21.4464,0.985524
21.4649,0.985575
21.4835,0.985627
21.502,0.985678
21.5206,0.985729
21.5391,0.985779
21.5577,0.98583
21.5763,0.98588
21.5949,0.985931
21.6135,0.985981
21.6321,0.986031
21.6507,0.98608
21.6693,0.98613
21.6879,0.986179
21.7066,0.986229
21.7252,0.986278
21.7439,0.986327
21.7625,0.986375
21.7812,0.986424
21.7999,0.986472
21.8186,0.986521
21.8373,0.986569
21.856,0.986617
21.8747,0.986665
21.8934,0.986712
21.9121,0.98676
21.9308,0.986807
21.9496,0.986854
21.9683,0.986901
21.9871,0.986948
22.0058,0.986995
22.0246,0.987042
22.0434,0.987088
22.0622,0.987134
22.081,0.98718
22.0998,0.987226
22.1186,0.987272
22.1374,0.987318
22.1562,0.987363
22.1751,0.987409
22.1939,0.987454
22.2128,0.987499
22.2316,0.987544
22.2505,0.987589
22.2694,0.987633
22.2883,0.987678
22.3072,0.987722
22.3261,0.987766
22.345,0.98781
22.3639,0.987854
22.3828,0.987898
22.4017,0.987941
22.4207,0.987985
22.4396,0.988028
22.4586,0.988071
22.4775,0.988114
22.4965,0.988157
22.5155,0.9882
22.5345,0.988242
22.5535,0.988285
22.5725,0.988327
22.5915,0.988369
22.6105,0.988411
22.6295,0.988453
22.6486,0.988495
22.6676,0.988536
22.6867,0.988578
22.7057,0.988619
22.7248,0.98866
22.7439,0.988701
22.763,0.988742
22.7821,0.988783
22.8012,0.988823
22.8203,0.988864
22.8394,0.988904
22.8585,0.988944
22.8776,0.988984
22.8968,0.989024
22.9159,0.989064
22.9351,0.989104
22.9542,0.989143
22.9734,0.989182
22.9926,0.989222
23.0118,0.989261
23.031,0.9893
23.0502,0.989339
23.0694,0.989377
23.0886,0.989416
23.1078,0.989454
23.1271,0.989493
23.1463,0.989531
23.1656,0.989569
23.1848,0.989607
23.2041,0.989645
23.2234,0.989682
23.2427,0.98972
23.262,0.989757
23.2813,0.989795
23.3006,0.989832
23.3199,0.989869
23.3392,0.989906
23.3585,0.989942
23.3779,0.989979
23.3972,0.990016
23.4166,0.990052
23.4359,0.990088
23.4553,0.990124
23.4747,0.99016
23.4941,0.990196
23.5135,0.990232
23.5329,0.990268
23.5523,0.990303
23.5717,0.990339
23.5911,0.990374
23.6106,0.990409
23.63,0.990444
23.6495,0.990479
23.6689,0.990514
23.6884,0.990549
23.7079,0.990583
23.7274,0.990618
23.7469,0.990652
23.7664,0.990686
23.7859,0.99072
23.8054,0.990754
23.8249,0.990788
23.8444,0.990822
23.864,0.990855
23.8835,0.990889
23.9031,0.990922
23.9226,0.990955
23.9422,0.990989
23.9618,0.991022
23.9814,0.991055
24.001,0.991087
24.0206,0.99112
24.0402,0.991153
24.0598,0.991185
24.0794,0.991217
24.0991,0.99125
24.1187,0.991282
24.1384,0.991314
24.158,0.991346
24.1777,0.991377
24.1974,0.991409
24.2171,0.991441
24.2368,0.991472
24.2565,0.991503
24.2762,0.991535
24.2959,0.991566
24.3156,0.991597
24.3353,0.991628
24.3551,0.991658
24.3748,0.991689
24.3946,0.99172
24.4144,0.99175
24.4341,0.991781
24.4539,0.991811
24.4737,0.991841
24.4935,0.991871
24.5133,0.991901
24.5331,0.991931
24.5529,0.99196
24.5728,0.99199
24.5926,0.99202
24.6124,0.992049
24.6323,0.992078
24.6521,0.992108
24.672,0.992137
24.6919,0.992166
24.7118,0.992194
24.7317,0.992223
24.7516,0.992252
24.7715,0.992281
24.7914,0.992309
24.8113,0.992337
24.8313,0.992366
24.8512,0.992394
24.8711,0.992422
24.8911,0.99245
24.9111,0.992478
24.931,0.992506
24.951,0.992533
24.971,0.992561
24.991,0.992588
25.011,0.992616
25.031,0.992643
25.051,0.99267
25.0711,0.992697
25.0911,0.992724
25.1111,0.992751
25.1312,0.992778
25.1513,0.992805
25.1713,0.992831
25.1914,0.992858
25.2115,0.992884
25.2316,0.99291
25.2517,0.992937
25.2718,0.992963
25.2919,0.992989
25.312,0.993015
25.3322,0.993041
25.3523,0.993066
25.3725,0.993092
25.3926,0.993118
25.4128,0.993143
25.4329,0.993169
25.4531,0.993194
25.4733,0.993219
25.4935,0.993244
25.5137,0.993269
25.5339,0.993294
25.5541,0.993319
25.5744,0.993344
25.5946,0.993368
25.6149,0.993393
25.6351,0.993417
25.6554,0.993442
25.6756,0.993466
25.6959,0.99349
25.7162,0.993514
25.7365,0.993538
25.7568,0.993562
25.7771,0.993586
25.7974,0.99361
25.8177,0.993634
25.8381,0.993657
25.8584,0.993681
25.8788,0.993704
25.8991,0.993728
25.9195,0.993751
25.9399,0.993774
25.9602,0.993797
25.9806,0.99382
26.001,0.993843
26.0214,0.993866
26.0418,0.993889
26.0623,0.993911
26.0827,0.993934
26.1031,0.993956
26.1236,0.993979
26.144,0.994001
26.1645,0.994024
26.185,0.994046
26.2054,0.994068
26.2259,0.99409
26.2464,0.994112
26.2669,0.994134
26.2874,0.994155
26.3079,0.994177
26.3285,0.994199
26.349,0.99422
26.3695,0.994242
26.3901,0.994263
26.4106,0.994284
26.4312,0.994306
26.4518,0.994327
26.4724,0.994348
26.4929,0.994369
26.5135,0.99439
26.5341,0.99441
26.5548,0.994431
26.5754,0.994452
26.596,0.994472
26.6166,0.994493
26.6373,0.994513
26.6579,0.994534
26.6786,0.994554
26.6993,0.994574
26.7199,0.994594
26.7406,0.994614
26.7613,0.994634
26.782,0.994654
26.8027,0.994674
26.8234,0.994694
26.8442,0.994714
26.8649,0.994733
26.8856,0.994753
26.9064,0.994772
26.9272,0.994792
26.9479,0.994811
26.9687,0.99483
26.9895,0.994849
27.0103,0.994869
27.0311,0.994888
27.0519,0.994907
27.0727,0.994925
27.0935,0.994944
27.1143,0.994963
27.1352,0.994982
27.156,0.995
27.1769,0.995019
27.1977,0.995037
27.2186,0.995056
27.2395,0.995074
27.2603,0.995092
27.2812,0.995111
27.3021,0.995129
27.323,0.995147
27.344,0.995165
27.3649,0.995183
27.3858,0.995201
27.4068,0.995218
27.4277,0.995236
27.4487,0.995254
27.4696,0.995271
27.4906,0.995289
27.5116,0.995306
27.5326,0.995324
27.5536,0.995341
27.5746,0.995358
27.5956,0.995375
27.6166,0.995393
27.6376,0.99541
27.6587,0.995427
27.6797,0.995444
27.7008,0.99546
27.7218,0.995477
27.7429,0.995494
27.764,0.995511
27.7851,0.995527
27.8062,0.995544
27.8273,0.99556
27.8484,0.995577
27.8695,0.995593
27.8906,0.995609
27.9117,0.995626
27.9329,0.995642
27.954,0.995658
27.9752,0.995674
27.9964,0.99569
28.0175,0.995706
28.0387,0.995722
28.0599,0.995737
28.0811,0.995753
28.1023,0.995769
28.1235,0.995784
28.1447,0.9958
28.166,0.995816
28.1872,0.995831
28.2084,0.995846
28.2297,0.995862
28.251,0.995877
28.2722,0.995892
28.2935,0.995907
28.3148,0.995922
28.3361,0.995937
28.3574,0.995952
28.3787,0.995967
28.4,0.995982
28.4213,0.995997
28.4427,0.996012
28.464,0.996026
28.4854,0.996041
28.5067,0.996056
28.5281,0.99607
28.5495,0.996085
28.5708,0.996099
28.5922,0.996113
28.6136,0.996128
28.635,0.996142
28.6564,0.996156
28.6779,0.99617
28.6993,0.996184
28.7207,0.996198
28.7422,0.996212
28.7636,0.996226
28.7851,0.99624
28.8066,0.996254
28.828,0.996268
28.8495,0.996281
28.871,0.996295
28.8925,0.996308
28.914,0.996322
28.9355,0.996335
28.9571,0.996349
28.9786,0.996362
29.0001,0.996376
29.0217,0.996389
29.0432,0.996402
29.0648,0.996415
29.0864,0.996428
29.108,0.996441
29.1295,0.996454
29.1511,0.996467
29.1727,0.99648
29.1944,0.996493
29.216,0.996506
29.2376,0.996519
29.2592,0.996531
29.2809,0.996544
29.3025,0.996557
29.3242,0.996569
29.3459,0.996582
29.3676,0.996594
29.3892,0.996607
29.4109,0.996619
29.4326,0.996631
29.4543,0.996644
29.4761,0.996656
29.4978,0.996668
29.5195,0.99668
29.5413,0.996692
29.563,0.996704
29.5848,0.996716
29.6065,0.996728
29.6283,0.99674
29.6501,0.996752
29.6719,0.996764
29.6937,0.996775
29.7155,0.996787
29.7373,0.996799
29.7591,0.99681
29.7809,0.996822
29.8028,0.996833
29.8246,0.996845
29.8465,0.996856
29.8683,0.996868
29.8902,0.996879
29.9121,0.99689
29.934,0.996902
29.9559,0.996913
29.9778,0.996924
29.9997,0.996935
30.0216,0.996946
30.0435,0.996957
30.0654,0.996968
30.0874,0.996979
30.1093,0.99699
30.1313,0.997001
30.1533,0.997011
30.1752,0.997022
30.1972,0.997033
30.2192,0.997044
30.2412,0.997054
30.2632,0.997065
30.2852,0.997075
30.3072,0.997086
30.3293,0.997096
30.3513,0.997107
30.3733,0.997117
30.3954,0.997127
30.4175,0.997138
30.4395,0.997148
30.4616,0.997158
30.4837,0.997168
30.5058,0.997178
30.5279,0.997189
30.55,0.997199
30.5721,0.997209
30.5942,0.997219
30.6164,0.997228
30.6385,0.997238
30.6607,0.997248
30.6828,0.997258
30.705,0.997268
30.7272,0.997277
30.7493,0.997287
30.7715,0.997297
30.7937,0.997306
30.8159,0.997316
30.8381,0.997326
30.8604,0.997335
30.8826,0.997344
30.9048,0.997354
30.9271,0.997363
30.9493,0.997373
30.9716,0.997382
30.9939,0.997391
31.0161,0.9974
31.0384,0.99741
31.0607,0.997419
31.083,0.997428
31.1053,0.997437
31.1276,0.997446
31.15,0.997455
31.1723,0.997464
31.1946,0.997473
31.217,0.997482
31.2394,0.997491
31.2617,0.997499
31.2841,0.997508
31.3065,0.997517
31.3289,0.997526
31.3513,0.997534
31.3737,0.997543
31.3961,0.997552
31.4185,0.99756
31.4409,0.997569
31.4634,0.997577
31.4858,0.997586
31.5083,0.997594
31.5307,0.997602
31.5532,0.997611
31.5757,0.997619
31.5982,0.997627
31.6207,0.997636
31.6432,0.997644
31.6657,0.997652
31.6882,0.99766
31.7107,0.997668
31.7332,0.997676
31.7558,0.997684
31.7783,0.997692
31.8009,0.9977
31.8235,0.997708
31.846,0.997716
31.8686,0.997724
31.8912,0.997732
31.9138,0.99774
31.9364,0.997748
31.959,0.997755
31.9816,0.997763
32.0043,0.997771
32.0269,0.997779
32.0496,0.997786
32.0722,0.997794
32.0949,0.997801
32.1175,0.997809
32.1402,0.997816
32.1629,0.997824
32.1856,0.997831
32.2083,0.997839
32.231,0.997846
32.2537,0.997853
32.2764,0.997861
32.2992,0.997868
32.3219,0.997875
32.3447,0.997883
32.3674,0.99789
32.3902,0.997897
32.413,0.997904
32.4357,0.997911
32.4585,0.997918
32.4813,0.997925
32.5041,0.997932
32.527,0.997939
32.5498,0.997946
32.5726,0.997953
32.5954,0.99796
32.6183,0.997967
32.6411,0.997974
32.664,0.997981
32.6869,0.997987
32.7097,0.997994
32.7326,0.998001
32.7555,0.998008
32.7784,0.998014
32.8013,0.998021
32.8243,0.998028
32.8472,0.998034
32.8701,0.998041
32.8931,0.998047
32.916,0.998054
32.939,0.99806
32.9619,0.998067
32.9849,0.998073
33.0079,0.998079
33.0309,0.998086
33.0539,0.998092
33.0769,0.998099
33.0999,0.998105
33.1229,0.998111
33.1459,0.998117
33.169,0.998124
33.192,0.99813
33.2151,0.998136
33.2381,0.998142
33.2612,0.998148
33.2843,0.998154
33.3074,0.99816
33.3305,0.998166
33.3536,0.998172
33.3767,0.998178
33.3998,0.998184
33.4229,0.99819
33.4461,0.998196
33.4692,0.998202
33.4923,0.998208
33.5155,0.998214
33.5387,0.998219
33.5618,0.998225
33.585,0.998231
33.6082,0.998237
33.6314,0.998242
33.6546,0.998248
33.6778,0.998254
33.7011,0.998259
33.7243,0.998265
33.7475,0.998271
33.7708,0.998276
33.794,0.998282
33.8173,0.998287
33.8406,0.998293
33.8638,0.998298
33.8871,0.998304
33.9104,0.998309
33.9337,0.998314
33.957,0.99832
33.9803,0.998325
34.0037,0.99833
34.027,0.998336
34.0503,0.998341
34.0737,0.998346
34.097,0.998351
34.1204,0.998357
34.1438,0.998362
34.1672,0.998367
34.1906,0.998372
34.214,0.998377
34.2374,0.998382
34.2608,0.998387
34.2842,0.998393
34.3076,0.998398
34.3311,0.998403
34.3545,0.998408
34.378,0.998413
34.4014,0.998417
34.4249,0.998422
34.4484,0.998427
34.4719,0.998432
34.4954,0.998437
34.5189,0.998442
34.5424,0.998447
34.5659,0.998452
34.5894,0.998456
34.6129,0.998461
34.6365,0.998466
34.66,0.998471
34.6836,0.998475
34.7072,0.99848
34.7307,0.998485
34.7543,0.998489
34.7779,0.998494
34.8015,0.998498
34.8251,0.998503
34.8487,0.998508
34.8723,0.998512
34.896,0.998517
34.9196,0.998521
34.9433,0.998526
34.9669,0.99853
34.9906,0.998534
35.0142,0.998539
35.0379,0.998543
35.0616,0.998548
35.0853,0.998552
35.109,0.998556
35.1327,0.998561
35.1564,0.998565
35.1802,0.998569
35.2039,0.998574
35.2276,0.998578
35.2514,0.998582
35.2751,0.998586
35.2989,0.99859
35.3227,0.998595
35.3465,0.998599
35.3703,0.998603
35.394,0.998607
35.4179,0.998611
35.4417,0.998615
35.4655,0.998619
35.4893,0.998623
35.5132,0.998627
35.537,0.998631
35.5609,0.998635
35.5847,0.998639
35.6086,0.998643
35.6325,0.998647
35.6564,0.998651
35.6802,0.998655
35.7042,0.998659
35.7281,0.998663
35.752,0.998667
35.7759,0.998671
35.7998,0.998674
35.8238,0.998678
35.8477,0.998682
35.8717,0.998686
35.8957,0.998689
35.9196,0.998693
35.9436,0.998697
35.9676,0.998701
35.9916,0.998704
36.0156,0.998708
36.0396,0.998712
36.0636,0.998715
36.0877,0.998719
36.1117,0.998723
36.1358,0.998726
36.1598,0.99873
36.1839,0.998733
36.2079,0.998737
36.232,0.99874
36.2561,0.998744
36.2802,0.998747
36.3043,0.998751
36.3284,0.998754
36.3525,0.998758
36.3767,0.998761
36.4008,0.998765
36.4249,0.998768
36.4491,0.998771
36.4732,0.998775
36.4974,0.998778
36.5216,0.998781
36.5458,0.998785
36.57,0.998788
36.5941,0.998791
36.6184,0.998795
36.6426,0.998798
36.6668,0.998801
36.691,0.998804
36.7153,0.998808
36.7395,0.998811
36.7638,0.998814
36.788,0.998817
36.8123,0.99882
36.8366,0.998824
36.8609,0.998827
36.8852,0.99883
36.9095,0.998833
36.9338,0.998836
36.9581,0.998839
36.9824,0.998842
37.0067,0.998845
37.0311,0.998848
37.0554,0.998851
37.0798,0.998854
37.1042,0.998857
37.1285,0.99886
37.1529,0.998863
37.1773,0.998866
37.2017,0.998869
37.2261,0.998872
37.2505,0.998875
37.2749,0.998878
37.2994,0.998881
37.3238,0.998884
37.3483,0.998887
37.3727,0.998889
37.3972,0.998892
37.4216,0.998895
37.4461,0.998898
37.4706,0.998901
37.4951,0.998904
37.5196,0.998906
37.5441,0.998909
37.5686,0.998912
37.5932,0.998915
37.6177,0.998917
37.6422,0.99892
37.6668,0.998923
37.6913,0.998925
37.7159,0.998928
37.7405,0.998931
37.7651,0.998933
37.7897,0.998936
37.8143,0.998939
37.8389,0.998941
37.8635,0.998944
37.8881,0.998947
37.9127,0.998949
37.9374,0.998952
37.962,0.998954
37.9867,0.998957
38.0113,0.998959
38.036,0.998962
38.0607,0.998964
38.0854,0.998967
38.1101,0.998969
38.1348,0.998972
38.1595,0.998974
38.1842,0.998977
38.2089,0.998979
38.2337,0.998982
38.2584,0.998984
38.2831,0.998986
38.3079,0.998989
38.3327,0.998991
38.3574,0.998994
38.3822,0.998996
38.407,0.998998
38.4318,0.999001
38.4566,0.999003
38.4814,0.999005
38.5063,0.999008
38.5311,0.99901
38.5559,0.999012
38.5808,0.999015
38.6056,0.999017
38.6305,0.999019
38.6554,0.999021
38.6802,0.999024
38.7051,0.999026
38.73,0.999028
38.7549,0.99903
38.7798,0.999032
38.8047,0.999035
38.8297,0.999037
38.8546,0.999039
38.8796,0.999041
38.9045,0.999043
38.9295,0.999045
38.9544,0.999047
38.9794,0.99905
39.0044,0.999052
39.0294,0.999054
39.0544,0.999056
39.0794,0.999058
39.1044,0.99906
39.1294,0.999062
39.1544,0.999064
39.1795,0.999066
39.2045,0.999068
39.2296,0.99907
39.2546,0.999072
39.2797,0.999074
39.3048,0.999076
39.3299,0.999078
39.355,0.99908
39.3801,0.999082
39.4052,0.999084
39.4303,0.999086
39.4554,0.999088
39.4806,0.99909
39.5057,0.999092
39.5309,0.999094
39.556,0.999096
39.5812,0.999098
39.6064,0.999099
39.6315,0.999101
39.6567,0.999103
39.6819,0.999105
39.7071,0.999107
39.7324,0.999109
39.7576,0.999111
39.7828,0.999112
39.808,0.999114
39.8333,0.999116
39.8585,0.999118
39.8838,0.99912
39.9091,0.999121
39.9344,0.999123
39.9596,0.999125
39.9849,0.999127
40.0102,0.999128
40.0356,0.99913
40.0609,0.999132
40.0862,0.999134
40.1115,0.999135
40.1369,0.999137
40.1622,0.999139
40.1876,0.99914
40.213,0.999142
40.2383,0.999144
40.2637,0.999145
40.2891,0.999147
40.3145,0.999149
40.3399,0.99915
40.3653,0.999152
40.3907,0.999154
40.4162,0.999155
40.4416,0.999157
40.4671,0.999158
40.4925,0.99916
40.518,0.999162
40.5434,0.999163
40.5689,0.999165
40.5944,0.999166
40.6199,0.999168
40.6454,0.999169
40.6709,0.999171
40.6964,0.999173
40.722,0.999174
40.7475,0.999176
40.773,0.999177
40.7986,0.999179
40.8241,0.99918
40.8497,0.999182
40.8753,0.999183
40.9009,0.999185
40.9265,0.999186
40.9521,0.999188
40.9777,0.999189
41.0033,0.99919
41.0289,0.999192
41.0545,0.999193
41.0802,0.999195
41.1058,0.999196
41.1315,0.999198
41.1571,0.999199
41.1828,0.9992
41.2085,0.999202
41.2342,0.999203
41.2599,0.999205
41.2856,0.999206
41.3113,0.999207
41.337,0.999209
41.3627,0.99921
41.3885,0.999211
41.4142,0.999213
41.44,0.999214
41.4657,0.999215
41.4915,0.999217
41.5173,0.999218
41.543,0.999219
41.5688,0.999221
41.5946,0.999222
41.6204,0.999223
41.6463,0.999225
41.6721,0.999226
41.6979,0.999227
41.7237,0.999228
41.7496,0.99923
41.7754,0.999231
41.8013,0.999232
41.8272,0.999233
41.8531,0.999235
41.8789,0.999236
41.9048,0.999237
41.9307,0.999238
41.9567,0.999239
41.9826,0.999241
42.0085,0.999242
42.0344,0.999243
42.0604,0.999244
42.0863,0.999245
42.1123,0.999247
42.1383,0.999248
42.1642,0.999249
42.1902,0.99925
42.2162,0.999251
42.2422,0.999252
42.2682,0.999254
42.2942,0.999255
42.3202,0.999256
42.3463,0.999257
42.3723,0.999258
42.3984,0.999259
42.4244,0.99926
42.4505,0.999261
42.4765,0.999263
42.5026,0.999264
42.5287,0.999265
42.5548,0.999266
42.5809,0.999267
42.607,0.999268
42.6331,0.999269
42.6593,0.99927
42.6854,0.999271
42.7115,0.999272
42.7377,0.999273
42.7639,0.999274
42.79,0.999275
42.8162,0.999276
42.8424,0.999277
42.8686,0.999278
42.8948,0.999279
42.921,0.99928
42.9472,0.999282
42.9734,0.999283
42.9996,0.999284
43.0259,0.999284
43.0521,0.999285
43.0784,0.999286
43.1046,0.999287
43.1309,0.999288
43.1572,0.999289
43.1835,0.99929
43.2098,0.999291
43.2361,0.999292
43.2624,0.999293
43.2887,0.999294
43.315,0.999295
43.3414,0.999296
43.3677,0.999297
43.3941,0.999298
43.4204,0.999299
43.4468,0.9993
43.4732,0.999301
43.4996,0.999302
43.5259,0.999302
43.5523,0.999303
43.5787,0.999304
43.6052,0.999305
43.6316,0.999306
43.658,0.999307
43.6845,0.999308
43.7109,0.999309
43.7374,0.99931
43.7638,0.99931
43.7903,0.999311
43.8168,0.999312
43.8433,0.999313
43.8698,0.999314
43.8963,0.999315
43.9228,0.999316
43.9493,0.999316
43.9758,0.999317
44.0023,0.999318
44.0289,0.999319
44.0554,0.99932
44.082,0.99932
44.1086,0.999321
44.1351,0.999322
44.1617,0.999323
44.1883,0.999324
44.2149,0.999324
44.2415,0.999325
44.2681,0.999326
44.2948,0.999327
44.3214,0.999328
44.348,0.999328
44.3747,0.999329
44.4013,0.99933
44.428,0.999331
44.4547,0.999331
44.4813,0.999332
44.508,0.999333
44.5347,0.999334
44.5614,0.999334
44.5881,0.999335
44.6149,0.999336
44.6416,0.999337
44.6683,0.999337
44.6951,0.999338
44.7218,0.999339
44.7486,0.99934
44.7753,0.99934
44.8021,0.999341
44.8289,0.999342
44.8557,0.999342
44.8825,0.999343
44.9093,0.999344
44.9361,0.999345
44.9629,0.999345
44.9898,0.999346
45.0166,0.999347
45.0435,0.999347
45.0703,0.999348
45.0972,0.999349
45.124,0.999349
45.1509,0.99935
45.1778,0.999351
45.2047,0.999351
45.2316,0.999352
45.2585,0.999353
45.2854,0.999353
45.3124,0.999354
45.3393,0.999355
45.3662,0.999355
45.3932,0.999356
45.4202,0.999356
45.4471,0.999357
45.4741,0.999358
45.5011,0.999358
45.5281,0.999359
45.5551,0.99936
45.5821,0.99936
45.6091,0.999361
45.6361,0.999361
45.6632,0.999362
45.6902,0.999363
45.7172,0.999363
45.7443,0.999364
45.7714,0.999364
45.7984,0.999365
45.8255,0.999366
45.8526,0.999366
45.8797,0.999367
45.9068,0.999367
45.9339,0.999368
45.961,0.999368
45.9881,0.999369
46.0153,0.99937
46.0424,0.99937
46.0696,0.999371
46.0967,0.999371
46.1239,0.999372
46.1511,0.999372
46.1783,0.999373
46.2055,0.999373
46.2327,0.999374
46.2599,0.999375
46.2871,0.999375
46.3143,0.999376
46.3415,0.999376
46.3688,0.999377
46.396,0.999377
46.4233,0.999378
46.4505,0.999378
46.4778,0.999379
46.5051,0.999379
46.5324,0.99938
46.5597,0.99938
46.587,0.999381
46.6143,0.999381
46.6416,0.999382
46.6689,0.999382
46.6963,0.999383
46.7236,0.999383
46.751,0.999384
46.7783,0.999384
46.8057,0.999385
46.8331,0.999385
46.8604,0.999386
46.8878,0.999386
46.9152,0.999387
46.9426,0.999387
46.9701,0.999388
46.9975,0.999388
47.0249,0.999389
47.0524,0.999389
47.0798,0.99939
47.1073,0.99939
47.1347,0.99939
47.1622,0.999391
47.1897,0.999391
47.2172,0.999392
47.2447,0.999392
47.2722,0.999393
47.2997,0.999393
47.3272,0.999394
47.3547,0.999394
47.3823,0.999394
47.4098,0.999395
47.4373,0.999395
47.4649,0.999396
47.4925,0.999396
47.52,0.999397
47.5476,0.999397
47.5752,0.999397
47.6028,0.999398
47.6304,0.999398
47.658,0.999399
47.6857,0.999399
47.7133,0.9994
47.7409,0.9994
47.7686,0.9994
47.7962,0.999401
47.8239,0.999401
47.8516,0.999402
47.8793,0.999402
47.9069,0.999402
47.9346,0.999403
47.9623,0.999403
47.9901,0.999404
48.0178,0.999404
48.0455,0.999404
48.0732,0.999405
48.101,0.999405
48.1287,0.999405
48.1565,0.999406
48.1843,0.999406
48.212,0.999407
48.2398,0.999407
48.2676,0.999407
48.2954,0.999408
48.3232,0.999408
48.351,0.999408
48.3789,0.999409
48.4067,0.999409
48.4345,0.99941
48.4624,0.99941
48.4902,0.99941
48.5181,0.999411
48.546,0.999411
48.5738,0.999411
48.6017,0.999412
48.6296,0.999412
48.6575,0.999412
48.6854,0.999413
48.7134,0.999413
48.7413,0.999413
48.7692,0.999414
48.7972,0.999414
48.8251,0.999414
48.8531,0.999415
48.881,0.999415
48.909,0.999415
48.937,0.999416
48.965,0.999416
48.993,0.999416
49.021,0.999417
49.049,0.999417
49.077,0.999417
49.1051,0.999418
49.1331,0.999418
49.1612,0.999418
49.1892,0.999419
49.2173,0.999419
49.2454,0.999419
49.2734,0.999419
49.3015,0.99942
49.3296,0.99942
49.3577,0.99942
49.3858,0.999421
49.414,0.999421
49.4421,0.999421
49.4702,0.999422
49.4984,0.999422
49.5265,0.999422
49.5547,0.999422
49.5828,0.999423
49.611,0.999423
49.6392,0.999423
49.6674,0.999424
49.6956,0.999424
49.7238,0.999424
49.752,0.999424
49.7802,0.999425
49.8085,0.999425
49.8367,0.999425
49.865,0.999426
49.8932,0.999426
49.9215,0.999426
49.9497,0.999426
49.978,0.999427
50.0063,0.999427
50.0346,0.999427
50.0629,0.999427
50.0912,0.999428
50.1195,0.999428
50.1479,0.999428
50.1762,0.999428
50.2046,0.999429
50.2329,0.999429
50.2613,0.999429
50.2896,0.999429
50.318,0.99943
50.3464,0.99943
50.3748,0.99943
50.4032,0.99943
50.4316,0.999431
50.46,0.999431
50.4884,0.999431
50.5169,0.999431
50.5453,0.999432
50.5737,0.999432
50.6022,0.999432
50.6307,0.999432
50.6591,0.999433
50.6876,0.999433
50.7161,0.999433
50.7446,0.999433
50.7731,0.999434
50.8016,0.999434
50.8301,0.999434
50.8587,0.999434
50.8872,0.999434
50.9157,0.999435
50.9443,0.999435
50.9729,0.999435
51.0014,0.999435
51.03,0.999436
51.0586,0.999436
51.0872,0.999436
51.1158,0.999436
51.1444,0.999436
51.173,0.999437
51.2016,0.999437
51.2303,0.999437
51.2589,0.999437
51.2875,0.999438
51.3162,0.999438
51.3449,0.999438
51.3735,0.999438
51.4022,0.999438
51.4309,0.999439
51.4596,0.999439
51.4883,0.999439
51.517,0.999439
51.5457,0.999439
51.5745,0.99944
51.6032,0.99944
51.6319,0.99944
51.6607,0.99944
51.6895,0.99944
51.7182,0.999441
51.747,0.999441
51.7758,0.999441
51.8046,0.999441
51.8334,0.999441
51.8622,0.999441
51.891,0.999442
51.9198,0.999442
51.9487,0.999442
51.9775,0.999442
52.0063,0.999442
52.0352,0.999443
52.0641,0.999443
52.0929,0.999443
52.1218,0.999443
52.1507,0.999443
52.1796,0.999443
52.2085,0.999444
52.2374,0.999444
52.2663,0.999444
52.2953,0.999444
52.3242,0.999444
52.3531,0.999445
52.3821,0.999445
52.4111,0.999445
52.44,0.999445
52.469,0.999445
52.498,0.999445
52.527,0.999446
52.556,0.999446
52.585,0.999446
52.614,0.999446
52.643,0.999446
52.6721,0.999446
52.7011,0.999447
52.7301,0.999447
52.7592,0.999447
52.7883,0.999447
52.8173,0.999447
52.8464,0.999447
52.8755,0.999447
52.9046,0.999448
52.9337,0.999448
52.9628,0.999448
52.9919,0.999448
53.0211,0.999448
53.0502,0.999448
53.0793,0.999449
53.1085,0.999449
53.1377,0.999449
53.1668,0.999449
53.196,0.999449
53.2252,0.999449
53.2544,0.999449
53.2836,0.99945
53.3128,0.99945
53.342,0.99945
53.3712,0.99945
53.4005,0.99945
53.4297,0.99945
53.4589,0.99945
53.4882,0.999451
53.5175,0.999451
53.5467,0.999451
53.576,0.999451
53.6053,0.999451
53.6346,0.999451
53.6639,0.999451
53.6932,0.999451
53.7225,0.999452
53.7519,0.999452
53.7812,0.999452
53.8105,0.999452
53.8399,0.999452
53.8693,0.999452
53.8986,0.999452
53.928,0.999452
53.9574,0.999453
53.9868,0.999453
54.0162,0.999453
54.0456,0.999453
54.075,0.999453
54.1044,0.999453
54.1339,0.999453
54.1633,0.999453
54.1927,0.999454
54.2222,0.999454
54.2517,0.999454
54.2811,0.999454
54.3106,0.999454
54.3401,0.999454
54.3696,0.999454
54.3991,0.999454
54.4286,0.999455
54.4581,0.999455
54.4877,0.999455
54.5172,0.999455
54.5467,0.999455
54.5763,0.999455
54.6059,0.999455
54.6354,0.999455
54.665,0.999455
54.6946,0.999456
54.7242,0.999456
54.7538,0.999456
54.7834,0.999456
54.813,0.999456
54.8426,0.999456
54.8723,0.999456
54.9019,0.999456
54.9316,0.999456
54.9612,0.999457
54.9909,0.999457
55.0205,0.999457
55.0502,0.999457
55.0799,0.999457
55.1096,0.999457
55.1393,0.999457
55.169,0.999457
55.1987,0.999457
55.2285,0.999457
55.2582,0.999458
55.288,0.999458
55.3177,0.999458
55.3475,0.999458
55.3772,0.999458
55.407,0.999458
55.4368,0.999458
55.4666,0.999458
55.4964,0.999458
55.5262,0.999458
55.556,0.999458
55.5858,0.999459
55.6157,0.999459
55.6455,0.999459
55.6754,0.999459
55.7052,0.999459
55.7351,0.999459
55.765,0.999459
55.7948,0.999459
55.8247,0.999459
55.8546,0.999459
55.8845,0.999459
55.9144,0.99946
55.9444,0.99946
55.9743,0.99946
56.0042,0.99946
56.0342,0.99946
56.0641,0.99946
56.0941,0.99946
56.124,0.99946
56.154,0.99946
56.184,0.99946
56.214,0.99946
56.244,0.99946
56.274,0.999461
56.304,0.999461
56.334,0.999461
56.3641,0.999461
56.3941,0.999461
56.4242,0.999461
56.4542,0.999461
56.4843,0.999461
56.5144,0.999461
56.5444,0.999461
56.5745,0.999461
56.6046,0.999461
56.6347,0.999462
56.6648,0.999462
56.695,0.999462
56.7251,0.999462
56.7552,0.999462
56.7854,0.999462
56.8155,0.999462
56.8457,0.999462
56.8759,0.999462
56.906,0.999462
56.9362,0.999462
56.9664,0.999462
56.9966,0.999462
57.0268,0.999462
57.057,0.999463
57.0873,0.999463
57.1175,0.999463
57.1477,0.999463
57.178,0.999463
57.2082,0.999463
57.2385,0.999463
57.2688,0.999463
57.2991,0.999463
57.3293,0.999463
57.3596,0.999463
57.3899,0.999463
57.4203,0.999463
57.4506,0.999463
57.4809,0.999463
57.5112,0.999464
57.5416,0.999464
57.5719,0.999464
57.6023,0.999464
57.6327,0.999464
57.663,0.999464
57.6934,0.999464
57.7238,0.999464
57.7542,0.999464
57.7846,0.999464
57.815,0.999464
57.8455,0.999464
57.8759,0.999464
57.9063,0.999464
57.9368,0.999464
57.9673,0.999464
57.9977,0.999465
58.0282,0.999465
58.0587,0.999465
58.0892,0.999465
58.1197,0.999465
58.1502,0.999465
58.1807,0.999465
58.2112,0.999465
58.2417,0.999465
58.2723,0.999465
58.3028,0.999465
58.3334,0.999465
58.3639,0.999465
58.3945,0.999465
58.4251,0.999465
58.4556,0.999465
58.4862,0.999465
58.5168,0.999465
58.5474,0.999465
58.5781,0.999466
58.6087,0.999466
58.6393,0.999466
58.67,0.999466
58.7006,0.999466
58.7313,0.999466
58.7619,0.999466
58.7926,0.999466
58.8233,0.999466
58.854,0.999466
58.8847,0.999466
58.9154,0.999466
58.9461,0.999466
58.9768,0.999466
59.0075,0.999466
59.0383,0.999466
59.069,0.999466
59.0998,0.999466
59.1305,0.999466
59.1613,0.999466
59.1921,0.999467
59.2229,0.999467
59.2537,0.999467
59.2845,0.999467
59.3153,0.999467
59.3461,0.999467
59.3769,0.999467
59.4077,0.999467
59.4386,0.999467
59.4694,0.999467
59.5003,0.999467
59.5311,0.999467
59.562,0.999467
59.5929,0.999467
59.6238,0.999467
59.6547,0.999467
59.6856,0.999467
59.7165,0.999467
59.7474,0.999467
59.7784,0.999467
59.8093,0.999467
59.8402,0.999467
59.8712,0.999467
59.9021,0.999468
59.9331,0.999468
59.9641,0.999468
59.9951,0.999468
60.0261,0.999468
60.0571,0.999468
60.0881,0.999468
60.1191,0.999468
60.1501,0.999468
60.1812,0.999468
60.2122,0.999468
60.2432,0.999468
60.2743,0.999468
60.3054,0.999468
60.3364,0.999468
60.3675,0.999468
60.3986,0.999468
60.4297,0.999468
60.4608,0.999468
60.4919,0.999468
60.523,0.999468
60.5542,0.999468
60.5853,0.999468
60.6165,0.999468
60.6476,0.999468
60.6788,0.999468
60.7099,0.999469
60.7411,0.999469
60.7723,0.999469
60.8035,0.999469
60.8347,0.999469
60.8659,0.999469
60.8971,0.999469
60.9283,0.999469
60.9596,0.999469
60.9908,0.999469
61.0221,0.999469
61.0533,0.999469
61.0846,0.999469
61.1159,0.999469
61.1471,0.999469
61.1784,0.999469
61.2097,0.999469
61.241,0.999469
61.2723,0.999469
61.3037,0.999469
61.335,0.999469
61.3663,0.999469
61.3977,0.999469
61.429,0.999469
61.4604,0.999469
61.4918,0.999469
61.5231,0.999469
61.5545,0.999469
61.5859,0.999469
61.6173,0.999469
61.6487,0.999469
61.6801,0.999469
61.7116,0.99947
61.743,0.99947
61.7744,0.99947
61.8059,0.99947
61.8373,0.99947
61.8688,0.99947
61.9003,0.99947
61.9318,0.99947
61.9633,0.99947
61.9948,0.99947
62.0263,0.99947
62.0578,0.99947
62.0893,0.99947
62.1208,0.99947
62.1524,0.99947
62.1839,0.99947
62.2155,0.99947
62.247,0.99947
62.2786,0.99947
62.3102,0.99947
62.3417,0.99947
62.3733,0.99947
62.4049,0.99947
62.4366,0.99947
62.4682,0.99947
62.4998,0.99947
62.5314,0.99947
62.5631,0.99947
62.5947,0.99947
62.6264,0.99947
62.658,0.99947
62.6897,0.99947
62.7214,0.99947
62.7531,0.99947
62.7848,0.99947
62.8165,0.99947
62.8482,0.99947
62.8799,0.99947
62.9116,0.999471
62.9434,0.999471
62.9751,0.999471
63.0069,0.999471
63.0386,0.999471
63.0704,0.999471
63.1022,0.999471
63.134,0.999471
63.1658,0.999471
63.1976,0.999471
63.2294,0.999471
63.2612,0.999471
63.293,0.999471
63.3249,0.999471
63.3567,0.999471
63.3885,0.999471
63.4204,0.999471
63.4523,0.999471
63.4841,0.999471
63.516,0.999471
63.5479,0.999471
63.5798,0.999471
63.6117,0.999471
63.6436,0.999471
63.6755,0.999471
63.7075,0.999471
63.7394,0.999471
63.7714,0.999471
63.8033,0.999471
63.8353,0.999471
63.8672,0.999471
63.8992,0.999471
63.9312,0.999471
63.9632,0.999471
63.9952,0.999471
64.0272,0.999471
64.0592,0.999471
64.0913,0.999471
64.1233,0.999471
64.1553,0.999471
64.1874,0.999471
64.2194,0.999471
64.2515,0.999471
64.2836,0.999471
64.3157,0.999471
64.3477,0.999471
64.3798,0.999471
64.4119,0.999471
64.4441,0.999471
64.4762,0.999471
64.5083,0.999471
64.5404,0.999472
64.5726,0.999472
64.6047,0.999472
64.6369,0.999472
64.6691,0.999472
64.7013,0.999472
64.7334,0.999472
64.7656,0.999472
64.7978,0.999472
64.83,0.999472
64.8623,0.999472
64.8945,0.999472
64.9267,0.999472
64.959,0.999472
64.9912,0.999472
65.0235,0.999472
65.0557,0.999472
65.088,0.999472
65.1203,0.999472
65.1526,0.999472
65.1849,0.999472
65.2172,0.999472
65.2495,0.999472
65.2818,0.999472
65.3141,0.999472
65.3465,0.999472
65.3788,0.999472
65.4112,0.999472
65.4435,0.999472
65.4759,0.999472
65.5083,0.999472
65.5407,0.999472
65.5731,0.999472
65.6055,0.999472
65.6379,0.999472
65.6703,0.999472
65.7027,0.999472
65.7351,0.999472
65.7676,0.999472
65.8,0.999472
65.8325,0.999472
65.865,0.999472
65.8974,0.999472
65.9299,0.999472
65.9624,0.999472
65.9949,0.999472
66.0274,0.999472
66.0599,0.999472
66.0924,0.999472
66.125,0.999472
66.1575,0.999472
66.1901,0.999472
66.2226,0.999472
66.2552,0.999472
66.2877,0.999472
66.3203,0.999472
66.3529,0.999472
66.3855,0.999472
66.4181,0.999472
66.4507,0.999472
66.4833,0.999472
66.516,0.999472
66.5486,0.999472
66.5812,0.999472
66.6139,0.999472
66.6465,0.999472
66.6792,0.999472
66.7119,0.999472
66.7446,0.999472
66.7772,0.999472
66.8099,0.999472
66.8426,0.999472
66.8754,0.999472
66.9081,0.999472
66.9408,0.999472
66.9735,0.999473
67.0063,0.999473
67.039,0.999473
67.0718,0.999473
67.1046,0.999473
67.1374,0.999473
67.1701,0.999473
67.2029,0.999473
67.2357,0.999473
67.2685,0.999473
67.3014,0.999473
67.3342,0.999473
67.367,0.999473
67.3999,0.999473
67.4327,0.999473
67.4656,0.999473
67.4984,0.999473
67.5313,0.999473
67.5642,0.999473
67.5971,0.999473
67.63,0.999473
67.6629,0.999473
67.6958,0.999473
67.7287,0.999473
67.7616,0.999473
67.7946,0.999473
67.8275,0.999473
67.8605,0.999473
67.8934,0.999473
67.9264,0.999473
67.9594,0.999473
67.9924,0.999473
68.0254,0.999473
68.0584,0.999473
68.0914,0.999473
68.1244,0.999473
68.1574,0.999473
68.1905,0.999473
68.2235,0.999473
68.2566,0.999473
68.2896,0.999473
68.3227,0.999473
68.3557,0.999473
68.3888,0.999473
68.4219,0.999473
68.455,0.999473
68.4881,0.999473
68.5212,0.999473
68.5544,0.999473
68.5875,0.999473
68.6206,0.999473
68.6538,0.999473
68.6869,0.999473
68.7201,0.999473
68.7533,0.999473
68.7864,0.999473
68.8196,0.999473
68.8528,0.999473
68.886,0.999473
68.9192,0.999473
68.9524,0.999473
68.9857,0.999473
69.0189,0.999473
69.0521,0.999473
69.0854,0.999473
69.1187,0.999473
69.1519,0.999473
69.1852,0.999473
69.2185,0.999473
69.2518,0.999473
69.2851,0.999473
69.3184,0.999473
69.3517,0.999473
69.385,0.999473
69.4183,0.999473
69.4517,0.999473
69.485,0.999473
69.5184,0.999473
69.5517,0.999473
69.5851,0.999473
69.6185,0.999473
69.6519,0.999473
69.6853,0.999473
69.7187,0.999473
69.7521,0.999473
69.7855,0.999473
69.8189,0.999473
69.8523,0.999473
69.8858,0.999473
69.9192,0.999473
69.9527,0.999473
69.9862,0.999473
70.0196,0.999473
70.0531,0.999473
70.0866,0.999473
70.1201,0.999473
70.1536,0.999473
70.1871,0.999473
70.2206,0.999473
70.2542,0.999473
70.2877,0.999473
70.3213,0.999473
70.3548,0.999473
70.3884,0.999473
70.4219,0.999473
70.4555,0.999473
70.4891,0.999473
70.5227,0.999473
70.5563,0.999473
70.5899,0.999473
70.6235,0.999473
70.6572,0.999473
70.6908,0.999473
70.7244,0.999473
70.7581,0.999473
70.7917,0.999473
70.8254,0.999473
70.8591,0.999473
70.8928,0.999473
70.9265,0.999473
70.9601,0.999473
70.9939,0.999473
71.0276,0.999473
71.0613,0.999473
71.095,0.999473
71.1288,0.999473
71.1625,0.999473
71.1963,0.999473
71.23,0.999473
71.2638,0.999473
71.2976,0.999473
71.3314,0.999473
71.3651,0.999473
71.3989,0.999473
71.4328,0.999473
71.4666,0.999473
71.5004,0.999473
71.5342,0.999473
71.5681,0.999473
71.6019,0.999473
71.6358,0.999473
71.6697,0.999473
71.7035,0.999473
71.7374,0.999473
71.7713,0.999473
71.8052,0.999473
71.8391,0.999474
71.873,0.999474
71.9069,0.999474
71.9409,0.999474
71.9748,0.999474
72.0088,0.999474
72.0427,0.999474
72.0767,0.999474
72.1106,0.999474
72.1446,0.999474
72.1786,0.999474
72.2126,0.999474
72.2466,0.999474
72.2806,0.999474
72.3146,0.999474
72.3487,0.999474
72.3827,0.999474
72.4167,0.999474
72.4508,0.999474
72.4848,0.999474
72.5189,0.999474
72.553,0.999474
72.5871,0.999474
72.6211,0.999474
72.6552,0.999474
72.6894,0.999474
72.7235,0.999474
72.7576,0.999474
72.7917,0.999474
72.8259,0.999474
72.86,0.999474
72.8942,0.999474
72.9283,0.999474
72.9625,0.999474
72.9967,0.999474
73.0309,0.999474
73.065,0.999474
73.0993,0.999474
73.1335,0.999474
73.1677,0.999474
73.2019,0.999474
73.2361,0.999474
73.2704,0.999474
73.3046,0.999474
73.3389,0.999474
73.3732,0.999474
73.4074,0.999474
73.4417,0.999474
73.476,0.999474
73.5103,0.999474
73.5446,0.999474
73.5789,0.999474
73.6132,0.999474
73.6476,0.999474
73.6819,0.999474
73.7163,0.999474
73.7506,0.999474
73.785,0.999474
73.8193,0.999474
73.8537,0.999474
73.8881,0.999474
73.9225,0.999474
73.9569,0.999474
73.9913,0.999474
74.0257,0.999474
74.0602,0.999474
74.0946,0.999474
74.129,0.999474
74.1635,0.999474
74.1979,0.999474
74.2324,0.999474
74.2669,0.999474
74.3014,0.999474
74.3359,0.999474
74.3704,0.999474
74.4049,0.999474
74.4394,0.999474
74.4739,0.999474
74.5084,0.999474
74.543,0.999474
74.5775,0.999474
74.6121,0.999474
74.6466,0.999474
74.6812,0.999474
74.7158,0.999474
74.7504,0.999474
74.785,0.999474
74.8196,0.999474
74.8542,0.999474
74.8888,0.999474
74.9234,0.999474
74.958,0.999474
74.9927,0.999474
75.0273,0.999474
75.062,0.999474
75.0967,0.999474
75.1313,0.999474
75.166,0.999474
75.2007,0.999474
75.2354,0.999474
75.2701,0.999474
75.3048,0.999474
75.3396,0.999474
75.3743,0.999474
75.409,0.999474
75.4438,0.999474
75.4785,0.999474
75.5133,0.999474
75.5481,0.999474
75.5828,0.999474
75.6176,0.999474
75.6524,0.999474
75.6872,0.999474
75.722,0.999474
75.7568,0.999474
75.7917,0.999474
75.8265,0.999474
75.8613,0.999474
75.8962,0.999474
75.9311,0.999474
75.9659,0.999474
76.0008,0.999474
76.0357,0.999474
76.0706,0.999474
76.1055,0.999474
76.1404,0.999474
76.1753,0.999474
76.2102,0.999474
76.2451,0.999474
76.2801,0.999474
76.315,0.999474
76.35,0.999474
76.3849,0.999474
76.4199,0.999474
76.4549,0.999474
76.4899,0.999474
76.5249,0.999474
76.5599,0.999474
76.5949,0.999474
76.6299,0.999474
76.6649,0.999474
76.7,0.999474
76.735,0.999474
76.7701,0.999474
76.8051,0.999474
76.8402,0.999474
76.8753,0.999474
76.9103,0.999474
76.9454,0.999474
76.9805,0.999474
77.0156,0.999474
77.0507,0.999474
77.0859,0.999474
77.121,0.999474
77.1561,0.999474
77.1913,0.999474
77.2264,0.999474
77.2616,0.999474
77.2968,0.999474
77.332,0.999474
77.3671,0.999474
77.4023,0.999474
77.4375,0.999474
77.4727,0.999474
77.508,0.999474
77.5432,0.999474
77.5784,0.999474
77.6137,0.999474
77.6489,0.999474
77.6842,0.999474
77.7194,0.999474
77.7547,0.999474
77.79,0.999474
77.8253,0.999474
77.8606,0.999474
77.8959,0.999474
77.9312,0.999474
77.9665,0.999474
78.0019,0.999474
78.0372,0.999474
78.0725,0.999474
78.1079,0.999474
78.1433,0.999474
78.1786,0.999474
78.214,0.999474
78.2494,0.999474
78.2848,0.999474
78.3202,0.999474
78.3556,0.999474
78.391,0.999474
78.4265,0.999474
78.4619,0.999474
78.4973,0.999474
78.5328,0.999474
78.5682,0.999474
78.6037,0.999474
78.6392,0.999474
78.6747,0.999474
78.7102,0.999474
78.7457,0.999474
78.7812,0.999474
78.8167,0.999474
78.8522,0.999474
78.8877,0.999474
78.9233,0.999474
78.9588,0.999474
78.9944,0.999474
79.0299,0.999474
79.0655,0.999474
79.1011,0.999474
79.1367,0.999474
79.1723,0.999474
79.2079,0.999474
79.2435,0.999474
79.2791,0.999474
79.3147,0.999474
79.3504,0.999474
79.386,0.999474
79.4216,0.999474
79.4573,0.999474
79.493,0.999474
79.5286,0.999474
79.5643,0.999474
79.6,0.999474
79.6357,0.999474
79.6714,0.999474
79.7071,0.999474
79.7429,0.999474
79.7786,0.999474
79.8143,0.999474
79.8501,0.999474
79.8858,0.999474
79.9216,0.999474
79.9574,0.999474
79.9931,0.999474
80.0289,0.999474
80.0647,0.999474
80.1005,0.999474
80.1363,0.999474
80.1722,0.999474
80.208,0.999474
80.2438,0.999474
80.2797,0.999474
80.3155,0.999474
80.3514,0.999474
80.3872,0.999474
80.4231,0.999474
80.459,0.999474
80.4949,0.999474
80.5308,0.999474
80.5667,0.999474
80.6026,0.999474
80.6385,0.999474
80.6745,0.999474
80.7104,0.999474
80.7463,0.999474
80.7823,0.999474
80.8183,0.999474
80.8542,0.999474
80.8902,0.999474
80.9262,0.999474
80.9622,0.999474
80.9982,0.999474
81.0342,0.999474
81.0702,0.999474
81.1063,0.999474
81.1423,0.999474
81.1783,0.999474
81.2144,0.999474
81.2504,0.999474
81.2865,0.999474
81.3226,0.999474
81.3587,0.999474
81.3948,0.999474
81.4309,0.999474
81.467,0.999474
81.5031,0.999474
81.5392,0.999474
81.5753,0.999474
81.6115,0.999474
81.6476,0.999474
81.6838,0.999474
81.7199,0.999474
81.7561,0.999474
81.7923,0.999474
81.8285,0.999474
81.8647,0.999474
81.9009,0.999474
81.9371,0.999474
81.9733,0.999474
82.0095,0.999474
82.0458,0.999474
82.082,0.999474
82.1183,0.999474
82.1545,0.999474
82.1908,0.999474
82.2271,0.999474
82.2633,0.999474
82.2996,0.999474
82.3359,0.999474
82.3722,0.999474
82.4086,0.999474
82.4449,0.999474
82.4812,0.999474
82.5175,0.999474
82.5539,0.999474
82.5902,0.999474
82.6266,0.999474
82.663,0.999474
82.6994,0.999474
82.7357,0.999474
82.7721,0.999474
82.8085,0.999474
82.845,0.999474
82.8814,0.999474
82.9178,0.999474
82.9542,0.999474
82.9907,0.999474
83.0271,0.999474
83.0636,0.999474
83.1001,0.999474
83.1365,0.999474
83.173,0.999474
83.2095,0.999474
83.246,0.999474
83.2825,0.999474
83.319,0.999474
83.3555,0.999474
83.3921,0.999474
83.4286,0.999474
83.4652,0.999474
83.5017,0.999474
83.5383,0.999474
83.5749,0.999474
83.6114,0.999474
83.648,0.999474
83.6846,0.999474
83.7212,0.999474
83.7578,0.999474
83.7944,0.999474
83.8311,0.999474
83.8677,0.999474
83.9044,0.999474
83.941,0.999474
83.9777,0.999474
84.0143,0.999474
84.051,0.999474
84.0877,0.999474
84.1244,0.999474
84.1611,0.999474
84.1978,0.999474
84.2345,0.999474
84.2712,0.999474
84.308,0.999474
84.3447,0.999474
84.3814,0.999474
84.4182,0.999474
84.455,0.999474
84.4917,0.999474
84.5285,0.999474
84.5653,0.999474
84.6021,0.999474
84.6389,0.999474
84.6757,0.999474
84.7125,0.999474
84.7494,0.999474
84.7862,0.999474
84.823,0.999474
84.8599,0.999474
84.8967,0.999474
84.9336,0.999474
84.9705,0.999474
85.0074,0.999474
85.0443,0.999474
85.0812,0.999474
85.1181,0.999474
85.155,0.999474
85.1919,0.999474
85.2288,0.999474
85.2658,0.999474
85.3027,0.999474
85.3397,0.999474
85.3766,0.999474
85.4136,0.999474
85.4506,0.999474
85.4876,0.999474
85.5246,0.999474
85.5616,0.999474
85.5986,0.999474
85.6356,0.999474
85.6726,0.999474
85.7097,0.999474
85.7467,0.999474
85.7838,0.999474
85.8208,0.999474
85.8579,0.999474
85.895,0.999474
85.932,0.999474
85.9691,0.999474
86.0062,0.999474
86.0433,0.999474
86.0805,0.999474
86.1176,0.999474
86.1547,0.999474
86.1919,0.999474
86.229,0.999474
86.2662,0.999474
86.3033,0.999474
86.3405,0.999474
86.3777,0.999474
86.4149,0.999474
86.4521,0.999474
86.4893,0.999474
86.5265,0.999474
86.5637,0.999474
86.6009,0.999474
86.6381,0.999474
86.6754,0.999474
86.7126,0.999474
86.7499,0.999474
86.7872,0.999474
86.8244,0.999474
86.8617,0.999474
86.899,0.999474
86.9363,0.999474
86.9736,0.999474
87.0109,0.999474
87.0483,0.999474
87.0856,0.999474
87.1229,0.999474
87.1603,0.999474
87.1976,0.999474
87.235,0.999474
87.2724,0.999474
87.3098,0.999474
87.3471,0.999474
87.3845,0.999474
87.4219,0.999474
87.4593,0.999474
87.4968,0.999474
87.5342,0.999474
87.5716,0.999474
87.6091,0.999474
87.6465,0.999474
87.684,0.999474
87.7215,0.999474
87.7589,0.999474
87.7964,0.999474
87.8339,0.999474
87.8714,0.999474
87.9089,0.999474
87.9464,0.999474
87.9839,0.999474
88.0215,0.999474
88.059,0.999474
88.0966,0.999474
88.1341,0.999474
88.1717,0.999474
88.2093,0.999474
88.2468,0.999474
88.2844,0.999474
88.322,0.999474
88.3596,0.999474
88.3972,0.999474
88.4349,0.999474
88.4725,0.999474
88.5101,0.999474
88.5478,0.999474
88.5854,0.999474
88.6231,0.999474
88.6607,0.999474
88.6984,0.999474
88.7361,0.999474
88.7738,0.999474
88.8115,0.999474
88.8492,0.999474
88.8869,0.999474
88.9246,0.999474
88.9624,0.999474
89.0001,0.999474
89.0379,0.999474
89.0756,0.999474
89.1134,0.999474
89.1511,0.999474
89.1889,0.999474
89.2267,0.999474
89.2645,0.999474
89.3023,0.999474
89.3401,0.999474
89.3779,0.999474
89.4158,0.999474
89.4536,0.999474
89.4914,0.999474
89.5293,0.999474
89.5672,0.999474
89.605,0.999474
89.6429,0.999474
89.6808,0.999474
89.7187,0.999474
89.7566,0.999474
89.7945,0.999474
89.8324,0.999474
89.8703,0.999474
89.9083,0.999474
89.9462,0.999474
89.9841,0.999474
90.0221,0.999474
90.0601,0.999474
90.098,0.999474
90.136,0.999474
90.174,0.999474
90.212,0.999474
90.25,0.999474
90.288,0.999474
90.326,0.999474
90.3641,0.999474
90.4021,0.999474
90.4401,0.999474
90.4782,0.999474
90.5162,0.999474
90.5543,0.999474
90.5924,0.999474
90.6305,0.999474
90.6686,0.999474
90.7067,0.999474
90.7448,0.999474
90.7829,0.999474
90.821,0.999474
90.8591,0.999474
90.8973,0.999474
90.9354,0.999474
90.9736,0.999474
91.0118,0.999474
91.0499,0.999474
91.0881,0.999474
91.1263,0.999474
91.1645,0.999474
91.2027,0.999474
91.2409,0.999474
91.2791,0.999474
91.3173,0.999474
91.3556,0.999474
91.3938,0.999474
91.4321,0.999474
91.4703,0.999474
91.5086,0.999474
91.5469,0.999474
91.5852,0.999474
91.6235,0.999474
91.6618,0.999474
91.7001,0.999474
91.7384,0.999474
91.7767,0.999474
91.815,0.999474
91.8534,0.999474
91.8917,0.999474
91.9301,0.999474
91.9684,0.999474
92.0068,0.999474
92.0452,0.999474
92.0836,0.999474
92.122,0.999474
92.1604,0.999474
92.1988,0.999474
92.2372,0.999474
92.2756,0.999474
92.3141,0.999474
92.3525,0.999474
92.391,0.999474
92.4294,0.999474
92.4679,0.999474
92.5064,0.999474
92.5449,0.999474
92.5834,0.999474
92.6219,0.999474
92.6604,0.999474
92.6989,0.999474
92.7374,0.999474
92.7759,0.999474
92.8145,0.999474
92.853,0.999474
92.8916,0.999474
92.9301,0.999474
92.9687,0.999474
93.0073,0.999474
93.0459,0.999474
93.0845,0.999474
93.1231,0.999474
93.1617,0.999474
93.2003,0.999474
93.2389,0.999474
93.2776,0.999474
93.3162,0.999474
93.3549,0.999474
93.3935,0.999474
93.4322,0.999474
93.4709,0.999474
93.5096,0.999474
93.5482,0.999474
93.5869,0.999474
93.6257,0.999474
93.6644,0.999474
93.7031,0.999474
93.7418,0.999474
93.7806,0.999474
93.8193,0.999474
93.8581,0.999474
93.8968,0.999474
93.9356,0.999474
93.9744,0.999474
94.0132,0.999474
94.052,0.999474
94.0908,0.999474
94.1296,0.999474
94.1684,0.999474
94.2072,0.999474
94.2461,0.999474
94.2849,0.999474
94.3238,0.999474
94.3626,0.999474
94.4015,0.999474
94.4404,0.999474
94.4793,0.999474
94.5181,0.999474
94.557,0.999474
94.596,0.999474
94.6349,0.999474
94.6738,0.999474
94.7127,0.999474
94.7517,0.999474
94.7906,0.999474
94.8296,0.999474
94.8685,0.999474
94.9075,0.999474
94.9465,0.999474
94.9855,0.999474
95.0245,0.999474
95.0635,0.999474
95.1025,0.999474
95.1415,0.999474
95.1805,0.999474
95.2196,0.999474
95.2586,0.999474
95.2977,0.999474
95.3367,0.999474
95.3758,0.999474
95.4149,0.999474
95.454,0.999474
95.493,0.999474
95.5321,0.999474
95.5713,0.999474
95.6104,0.999474
95.6495,0.999474
95.6886,0.999474
95.7278,0.999474
95.7669,0.999474
95.8061,0.999474
95.8452,0.999474
95.8844,0.999474
95.9236,0.999474
95.9628,0.999474
96.002,0.999474
96.0412,0.999474
96.0804,0.999474
96.1196,0.999474
96.1588,0.999474
96.1981,0.999474
96.2373,0.999474
96.2766,0.999474
96.3158,0.999474
96.3551,0.999474
96.3944,0.999474
96.4337,0.999474
96.4729,0.999474
96.5122,0.999474
96.5516,0.999474
96.5909,0.999474
96.6302,0.999474
96.6695,0.999474
96.7089,0.999474
96.7482,0.999474
96.7876,0.999474
96.8269,0.999474
96.8663,0.999474
96.9057,0.999474
96.9451,0.999474
96.9845,0.999474
97.0239,0.999474
97.0633,0.999474
97.1027,0.999474
97.1421,0.999474
97.1816,0.999474
97.221,0.999474
97.2605,0.999474
97.2999,0.999474
97.3394,0.999474
97.3789,0.999474
97.4184,0.999474
97.4579,0.999474
97.4974,0.999474
97.5369,0.999474
97.5764,0.999474
97.6159,0.999474
97.6554,0.999474
97.695,0.999474
97.7345,0.999474
97.7741,0.999474
97.8136,0.999474
97.8532,0.999474
97.8928,0.999474
97.9324,0.999474
97.972,0.999474
98.0116,0.999474
98.0512,0.999474
98.0908,0.999474
98.1304,0.999474
98.1701,0.999474
98.2097,0.999474
98.2494,0.999474
98.289,0.999474
98.3287,0.999474
98.3684,0.999474
98.4081,0.999474
98.4478,0.999474
98.4875,0.999474
98.5272,0.999474
98.5669,0.999474
98.6066,0.999474
98.6463,0.999474
98.6861,0.999474
98.7258,0.999474
98.7656,0.999474
98.8053,0.999474
98.8451,0.999474
98.8849,0.999474
98.9247,0.999474
98.9645,0.999474
99.0043,0.999474
99.0441,0.999474
99.0839,0.999474
99.1238,0.999474
99.1636,0.999474
99.2034,0.999474
99.2433,0.999474
99.2831,0.999474
99.323,0.999474
99.3629,0.999474
99.4028,0.999474
99.4427,0.999474
99.4826,0.999474
99.5225,0.999474
99.5624,0.999474
99.6023,0.999474
99.6422,0.999474
99.6822,0.999474
99.7221,0.999474
99.7621,0.999474
99.8021,0.999474
99.842,0.999474
99.882,0.999474
99.922,0.999474
99.962,0.999474
