r2,N_IIM
3.61152e-06,1.62036e-76
1e-08,6.05457e-13
4.41168e-06,1.32528e-07
1.68166e-05,1.24993e-06
3.72246e-05,4.38232e-06
6.56359e-05,1.03541e-05
0.00010205,1.98054e-05
0.000146468,3.32346e-05
0.000198889,5.10322e-05
0.000259313,7.35051e-05
0.00032774,0.000100895
0.000404171,0.000133392
0.000488605,0.000171144
0.000581041,0.000214265
0.000681482,0.000262842
0.000789925,0.000316938
0.000906371,0.000376599
0.00103082,0.000441854
0.00116327,0.000512717
0.00130373,0.000589194
0.00145219,0.00067128
0.00160865,0.000758962
0.00177312,0.000852219
0.00194559,0.000951028
0.00212606,0.00105536
0.00231453,0.00116517
0.00251101,0.00128044
0.00271549,0.00140111
0.00292798,0.00152715
0.00314847,0.0016585
0.00337696,0.00179513
0.00361345,0.00193698
0.00385795,0.00208401
0.00411045,0.00223616
0.00437096,0.00239338
0.00463946,0.00255562
0.00491597,0.00272284
0.00520049,0.00289496
0.005493,0.00307195
0.00579352,0.00325375
0.00610205,0.00344031
0.00641857,0.00363157
0.0067431,0.00382748
0.00707564,0.004028
0.00741617,0.00423306
0.00776471,0.00444261
0.00812125,0.00465662
0.0084858,0.00487501
0.00885835,0.00509775
0.0092389,0.00532478
0.00962746,0.00555605
0.010024,0.00579152
0.0104286,0.00603113
0.0108411,0.00627484
0.0112617,0.00652259
0.0116903,0.00677435
0.0121269,0.00703006
0.0125714,0.00728969
0.013024,0.00755317
0.0134846,0.00782047
0.0139532,0.00809155
0.0144298,0.00836636
0.0149144,0.00864485
0.015407,0.00892699
0.0159076,0.00921272
0.0164162,0.00950202
0.0169328,0.00979483
0.0174574,0.0100911
0.01799,0.0103908
0.0185306,0.010694
0.0190792,0.0110004
0.0196359,0.0113102
0.0202005,0.0116233
0.0207731,0.0119396
0.0213537,0.0122592
0.0219424,0.0125819
0.022539,0.0129077
0.0231437,0.0132366
0.0237563,0.0135686
0.024377,0.0139036
0.0250056,0.0142416
0.0256423,0.0145826
0.0262869,0.0149265
0.0269396,0.0152733
0.0276002,0.0156229
0.0282689,0.0159754
0.0289456,0.0163306
0.0296303,0.0166886
0.0303229,0.0170494
0.0310236,0.0174128
0.0317323,0.017779
0.032449,0.0181477
0.0331737,0.0185191
0.0339064,0.0188931
0.0346471,0.0192696
0.0353958,0.0196486
0.0361525,0.0200302
0.0369172,0.0204142
0.0376899,0.0208007
0.0384706,0.0211895
0.0392593,0.0215808
0.040056,0.0219744
0.0408607,0.0223704
0.0416735,0.0227687
0.0424942,0.0231692
0.0433229,0.023572
0.0441597,0.0239771
0.0450044,0.0243844
0.0458571,0.0247938
0.0467179,0.0252055
0.0475866,0.0256193
0.0484634,0.0260351
0.0493481,0.0264531
0.0502409,0.0268732
0.0511417,0.0272953
0.0520504,0.0277194
0.0529672,0.0281456
0.053892,0.0285737
0.0548247,0.0290038
0.0557655,0.0294359
0.0567143,0.0298698
0.0576711,0.0303057
0.0586359,0.0307435
0.0596086,0.0311831
0.0605894,0.0316245
0.0615782,0.0320678
0.062575,0.0325129
0.0635798,0.0329598
0.0645926,0.0334084
0.0656134,0.0338588
0.0666423,0.0343109
0.0676791,0.0347647
0.0687239,0.0352202
0.0697767,0.0356774
0.0708375,0.0361363
0.0719064,0.0365967
0.0729832,0.0370588
0.074068,0.0375226
0.0751609,0.0379879
0.0762617,0.0384547
0.0773705,0.0389232
0.0784874,0.0393931
0.0796122,0.0398646
0.0807451,0.0403376
0.0818859,0.0408121
0.0830348,0.0412881
0.0841917,0.0417655
0.0853565,0.0422444
0.0865294,0.0427247
0.0877103,0.0432064
0.0888992,0.0436895
0.090096,0.0441741
0.0913009,0.0446599
0.0925138,0.0451472
0.0937347,0.0456358
0.0949636,0.0461257
0.0962005,0.0466169
0.0974454,0.0471095
0.0986983,0.0476033
0.0999592,0.0480984
0.101228,0.0485947
0.102505,0.0490924
0.10379,0.0495912
0.105083,0.0500913
0.106384,0.0505926
0.107693,0.0510951
0.10901,0.0515987
0.110335,0.0521036
0.111667,0.0526096
0.113008,0.0531168
0.114357,0.0536251
0.115714,0.0541345
0.117079,0.054645
0.118452,0.0551567
0.119833,0.0556694
0.121222,0.0561832
0.122619,0.0566981
0.124024,0.0572141
0.125437,0.0577311
0.126858,0.0582491
0.128287,0.0587682
0.129724,0.0592882
0.131169,0.0598093
0.132622,0.0603314
0.134083,0.0608545
0.135552,0.0613785
0.137029,0.0619035
0.138514,0.0624295
0.140007,0.0629564
0.141508,0.0634842
0.143017,0.0640129
0.144534,0.0645426
0.146059,0.0650732
0.147592,0.0656047
0.149133,0.0661371
0.150682,0.0666703
0.152239,0.0672044
0.153804,0.0677394
0.155377,0.0682752
0.156958,0.0688119
0.158547,0.0693494
0.160144,0.0698877
0.161749,0.0704268
0.163362,0.0709668
0.164983,0.0715075
0.166612,0.0720491
0.168249,0.0725914
0.169894,0.0731345
0.171547,0.0736784
0.173208,0.074223
0.174878,0.0747683
0.176555,0.0753145
0.17824,0.0758613
0.179933,0.0764089
0.181634,0.0769572
0.183343,0.0775062
0.18506,0.0780559
0.186785,0.0786063
0.188518,0.0791574
0.190259,0.0797091
0.192008,0.0802616
0.193765,0.0808147
0.195531,0.0813685
0.197304,0.0819229
0.199085,0.082478
0.200874,0.0830337
0.202671,0.08359
0.204476,0.084147
0.206289,0.0847046
0.20811,0.0852628
0.20994,0.0858216
0.211777,0.086381
0.213622,0.086941
0.215475,0.0875016
0.217336,0.0880627
0.219205,0.0886245
0.221082,0.0891868
0.222968,0.0897496
0.224861,0.090313
0.226762,0.090877
0.228671,0.0914415
0.230588,0.0920065
0.232513,0.0925721
0.234447,0.0931382
0.236388,0.0937048
0.238337,0.0942719
0.240294,0.0948395
0.242259,0.0954077
0.244232,0.0959763
0.246214,0.0965454
0.248203,0.097115
0.2502,0.0976851
0.252205,0.0982556
0.254218,0.0988266
0.25624,0.0993981
0.258269,0.09997
0.260306,0.100542
0.262351,0.101115
0.264405,0.101689
0.266466,0.102262
0.268535,0.102836
0.270612,0.103411
0.272697,0.103986
0.274791,0.104561
0.276892,0.105137
0.279001,0.105713
0.281118,0.10629
0.283244,0.106867
0.285377,0.107444
0.287518,0.108022
0.289667,0.1086
0.291825,0.109179
0.29399,0.109758
0.296163,0.110337
0.298345,0.110917
0.300534,0.111497
0.302731,0.112077
0.304936,0.112658
0.30715,0.113239
0.309371,0.11382
0.3116,0.114402
0.313838,0.114984
0.316083,0.115567
0.318336,0.116149
0.320597,0.116732
0.322867,0.117316
0.325144,0.117899
0.327429,0.118483
0.329723,0.119068
0.332024,0.119652
0.334333,0.120237
0.336651,0.120822
0.338976,0.121408
0.341309,0.121994
0.343651,0.12258
0.346,0.123166
0.348357,0.123753
0.350723,0.124339
0.353096,0.124927
0.355477,0.125514
0.357867,0.126102
0.360264,0.12669
0.362669,0.127278
0.365083,0.127866
0.367504,0.128455
0.369934,0.129044
0.372371,0.129633
0.374816,0.130222
0.37727,0.130812
0.379731,0.131401
0.3822,0.131991
0.384678,0.132582
0.387163,0.133172
0.389657,0.133763
0.392158,0.134354
0.394667,0.134945
0.397185,0.135536
0.39971,0.136128
0.402244,0.136719
0.404785,0.137311
0.407335,0.137903
0.409892,0.138495
0.412457,0.139088
0.415031,0.139681
0.417612,0.140273
0.420202,0.140866
0.422799,0.141459
0.425405,0.142053
0.428018,0.142646
0.430639,0.14324
0.433269,0.143834
0.435906,0.144428
0.438552,0.145022
0.441205,0.145616
0.443867,0.146211
0.446536,0.146805
0.449214,0.1474
0.451899,0.147995
0.454593,0.14859
0.457294,0.149185
0.460004,0.14978
0.462721,0.150375
0.465447,0.150971
0.46818,0.151567
0.470922,0.152162
0.473671,0.152758
0.476429,0.153354
0.479194,0.15395
0.481968,0.154547
0.484749,0.155143
0.487539,0.155739
0.490336,0.156336
0.493142,0.156933
0.495955,0.157529
0.498777,0.158126
0.501606,0.158723
0.504444,0.15932
0.507289,0.159917
0.510143,0.160515
0.513004,0.161112
0.515874,0.161709
0.518751,0.162307
0.521637,0.162904
0.524531,0.163502
0.527432,0.1641
0.530342,0.164697
0.533259,0.165295
0.536185,0.165893
0.539118,0.166491
0.54206,0.167089
0.54501,0.167687
0.547967,0.168285
0.550933,0.168883
0.553906,0.169482
0.556888,0.17008
0.559878,0.170678
0.562875,0.171277
0.565881,0.171875
0.568894,0.172474
0.571916,0.173072
0.574946,0.173671
0.577983,0.17427
0.581029,0.174868
0.584082,0.175467
0.587144,0.176066
0.590214,0.176664
0.593291,0.177263
0.596377,0.177862
0.599471,0.178461
0.602572,0.17906
0.605682,0.179659
0.608799,0.180257
0.611925,0.180856
0.615059,0.181455
0.6182,0.182054
0.62135,0.182653
0.624508,0.183252
0.627673,0.183851
0.630847,0.18445
0.634029,0.185049
0.637218,0.185648
0.640416,0.186247
0.643622,0.186846
0.646835,0.187445
0.650057,0.188044
0.653287,0.188643
0.656525,0.189242
0.65977,0.189841
0.663024,0.19044
0.666286,0.191039
0.669555,0.191638
0.672833,0.192237
0.676119,0.192836
0.679413,0.193435
0.682714,0.194034
0.686024,0.194632
0.689342,0.195231
0.692667,0.19583
0.696001,0.196429
0.699343,0.197028
0.702693,0.197626
0.70605,0.198225
0.709416,0.198824
0.71279,0.199422
0.716172,0.200021
0.719561,0.20062
0.722959,0.201218
0.726365,0.201817
0.729779,0.202415
0.7332,0.203013
0.73663,0.203612
0.740068,0.20421
0.743514,0.204808
0.746968,0.205407
0.750429,0.206005
0.753899,0.206603
0.757377,0.207201
0.760863,0.207799
0.764356,0.208397
0.767858,0.208995
0.771368,0.209593
0.774886,0.210191
0.778412,0.210788
0.781946,0.211386
0.785487,0.211984
0.789037,0.212581
0.792595,0.213179
0.796161,0.213776
0.799735,0.214374
0.803316,0.214971
0.806906,0.215568
0.810504,0.216165
0.81411,0.216762
0.817724,0.217359
0.821346,0.217956
0.824976,0.218553
0.828613,0.21915
0.832259,0.219747
0.835913,0.220343
0.839575,0.22094
0.843245,0.221536
0.846923,0.222133
0.850609,0.222729
0.854302,0.223325
0.858004,0.223922
0.861714,0.224518
0.865432,0.225114
0.869158,0.22571
0.872892,0.226305
0.876634,0.226901
0.880384,0.227497
0.884142,0.228092
0.887907,0.228688
0.891681,0.229283
0.895463,0.229878
0.899253,0.230473
0.903051,0.231069
0.906857,0.231663
0.910671,0.232258
0.914493,0.232853
0.918323,0.233448
0.922161,0.234042
0.926007,0.234637
0.929861,0.235231
0.933723,0.235825
0.937593,0.23642
0.941471,0.237014
0.945356,0.237608
0.94925,0.238201
0.953152,0.238795
0.957062,0.239389
0.96098,0.239982
0.964906,0.240576
0.96884,0.241169
0.972782,0.241762
0.976732,0.242355
0.98069,0.242948
0.984656,0.243541
0.98863,0.244133
0.992612,0.244726
0.996602,0.245319
1.0006,0.245911
1.00461,0.246503
1.00862,0.247095
1.01264,0.247687
1.01667,0.248279
1.02071,0.248871
1.02476,0.249462
1.02881,0.250054
1.03287,0.250645
1.03694,0.251236
1.04102,0.251827
1.04511,0.252418
1.0492,0.253009
1.0533,0.2536
1.05741,0.254191
1.06153,0.254781
1.06566,0.255371
1.06979,0.255962
1.07393,0.256552
1.07808,0.257141
1.08224,0.257731
1.08641,0.258321
1.09058,0.25891
1.09476,0.2595
1.09895,0.260089
1.10315,0.260678
1.10736,0.261267
1.11157,0.261856
1.11579,0.262445
1.12002,0.263033
1.12426,0.263621
1.12851,0.26421
1.13276,0.264798
1.13702,0.265386
1.14129,0.265974
1.14557,0.266561
1.14986,0.267149
1.15415,0.267736
1.15845,0.268323
1.16276,0.26891
1.16708,0.269497
1.17141,0.270084
1.17574,0.270671
1.18009,0.271257
1.18444,0.271844
1.18879,0.27243
1.19316,0.273016
1.19753,0.273602
1.20192,0.274187
1.20631,0.274773
1.2107,0.275358
1.21511,0.275944
1.21952,0.276529
1.22395,0.277114
1.22838,0.277698
1.23282,0.278283
1.23726,0.278868
1.24172,0.279452
1.24618,0.280036
1.25065,0.28062
1.25513,0.281204
1.25961,0.281787
1.26411,0.282371
1.26861,0.282954
1.27312,0.283537
1.27764,0.28412
1.28216,0.284703
1.2867,0.285286
1.29124,0.285869
1.29579,0.286451
1.30035,0.287033
1.30491,0.287615
1.30949,0.288197
1.31407,0.288779
1.31866,0.28936
1.32326,0.289942
1.32787,0.290523
1.33248,0.291104
1.3371,0.291685
1.34173,0.292265
1.34637,0.292846
1.35102,0.293426
1.35567,0.294006
1.36033,0.294586
1.365,0.295166
1.36968,0.295746
1.37437,0.296325
1.37906,0.296905
1.38376,0.297484
1.38847,0.298063
1.39319,0.298641
1.39792,0.29922
1.40265,0.299798
1.4074,0.300377
1.41215,0.300955
1.4169,0.301533
1.42167,0.30211
1.42645,0.302688
1.43123,0.303265
1.43602,0.303842
1.44082,0.304419
1.44562,0.304996
1.45044,0.305573
1.45526,0.306149
1.46009,0.306726
1.46493,0.307302
1.46977,0.307878
1.47463,0.308453
1.47949,0.309029
1.48436,0.309604
1.48924,0.31018
1.49413,0.310755
1.49902,0.311329
1.50392,0.311904
1.50883,0.312478
1.51375,0.313053
1.51868,0.313627
1.52361,0.314201
1.52855,0.314774
1.5335,0.315348
1.53846,0.315921
1.54343,0.316494
1.5484,0.317067
1.55339,0.31764
1.55838,0.318213
1.56338,0.318785
1.56838,0.319357
1.5734,0.319929
1.57842,0.320501
1.58345,0.321073
1.58849,0.321644
1.59353,0.322216
1.59859,0.322787
1.60365,0.323357
1.60872,0.323928
1.6138,0.324499
1.61889,0.325069
1.62398,0.325639
1.62908,0.326209
1.63419,0.326779
1.63931,0.327348
1.64444,0.327918
1.64957,0.328487
1.65471,0.329056
1.65987,0.329624
1.66502,0.330193
1.67019,0.330761
1.67536,0.331329
1.68055,0.331897
1.68574,0.332465
1.69094,0.333033
1.69614,0.3336
1.70136,0.334167
1.70658,0.334734
1.71181,0.335301
1.71705,0.335868
1.7223,0.336434
1.72755,0.337
1.73281,0.337566
1.73808,0.338132
1.74336,0.338698
1.74865,0.339263
1.75394,0.339828
1.75924,0.340393
1.76456,0.340958
1.76987,0.341523
1.7752,0.342087
1.78053,0.342651
1.78588,0.343215
1.79123,0.343779
1.79659,0.344343
1.80195,0.344906
1.80733,0.345469
1.81271,0.346032
1.8181,0.346595
1.8235,0.347158
1.82891,0.34772
1.83432,0.348282
1.83974,0.348844
1.84517,0.349406
1.85061,0.349967
1.85606,0.350529
1.86151,0.35109
1.86698,0.351651
1.87245,0.352212
1.87793,0.352772
1.88341,0.353333
1.88891,0.353893
1.89441,0.354453
1.89992,0.355012
1.90544,0.355572
1.91096,0.356131
1.9165,0.35669
1.92204,0.357249
1.92759,0.357808
1.93315,0.358366
1.93872,0.358925
1.94429,0.359483
1.94988,0.360041
1.95547,0.360598
1.96106,0.361156
1.96667,0.361713
1.97229,0.36227
1.97791,0.362827
1.98354,0.363384
1.98918,0.36394
1.99482,0.364496
2.00048,0.365052
2.00614,0.365608
2.01181,0.366164
2.01749,0.366719
2.02318,0.367274
2.02887,0.367829
2.03457,0.368384
2.04029,0.368938
2.046,0.369493
2.05173,0.370047
2.05747,0.370601
2.06321,0.371154
2.06896,0.371708
2.07472,0.372261
2.08048,0.372814
2.08626,0.373367
2.09204,0.37392
2.09783,0.374472
2.10363,0.375024
2.10944,0.375576
2.11525,0.376128
2.12108,0.37668
2.12691,0.377231
2.13274,0.377782
2.13859,0.378333
2.14445,0.378884
2.15031,0.379434
2.15618,0.379985
2.16206,0.380535
2.16795,0.381085
2.17384,0.381634
2.17974,0.382184
2.18565,0.382733
2.19157,0.383282
2.1975,0.383831
2.20343,0.384379
2.20938,0.384928
2.21533,0.385476
2.22129,0.386024
2.22725,0.386572
2.23323,0.387119
2.23921,0.387667
2.2452,0.388214
2.2512,0.38876
2.25721,0.389307
2.26322,0.389854
2.26924,0.3904
2.27528,0.390946
2.28131,0.391492
2.28736,0.392037
2.29342,0.392583
2.29948,0.393128
2.30555,0.393673
2.31163,0.394218
2.31772,0.394762
2.32381,0.395306
2.32991,0.39585
2.33602,0.396394
2.34214,0.396938
2.34827,0.397481
2.3544,0.398025
2.36055,0.398568
2.3667,0.39911
2.37286,0.399653
2.37902,0.400195
2.3852,0.400737
2.39138,0.401279
2.39757,0.401821
2.40377,0.402363
2.40998,0.402904
2.41619,0.403445
2.42242,0.403986
2.42865,0.404526
2.43489,0.405067
2.44113,0.405607
2.44739,0.406147
2.45365,0.406687
2.45992,0.407226
2.4662,0.407765
2.47249,0.408305
2.47878,0.408843
2.48509,0.409382
2.4914,0.409921
2.49771,0.410459
2.50404,0.410997
2.51038,0.411535
2.51672,0.412072
2.52307,0.41261
2.52943,0.413147
2.5358,0.413684
2.54217,0.41422
2.54855,0.414757
2.55495,0.415293
2.56134,0.415829
2.56775,0.416365
2.57417,0.4169
2.58059,0.417436
2.58702,0.417971
2.59346,0.418506
2.59991,0.419041
2.60636,0.419575
2.61282,0.420109
2.6193,0.420644
2.62577,0.421177
2.63226,0.421711
2.63876,0.422244
2.64526,0.422778
2.65177,0.423311
2.65829,0.423843
2.66482,0.424376
2.67135,0.424908
2.67789,0.42544
2.68445,0.425972
2.691,0.426504
2.69757,0.427035
2.70415,0.427567
2.71073,0.428098
2.71732,0.428628
2.72392,0.429159
2.73053,0.429689
2.73714,0.430219
2.74376,0.430749
2.7504,0.431279
2.75703,0.431808
2.76368,0.432338
2.77034,0.432867
2.777,0.433395
2.78367,0.433924
2.79035,0.434452
2.79704,0.434981
2.80373,0.435508
2.81044,0.436036
2.81715,0.436564
2.82387,0.437091
2.83059,0.437618
2.83733,0.438145
2.84407,0.438671
2.85082,0.439198
2.85758,0.439724
2.86435,0.44025
2.87112,0.440776
2.87791,0.441301
2.8847,0.441826
2.8915,0.442351
2.8983,0.442876
2.90512,0.443401
2.91194,0.443925
2.91877,0.44445
2.92561,0.444973
2.93246,0.445497
2.93931,0.446021
2.94618,0.446544
2.95305,0.447067
2.95993,0.44759
2.96681,0.448113
2.97371,0.448635
2.98061,0.449157
2.98752,0.449679
2.99444,0.450201
3.00137,0.450722
3.00831,0.451244
3.01525,0.451765
3.0222,0.452286
3.02916,0.452806
3.03613,0.453327
3.0431,0.453847
3.05009,0.454367
3.05708,0.454887
3.06408,0.455406
3.07108,0.455926
3.0781,0.456445
3.08512,0.456964
3.09215,0.457482
3.09919,0.458001
3.10624,0.458519
3.11329,0.459037
3.12036,0.459555
3.12743,0.460072
3.13451,0.46059
3.14159,0.461107
3.14869,0.461624
3.15579,0.462141
3.1629,0.462657
3.17002,0.463173
3.17715,0.463689
3.18429,0.464205
3.19143,0.464721
3.19858,0.465236
3.20574,0.465751
3.21291,0.466266
3.22008,0.466781
3.22727,0.467295
3.23446,0.46781
3.24166,0.468324
3.24886,0.468837
3.25608,0.469351
3.2633,0.469864
3.27053,0.470378
3.27777,0.470891
3.28502,0.471403
3.29228,0.471916
3.29954,0.472428
3.30681,0.47294
3.31409,0.473452
3.32138,0.473964
3.32867,0.474475
3.33598,0.474986
3.34329,0.475497
3.35061,0.476008
3.35793,0.476518
3.36527,0.477029
3.37261,0.477539
3.37996,0.478049
3.38732,0.478558
3.39469,0.479068
3.40207,0.479577
3.40945,0.480086
3.41684,0.480595
3.42424,0.481103
3.43165,0.481612
3.43906,0.48212
3.44649,0.482628
3.45392,0.483135
3.46136,0.483643
3.4688,0.48415
3.47626,0.484657
3.48372,0.485164
3.49119,0.48567
3.49867,0.486177
3.50616,0.486683
3.51366,0.487189
3.52116,0.487694
3.52867,0.4882
3.53619,0.488705
3.54372,0.48921
3.55125,0.489715
3.5588,0.49022
3.56635,0.490724
3.57391,0.491228
3.58147,0.491732
3.58905,0.492236
3.59663,0.492739
3.60423,0.493243
3.61182,0.493746
3.61943,0.494249
3.62705,0.494751
3.63467,0.495254
3.6423,0.495756
3.64994,0.496258
3.65759,0.49676
3.66524,0.497261
3.67291,0.497762
3.68058,0.498264
3.68826,0.498764
3.69595,0.499265
3.70364,0.499766
3.71135,0.500266
3.71906,0.500766
3.72678,0.501266
3.7345,0.501765
3.74224,0.502264
3.74998,0.502764
3.75773,0.503263
3.76549,0.503761
3.77326,0.50426
3.78104,0.504758
3.78882,0.505256
3.79661,0.505754
3.80441,0.506251
3.81222,0.506749
3.82003,0.507246
3.82786,0.507743
3.83569,0.50824
3.84353,0.508736
3.85138,0.509233
3.85923,0.509729
3.8671,0.510225
3.87497,0.51072
3.88285,0.511216
3.89073,0.511711
3.89863,0.512206
3.90653,0.512701
3.91445,0.513195
3.92236,0.51369
3.93029,0.514184
3.93823,0.514678
3.94617,0.515171
3.95412,0.515665
3.96208,0.516158
3.97005,0.516651
3.97803,0.517144
3.98601,0.517637
3.994,0.518129
4.002,0.518621
4.01001,0.519113
4.01802,0.519605
4.02605,0.520096
4.03408,0.520588
4.04212,0.521079
4.05017,0.52157
4.05822,0.52206
4.06629,0.522551
4.07436,0.523041
4.08244,0.523531
4.09052,0.524021
4.09862,0.524511
4.10672,0.525
4.11484,0.525489
4.12295,0.525978
4.13108,0.526467
4.13922,0.526955
4.14736,0.527444
4.15551,0.527932
4.16367,0.52842
4.17184,0.528907
4.18002,0.529395
4.1882,0.529882
4.19639,0.530369
4.20459,0.530856
4.2128,0.531342
4.22101,0.531829
4.22924,0.532315
4.23747,0.532801
4.24571,0.533287
4.25396,0.533772
4.26221,0.534257
4.27048,0.534742
4.27875,0.535227
4.28703,0.535712
4.29532,0.536196
4.30361,0.536681
4.31192,0.537165
4.32023,0.537648
4.32855,0.538132
4.33687,0.538615
4.34521,0.539099
4.35355,0.539581
4.36191,0.540064
4.37027,0.540547
4.37863,0.541029
4.38701,0.541511
4.39539,0.541993
4.40378,0.542475
4.41218,0.542956
4.42059,0.543437
4.42901,0.543918
4.43743,0.544399
4.44586,0.54488
4.4543,0.54536
4.46275,0.54584
4.47121,0.54632
4.47967,0.5468
4.48814,0.54728
4.49662,0.547759
4.50511,0.548238
4.51361,0.548717
4.52211,0.549196
4.53062,0.549674
4.53914,0.550152
4.54767,0.55063
4.55621,0.551108
4.56475,0.551586
4.5733,0.552063
4.58186,0.55254
4.59043,0.553017
4.599,0.553494
4.60759,0.553971
4.61618,0.554447
4.62478,0.554923
4.63339,0.555399
4.642,0.555875
4.65063,0.55635
4.65926,0.556826
4.6679,0.557301
4.67655,0.557776
4.6852,0.55825
4.69387,0.558724
4.70254,0.559197
4.71122,0.55967
4.71991,0.560142
4.7286,0.560614
4.73731,0.561085
4.74602,0.561555
4.75474,0.562024
4.76347,0.562493
4.7722,0.562962
4.78095,0.563429
4.7897,0.563897
4.79846,0.564363
4.80723,0.564829
4.816,0.565294
4.82478,0.565759
4.83358,0.566223
4.84238,0.566686
4.85118,0.567149
4.86,0.567611
4.86882,0.568072
4.87766,0.568533
4.8865,0.568993
4.89534,0.569453
4.9042,0.569912
4.91306,0.57037
4.92194,0.570828
4.93082,0.571285
4.9397,0.571742
4.9486,0.572198
4.9575,0.572653
4.96642,0.573108
4.97534,0.573562
4.98426,0.574016
4.9932,0.574468
5.00214,0.574921
5.0111,0.575372
5.02006,0.575824
5.02902,0.576274
5.038,0.576724
5.04698,0.577173
5.05598,0.577622
5.06498,0.57807
5.07398,0.578518
5.083,0.578965
5.09202,0.579411
5.10106,0.579857
5.1101,0.580302
5.11914,0.580746
5.1282,0.58119
5.13726,0.581633
5.14634,0.582076
5.15542,0.582518
5.1645,0.58296
5.1736,0.583401
5.1827,0.583841
5.19182,0.584281
5.20094,0.58472
5.21006,0.585159
5.2192,0.585597
5.22834,0.586035
5.2375,0.586471
5.24666,0.586908
5.25582,0.587344
5.265,0.587779
5.27418,0.588213
5.28338,0.588647
5.29258,0.589081
5.30178,0.589513
5.311,0.589946
5.32022,0.590377
5.32946,0.590809
5.3387,0.591239
5.34795,0.591669
5.3572,0.592098
5.36647,0.592527
5.37574,0.592956
5.38502,0.593383
5.39431,0.59381
5.4036,0.594237
5.41291,0.594663
5.42222,0.595088
5.43154,0.595513
5.44087,0.595937
5.4502,0.596361
5.45955,0.596784
5.4689,0.597207
5.47826,0.597629
5.48763,0.59805
5.497,0.598471
5.50639,0.598892
5.51578,0.599312
5.52518,0.599731
5.53459,0.60015
5.544,0.600568
5.55343,0.600985
5.56286,0.601402
5.5723,0.601819
5.58175,0.602235
5.5912,0.60265
5.60067,0.603065
5.61014,0.603479
5.61962,0.603893
5.62911,0.604306
5.63861,0.604719
5.64811,0.605131
5.65762,0.605542
5.66714,0.605953
5.67667,0.606364
5.68621,0.606774
5.69575,0.607183
5.7053,0.607592
5.71486,0.608
5.72443,0.608408
5.73401,0.608815
5.74359,0.609222
5.75318,0.609628
5.76278,0.610034
5.77239,0.610439
5.78201,0.610843
5.79163,0.611247
5.80127,0.611651
5.81091,0.612054
5.82055,0.612456
5.83021,0.612858
5.83987,0.613259
5.84955,0.61366
5.85923,0.61406
5.86892,0.61446
5.87861,0.614859
5.88832,0.615258
5.89803,0.615656
5.90775,0.616054
5.91748,0.616451
5.92721,0.616848
5.93696,0.617244
5.94671,0.617639
5.95647,0.618034
5.96624,0.618429
5.97601,0.618823
5.9858,0.619217
5.99559,0.61961
6.00539,0.620002
6.0152,0.620394
6.02502,0.620785
6.03484,0.621176
6.04467,0.621567
6.05451,0.621957
6.06436,0.622346
6.07422,0.622735
6.08408,0.623123
6.09395,0.623511
6.10384,0.623898
6.11372,0.624285
6.12362,0.624671
6.13352,0.625057
6.14344,0.625443
6.15336,0.625827
6.16329,0.626212
6.17322,0.626595
6.18317,0.626979
6.19312,0.627362
6.20308,0.627744
6.21305,0.628126
6.22302,0.628507
6.23301,0.628888
6.243,0.629268
6.253,0.629648
6.26301,0.630027
6.27303,0.630406
6.28305,0.630784
6.29308,0.631162
6.30312,0.631539
6.31317,0.631916
6.32323,0.632293
6.33329,0.632668
6.34336,0.633044
6.35345,0.633419
6.36353,0.633793
6.37363,0.634167
6.38373,0.63454
6.39385,0.634913
6.40397,0.635286
6.4141,0.635657
6.42423,0.636029
6.43438,0.6364
6.44453,0.63677
6.45469,0.63714
6.46486,0.63751
6.47503,0.637879
6.48522,0.638247
6.49541,0.638616
6.50561,0.638983
6.51582,0.63935
6.52604,0.639717
6.53626,0.640083
6.54649,0.640449
6.55673,0.640814
6.56698,0.641179
6.57724,0.641543
6.5875,0.641907
6.59778,0.64227
6.60806,0.642633
6.61835,0.642995
6.62864,0.643357
6.63895,0.643719
6.64926,0.64408
6.65958,0.64444
6.66991,0.6448
6.68024,0.64516
6.69059,0.645519
6.70094,0.645877
6.7113,0.646236
6.72167,0.646593
6.73205,0.64695
6.74243,0.647307
6.75282,0.647664
6.76322,0.648019
6.77363,0.648375
6.78405,0.64873
6.79447,0.649084
6.80491,0.649438
6.81535,0.649792
6.8258,0.650145
6.83625,0.650497
6.84672,0.65085
6.85719,0.651201
6.86767,0.651553
6.87816,0.651903
6.88866,0.652254
6.89916,0.652604
6.90967,0.652953
6.92019,0.653302
6.93072,0.653651
6.94126,0.653999
6.9518,0.654347
6.96236,0.654694
6.97292,0.65504
6.98349,0.655387
6.99406,0.655733
7.00465,0.656078
7.01524,0.656423
7.02584,0.656768
7.03645,0.657112
7.04707,0.657455
7.05769,0.657799
7.06832,0.658141
7.07896,0.658484
7.08961,0.658826
7.10027,0.659167
7.11093,0.659508
7.12161,0.659849
7.13229,0.660189
7.14298,0.660528
7.15367,0.660868
7.16438,0.661206
7.17509,0.661545
7.18581,0.661883
7.19654,0.66222
7.20728,0.662557
7.21802,0.662894
7.22877,0.66323
7.23953,0.663566
7.2503,0.663901
7.26108,0.664236
7.27186,0.664571
7.28266,0.664905
7.29346,0.665238
7.30427,0.665572
7.31508,0.665904
7.32591,0.666237
7.33674,0.666569
7.34758,0.6669
7.35843,0.667231
7.36929,0.667562
7.38015,0.667892
7.39102,0.668222
7.4019,0.668551
7.41279,0.66888
7.42369,0.669209
7.43459,0.669537
7.44551,0.669865
7.45643,0.670192
7.46736,0.670519
7.47829,0.670845
7.48924,0.671171
7.50019,0.671497
7.51115,0.671822
7.52212,0.672147
7.5331,0.672472
7.54408,0.672795
7.55508,0.673119
7.56608,0.673442
7.57708,0.673765
7.5881,0.674087
7.59913,0.674409
7.61016,0.674731
7.6212,0.675052
7.63225,0.675372
7.64331,0.675693
7.65437,0.676013
7.66544,0.676332
7.67652,0.676651
7.68761,0.67697
7.69871,0.677288
7.70981,0.677606
7.72093,0.677923
7.73205,0.67824
7.74318,0.678557
7.75431,0.678873
7.76546,0.679189
7.77661,0.679504
7.78777,0.679819
7.79894,0.680134
7.81012,0.680448
7.8213,0.680762
7.8325,0.681076
7.8437,0.681389
7.85491,0.681701
7.86612,0.682014
7.87735,0.682325
7.88858,0.682637
7.89982,0.682948
7.91107,0.683259
7.92233,0.683569
7.93359,0.683879
7.94487,0.684188
7.95615,0.684497
7.96743,0.684806
7.97873,0.685114
7.99004,0.685422
8.00135,0.68573
8.01267,0.686037
8.024,0.686344
8.03534,0.68665
8.04668,0.686956
8.05803,0.687262
8.0694,0.687567
8.08076,0.687872
8.09214,0.688176
8.10353,0.68848
8.11492,0.688784
8.12632,0.689087
8.13773,0.68939
8.14915,0.689693
8.16057,0.689995
8.172,0.690297
8.18344,0.690598
8.19489,0.690899
8.20635,0.6912
8.21782,0.6915
8.22929,0.6918
8.24077,0.6921
8.25226,0.692399
8.26376,0.692697
8.27526,0.692996
8.28677,0.693294
8.29829,0.693592
8.30982,0.693889
8.32136,0.694186
8.33291,0.694482
8.34446,0.694778
8.35602,0.695074
8.36759,0.69537
8.37917,0.695665
8.39075,0.695959
8.40234,0.696254
8.41395,0.696548
8.42555,0.696841
8.43717,0.697134
8.4488,0.697427
8.46043,0.69772
8.47207,0.698012
8.48372,0.698303
8.49538,0.698595
8.50704,0.698886
8.51871,0.699176
8.5304,0.699467
8.54208,0.699757
8.55378,0.700046
8.56549,0.700335
8.5772,0.700624
8.58892,0.700913
8.60065,0.701201
8.61239,0.701489
8.62413,0.701776
8.63589,0.702063
8.64765,0.70235
8.65942,0.702636
8.67119,0.702922
8.68298,0.703208
8.69477,0.703493
8.70657,0.703778
8.71838,0.704062
8.7302,0.704347
8.74202,0.70463
8.75386,0.704914
8.7657,0.705197
8.77755,0.70548
8.7894,0.705762
8.80127,0.706044
8.81314,0.706326
8.82502,0.706607
8.83691,0.706888
8.84881,0.707169
8.86072,0.70745
8.87263,0.70773
8.88455,0.708009
8.89648,0.708288
8.90842,0.708567
8.92036,0.708846
8.93231,0.709124
8.94428,0.709402
8.95624,0.70968
8.96822,0.709957
8.98021,0.710234
8.9922,0.71051
9.0042,0.710787
9.01621,0.711063
9.02823,0.711338
9.04025,0.711613
9.05229,0.711888
9.06433,0.712163
9.07638,0.712437
9.08843,0.712711
9.1005,0.712984
9.11257,0.713257
9.12465,0.71353
9.13674,0.713802
9.14884,0.714075
9.16095,0.714346
9.17306,0.714618
9.18518,0.714889
9.19731,0.71516
9.20945,0.71543
9.22159,0.7157
9.23374,0.71597
9.24591,0.71624
9.25808,0.716509
9.27025,0.716778
9.28244,0.717046
9.29463,0.717314
9.30683,0.717582
9.31904,0.71785
9.33126,0.718117
9.34348,0.718384
9.35572,0.71865
9.36796,0.718916
9.38021,0.719182
9.39247,0.719448
9.40473,0.719713
9.417,0.719978
9.42929,0.720242
9.44157,0.720507
9.45387,0.720771
9.46618,0.721034
9.47849,0.721297
9.49081,0.72156
9.50314,0.721823
9.51548,0.722085
9.52782,0.722347
9.54018,0.722609
9.55254,0.72287
9.56491,0.723131
9.57729,0.723392
9.58967,0.723652
9.60206,0.723912
9.61447,0.724172
9.62687,0.724432
9.63929,0.724691
9.65172,0.724949
9.66415,0.725208
9.67659,0.725466
9.68904,0.725724
9.7015,0.725981
9.71396,0.726239
9.72644,0.726496
9.73892,0.726752
9.75141,0.727008
9.76391,0.727264
9.77641,0.72752
9.78892,0.727775
9.80145,0.728031
9.81398,0.728285
9.82651,0.72854
9.83906,0.728794
9.85161,0.729048
9.86417,0.729301
9.87674,0.729554
9.88932,0.729807
9.90191,0.73006
9.9145,0.730312
9.9271,0.730564
9.93971,0.730816
9.95233,0.731067
9.96495,0.731318
9.97759,0.731569
9.99023,0.731819
10.0029,0.732069
10.0155,0.732319
10.0282,0.732569
10.0409,0.732818
10.0536,0.733067
10.0662,0.733315
10.0789,0.733564
10.0916,0.733812
10.1044,0.73406
10.1171,0.734307
10.1298,0.734554
10.1425,0.734801
10.1553,0.735047
10.168,0.735294
10.1808,0.73554
10.1936,0.735785
10.2064,0.736031
10.2191,0.736276
10.2319,0.73652
10.2447,0.736765
10.2575,0.737009
10.2704,0.737253
10.2832,0.737496
10.296,0.73774
10.3089,0.737983
10.3217,0.738225
10.3346,0.738468
10.3474,0.73871
10.3603,0.738952
10.3732,0.739193
10.3861,0.739435
10.399,0.739675
10.4119,0.739916
10.4248,0.740156
10.4377,0.740397
10.4507,0.740636
10.4636,0.740876
10.4765,0.741115
10.4895,0.741354
10.5024,0.741593
10.5154,0.741831
10.5284,0.742069
10.5414,0.742307
10.5544,0.742544
10.5674,0.742782
10.5804,0.743019
10.5934,0.743255
10.6064,0.743492
10.6195,0.743728
10.6325,0.743963
10.6456,0.744199
10.6586,0.744434
10.6717,0.744669
10.6848,0.744904
10.6978,0.745138
10.7109,0.745372
10.724,0.745606
10.7371,0.74584
10.7502,0.746073
10.7634,0.746306
10.7765,0.746539
10.7896,0.746771
10.8028,0.747003
10.8159,0.747235
10.8291,0.747467
10.8423,0.747698
10.8554,0.747929
10.8686,0.74816
10.8818,0.748391
10.895,0.748621
10.9082,0.748851
10.9214,0.749081
10.9347,0.74931
10.9479,0.749539
10.9611,0.749768
10.9744,0.749997
10.9877,0.750225
11.0009,0.750453
11.0142,0.750681
11.0275,0.750908
11.0408,0.751136
11.0541,0.751363
11.0674,0.751589
11.0807,0.751816
11.094,0.752042
11.1073,0.752268
11.1207,0.752494
11.134,0.752719
11.1474,0.752944
11.1607,0.753169
11.1741,0.753393
11.1875,0.753618
11.2009,0.753842
11.2143,0.754066
11.2277,0.754289
11.2411,0.754512
11.2545,0.754735
11.2679,0.754958
11.2813,0.755181
11.2948,0.755403
11.3082,0.755625
11.3217,0.755846
11.3352,0.756068
11.3486,0.756289
11.3621,0.75651
11.3756,0.75673
11.3891,0.756951
11.4026,0.757171
11.4161,0.757391
11.4296,0.75761
11.4432,0.75783
11.4567,0.758049
11.4703,0.758268
11.4838,0.758486
11.4974,0.758705
11.5109,0.758923
11.5245,0.75914
11.5381,0.759358
11.5517,0.759575
11.5653,0.759792
11.5789,0.760009
11.5925,0.760225
11.6062,0.760442
11.6198,0.760658
11.6334,0.760874
11.6471,0.761089
11.6607,0.761304
11.6744,0.761519
11.6881,0.761734
11.7018,0.761949
11.7155,0.762163
11.7292,0.762377
11.7429,0.762591
11.7566,0.762804
11.7703,0.763017
11.784,0.76323
11.7978,0.763443
11.8115,0.763655
11.8253,0.763868
11.839,0.76408
11.8528,0.764291
11.8666,0.764503
11.8804,0.764714
11.8942,0.764925
11.908,0.765136
11.9218,0.765347
11.9356,0.765557
11.9494,0.765767
11.9632,0.765977
11.9771,0.766186
11.9909,0.766395
12.0048,0.766605
12.0187,0.766813
12.0325,0.767022
12.0464,0.76723
12.0603,0.767438
12.0742,0.767646
12.0881,0.767854
12.102,0.768061
12.1159,0.768268
12.1299,0.768475
12.1438,0.768682
12.1578,0.768888
12.1717,0.769094
12.1857,0.7693
12.1996,0.769506
12.2136,0.769711
12.2276,0.769916
12.2416,0.770121
12.2556,0.770326
12.2696,0.770531
12.2836,0.770735
12.2977,0.770939
12.3117,0.771143
12.3257,0.771346
12.3398,0.77155
12.3538,0.771753
12.3679,0.771955
12.382,0.772158
12.3961,0.77236
12.4102,0.772563
12.4242,0.772764
12.4384,0.772966
12.4525,0.773168
12.4666,0.773369
12.4807,0.77357
12.4949,0.77377
12.509,0.773971
12.5232,0.774171
12.5373,0.774371
12.5515,0.774571
12.5657,0.774771
12.5799,0.77497
12.5941,0.775169
12.6083,0.775368
12.6225,0.775567
12.6367,0.775765
12.6509,0.775963
12.6651,0.776161
12.6794,0.776359
12.6936,0.776557
12.7079,0.776754
12.7222,0.776951
12.7364,0.777148
12.7507,0.777344
12.765,0.777541
12.7793,0.777737
12.7936,0.777933
12.8079,0.778129
12.8222,0.778324
12.8366,0.778519
12.8509,0.778714
12.8653,0.778909
12.8796,0.779104
12.894,0.779298
12.9083,0.779492
12.9227,0.779686
12.9371,0.77988
12.9515,0.780074
12.9659,0.780267
12.9803,0.78046
12.9947,0.780653
13.0092,0.780845
13.0236,0.781038
13.038,0.78123
13.0525,0.781422
13.0669,0.781613
13.0814,0.781805
13.0959,0.781996
13.1104,0.782187
13.1249,0.782378
13.1394,0.782569
13.1539,0.782759
13.1684,0.782949
13.1829,0.783139
13.1974,0.783329
13.212,0.783519
13.2265,0.783708
13.2411,0.783897
13.2556,0.784086
13.2702,0.784275
13.2848,0.784463
13.2994,0.784651
13.314,0.78484
13.3286,0.785027
13.3432,0.785215
13.3578,0.785402
13.3724,0.78559
13.387,0.785777
13.4017,0.785963
13.4163,0.78615
13.431,0.786336
13.4457,0.786522
13.4603,0.786708
13.475,0.786894
13.4897,0.787079
13.5044,0.787265
13.5191,0.78745
13.5338,0.787635
13.5486,0.787819
13.5633,0.788004
13.578,0.788188
13.5928,0.788372
13.6075,0.788556
13.6223,0.788739
13.6371,0.788923
13.6518,0.789106
13.6666,0.789289
13.6814,0.789472
13.6962,0.789654
13.711,0.789837
13.7258,0.790019
13.7407,0.790201
13.7555,0.790383
13.7703,0.790564
13.7852,0.790746
13.8001,0.790927
13.8149,0.791108
13.8298,0.791288
13.8447,0.791469
13.8596,0.791649
13.8745,0.791829
13.8894,0.792009
13.9043,0.792189
13.9192,0.792369
13.9341,0.792548
13.9491,0.792727
13.964,0.792906
13.979,0.793085
13.9939,0.793263
14.0089,0.793441
14.0239,0.79362
14.0389,0.793797
14.0539,0.793975
14.0689,0.794153
14.0839,0.79433
14.0989,0.794507
14.1139,0.794684
14.129,0.794861
14.144,0.795037
14.1591,0.795214
14.1741,0.79539
14.1892,0.795566
14.2043,0.795741
14.2193,0.795917
14.2344,0.796092
14.2495,0.796267
14.2646,0.796442
14.2798,0.796617
14.2949,0.796792
14.31,0.796966
14.3251,0.79714
14.3403,0.797314
14.3554,0.797488
14.3706,0.797661
14.3858,0.797835
14.401,0.798008
14.4161,0.798181
14.4313,0.798354
14.4465,0.798526
14.4617,0.798699
14.477,0.798871
14.4922,0.799043
14.5074,0.799215
14.5227,0.799387
14.5379,0.799558
14.5532,0.799729
14.5684,0.7999
14.5837,0.800071
14.599,0.800242
14.6143,0.800413
14.6296,0.800583
14.6449,0.800753
14.6602,0.800923
14.6755,0.801093
14.6909,0.801262
14.7062,0.801432
14.7216,0.801601
14.7369,0.80177
14.7523,0.801939
14.7676,0.802107
14.783,0.802276
14.7984,0.802444
14.8138,0.802612
14.8292,0.80278
14.8446,0.802948
14.86,0.803115
14.8755,0.803283
14.8909,0.80345
14.9063,0.803617
14.9218,0.803783
14.9372,0.80395
14.9527,0.804116
14.9682,0.804283
14.9837,0.804449
14.9992,0.804614
15.0147,0.80478
15.0302,0.804946
15.0457,0.805111
15.0612,0.805276
15.0767,0.805441
15.0923,0.805606
15.1078,0.80577
15.1234,0.805935
15.1389,0.806099
15.1545,0.806263
15.1701,0.806427
15.1857,0.80659
15.2013,0.806754
15.2169,0.806917
15.2325,0.80708
15.2481,0.807243
15.2637,0.807406
15.2794,0.807569
15.295,0.807731
15.3106,0.807893
15.3263,0.808055
15.342,0.808217
15.3576,0.808379
15.3733,0.80854
15.389,0.808702
15.4047,0.808863
15.4204,0.809024
15.4361,0.809185
15.4519,0.809345
15.4676,0.809506
15.4833,0.809666
15.4991,0.809826
15.5148,0.809986
15.5306,0.810146
15.5464,0.810306
15.5621,0.810465
15.5779,0.810624
15.5937,0.810783
15.6095,0.810942
15.6253,0.811101
15.6412,0.811259
15.657,0.811418
15.6728,0.811576
15.6887,0.811734
15.7045,0.811892
15.7204,0.81205
15.7362,0.812207
15.7521,0.812364
15.768,0.812522
15.7839,0.812679
15.7998,0.812835
15.8157,0.812992
15.8316,0.813148
15.8475,0.813305
15.8635,0.813461
15.8794,0.813617
15.8954,0.813773
15.9113,0.813928
15.9273,0.814084
15.9432,0.814239
15.9592,0.814394
15.9752,0.814549
15.9912,0.814704
16.0072,0.814858
16.0232,0.815013
16.0392,0.815167
16.0553,0.815321
16.0713,0.815475
16.0873,0.815629
16.1034,0.815783
16.1194,0.815936
16.1355,0.816089
16.1516,0.816242
16.1677,0.816395
16.1838,0.816548
16.1999,0.816701
16.216,0.816853
16.2321,0.817006
16.2482,0.817158
16.2643,0.81731
16.2805,0.817461
16.2966,0.817613
16.3128,0.817764
16.3289,0.817916
16.3451,0.818067
16.3613,0.818218
16.3775,0.818369
16.3937,0.818519
16.4099,0.81867
16.4261,0.81882
16.4423,0.81897
16.4585,0.81912
16.4748,0.81927
16.491,0.81942
16.5073,0.819569
16.5235,0.819719
16.5398,0.819868
16.5561,0.820017
16.5723,0.820166
16.5886,0.820314
16.6049,0.820463
16.6212,0.820611
16.6376,0.82076
16.6539,0.820908
16.6702,0.821056
16.6865,0.821203
16.7029,0.821351
16.7192,0.821498
16.7356,0.821646
16.752,0.821793
16.7684,0.82194
16.7847,0.822086
16.8011,0.822233
16.8175,0.82238
16.834,0.822526
16.8504,0.822672
16.8668,0.822818
16.8832,0.822964
16.8997,0.82311
16.9161,0.823255
16.9326,0.823401
16.9491,0.823546
16.9655,0.823691
16.982,0.823836
16.9985,0.82398
17.015,0.824125
17.0315,0.82427
17.048,0.824414
17.0646,0.824558
17.0811,0.824702
17.0976,0.824846
17.1142,0.82499
17.1307,0.825133
17.1473,0.825276
17.1639,0.82542
17.1804,0.825563
17.197,0.825706
17.2136,0.825848
17.2302,0.825991
17.2468,0.826133
17.2635,0.826276
17.2801,0.826418
17.2967,0.82656
17.3134,0.826702
17.33,0.826844
17.3467,0.826985
17.3633,0.827126
17.38,0.827268
17.3967,0.827409
17.4134,0.82755
17.4301,0.827691
17.4468,0.827831
17.4635,0.827972
17.4802,0.828112
17.497,0.828252
17.5137,0.828392
17.5304,0.828532
17.5472,0.828672
17.564,0.828812
17.5807,0.828951
17.5975,0.82909
17.6143,0.82923
17.6311,0.829369
17.6479,0.829507
17.6647,0.829646
17.6815,0.829785
17.6984,0.829923
17.7152,0.830061
17.732,0.8302
17.7489,0.830338
17.7657,0.830475
17.7826,0.830613
17.7995,0.830751
17.8164,0.830888
17.8333,0.831025
17.8502,0.831163
17.8671,0.831299
17.884,0.831436
17.9009,0.831573
17.9178,0.83171
17.9348,0.831846
17.9517,0.831982
17.9687,0.832118
17.9856,0.832254
18.0026,0.83239
18.0196,0.832526
18.0366,0.832661
18.0536,0.832797
18.0706,0.832932
18.0876,0.833067
18.1046,0.833202
18.1216,0.833337
18.1387,0.833472
18.1557,0.833606
18.1728,0.83374
18.1898,0.833875
18.2069,0.834009
18.224,0.834143
18.241,0.834277
18.2581,0.83441
18.2752,0.834544
18.2923,0.834677
18.3095,0.834811
18.3266,0.834944
18.3437,0.835077
18.3609,0.83521
18.378,0.835342
18.3952,0.835475
18.4123,0.835607
18.4295,0.83574
18.4467,0.835872
18.4639,0.836004
18.4811,0.836136
18.4983,0.836267
18.5155,0.836399
18.5327,0.83653
18.5499,0.836662
18.5672,0.836793
18.5844,0.836924
18.6016,0.837055
18.6189,0.837186
18.6362,0.837316
18.6534,0.837447
18.6707,0.837577
18.688,0.837707
18.7053,0.837838
18.7226,0.837968
18.7399,0.838097
18.7573,0.838227
18.7746,0.838357
18.7919,0.838486
18.8093,0.838615
18.8266,0.838745
18.844,0.838874
18.8614,0.839002
18.8788,0.839131
18.8961,0.83926
18.9135,0.839388
18.9309,0.839517
18.9484,0.839645
18.9658,0.839773
18.9832,0.839901
19.0006,0.840029
19.0181,0.840156
19.0355,0.840284
19.053,0.840411
19.0705,0.840539
19.0879,0.840666
19.1054,0.840793
19.1229,0.84092
19.1404,0.841046
19.1579,0.841173
19.1754,0.8413
19.193,0.841426
19.2105,0.841552
19.228,0.841678
19.2456,0.841804
19.2631,0.84193
19.2807,0.842056
19.2983,0.842181
19.3158,0.842307
19.3334,0.842432
19.351,0.842557
19.3686,0.842682
19.3862,0.842807
19.4039,0.842932
19.4215,0.843057
19.4391,0.843181
19.4568,0.843306
19.4744,0.84343
19.4921,0.843554
19.5097,0.843678
19.5274,0.843802
19.5451,0.843926
19.5628,0.84405
19.5805,0.844173
19.5982,0.844297
19.6159,0.84442
19.6336,0.844543
19.6514,0.844666
19.6691,0.844789
19.6869,0.844912
19.7046,0.845034
19.7224,0.845157
19.7401,0.845279
19.7579,0.845401
19.7757,0.845524
19.7935,0.845646
19.8113,0.845767
19.8291,0.845889
19.8469,0.846011
19.8648,0.846132
19.8826,0.846254
19.9005,0.846375
19.9183,0.846496
19.9362,0.846617
19.954,0.846738
19.9719,0.846859
19.9898,0.846979
20.0077,0.8471
20.0256,0.84722
20.0435,0.847341
20.0614,0.847461
20.0793,0.847581
20.0973,0.847701
20.1152,0.84782
20.1331,0.84794
20.1511,0.84806
20.1691,0.848179
20.187,0.848298
20.205,0.848417
20.223,0.848536
20.241,0.848655
20.259,0.848774
20.277,0.848893
20.295,0.849011
20.3131,0.84913
20.3311,0.849248
20.3491,0.849366
20.3672,0.849484
20.3853,0.849602
20.4033,0.84972
20.4214,0.849838
20.4395,0.849955
20.4576,0.850073
20.4757,0.85019
20.4938,0.850308
20.5119,0.850425
20.53,0.850542
20.5481,0.850659
20.5663,0.850775
20.5844,0.850892
20.6026,0.851008
20.6208,0.851125
20.6389,0.851241
20.6571,0.851357
20.6753,0.851473
20.6935,0.851589
20.7117,0.851705
20.7299,0.851821
20.7481,0.851936
20.7664,0.852052
20.7846,0.852167
20.8028,0.852282
20.8211,0.852397
20.8393,0.852512
20.8576,0.852627
20.8759,0.852742
20.8942,0.852857
20.9125,0.852971
20.9308,0.853086
20.9491,0.8532
20.9674,0.853314
20.9857,0.853428
21.004,0.853542
21.0224,0.853656
21.0407,0.85377
21.0591,0.853883
21.0774,0.853997
21.0958,0.85411
21.1142,0.854223
21.1326,0.854337
21.151,0.85445
21.1694,0.854562
21.1878,0.854675
21.2062,0.854788
21.2246,0.854901
21.2431,0.855013
21.2615,0.855125
21.28,0.855238
21.2984,0.85535
21.3169,0.855462
21.3354,0.855574
21.3539,0.855685
21.3724,0.855797
21.3909,0.855909
21.4094,0.85602
21.4279,0.856131
21.4464,0.856243
21.4649,0.856354
21.4835,0.856465
21.502,0.856576
21.5206,0.856686
21.5391,0.856797
21.5577,0.856908
21.5763,0.857018
21.5949,0.857128
21.6135,0.857239
21.6321,0.857349
21.6507,0.857459
21.6693,0.857569
21.6879,0.857678
21.7066,0.857788
21.7252,0.857898
21.7439,0.858007
21.7625,0.858116
21.7812,0.858226
21.7999,0.858335
21.8186,0.858444
21.8373,0.858553
21.856,0.858661
21.8747,0.85877
21.8934,0.858879
21.9121,0.858987
21.9308,0.859095
21.9496,0.859204
21.9683,0.859312
21.9871,0.85942
22.0058,0.859528
22.0246,0.859636
22.0434,0.859743
22.0622,0.859851
22.081,0.859958
22.0998,0.860066
22.1186,0.860173
22.1374,0.86028
22.1562,0.860387
22.1751,0.860494
22.1939,0.860601
22.2128,0.860708
22.2316,0.860815
22.2505,0.860921
22.2694,0.861028
22.2883,0.861134
22.3072,0.86124
22.3261,0.861346
22.345,0.861452
22.3639,0.861558
22.3828,0.861664
22.4017,0.86177
22.4207,0.861875
22.4396,0.861981
22.4586,0.862086
22.4775,0.862191
22.4965,0.862296
22.5155,0.862402
22.5345,0.862506
22.5535,0.862611
22.5725,0.862716
22.5915,0.862821
22.6105,0.862925
22.6295,0.86303
22.6486,0.863134
22.6676,0.863238
22.6867,0.863342
22.7057,0.863446
22.7248,0.86355
22.7439,0.863654
22.763,0.863758
22.7821,0.863862
22.8012,0.863965
22.8203,0.864068
22.8394,0.864172
22.8585,0.864275
22.8776,0.864378
22.8968,0.864481
22.9159,0.864584
22.9351,0.864687
22.9542,0.864789
22.9734,0.864892
22.9926,0.864995
23.0118,0.865097
23.031,0.865199
23.0502,0.865301
23.0694,0.865404
23.0886,0.865506
23.1078,0.865607
23.1271,0.865709
23.1463,0.865811
23.1656,0.865912
23.1848,0.866014
23.2041,0.866115
23.2234,0.866217
23.2427,0.866318
23.262,0.866419
23.2813,0.86652
23.3006,0.866621
23.3199,0.866722
23.3392,0.866822
23.3585,0.866923
23.3779,0.867023
23.3972,0.867124
23.4166,0.867224
23.4359,0.867324
23.4553,0.867424
23.4747,0.867524
23.4941,0.867624
23.5135,0.867724
23.5329,0.867824
23.5523,0.867923
23.5717,0.868023
23.5911,0.868122
23.6106,0.868222
23.63,0.868321
23.6495,0.86842
23.6689,0.868519
23.6884,0.868618
23.7079,0.868717
23.7274,0.868816
23.7469,0.868914
23.7664,0.869013
23.7859,0.869111
23.8054,0.86921
23.8249,0.869308
23.8444,0.869406
23.864,0.869504
23.8835,0.869602
23.9031,0.8697
23.9226,0.869798
23.9422,0.869895
23.9618,0.869993
23.9814,0.87009
24.001,0.870188
24.0206,0.870285
24.0402,0.870382
24.0598,0.87048
24.0794,0.870577
24.0991,0.870673
24.1187,0.87077
24.1384,0.870867
24.158,0.870964
24.1777,0.87106
24.1974,0.871157
24.2171,0.871253
24.2368,0.871349
24.2565,0.871445
24.2762,0.871542
24.2959,0.871638
24.3156,0.871733
24.3353,0.871829
24.3551,0.871925
24.3748,0.872021
24.3946,0.872116
24.4144,0.872212
24.4341,0.872307
24.4539,0.872402
24.4737,0.872497
24.4935,0.872592
24.5133,0.872687
24.5331,0.872782
24.5529,0.872877
24.5728,0.872972
24.5926,0.873066
24.6124,0.873161
24.6323,0.873255
24.6521,0.87335
24.672,0.873444
24.6919,0.873538
24.7118,0.873632
24.7317,0.873726
24.7516,0.87382
24.7715,0.873914
24.7914,0.874007
24.8113,0.874101
24.8313,0.874194
24.8512,0.874288
24.8711,0.874381
24.8911,0.874474
24.9111,0.874568
24.931,0.874661
24.951,0.874754
24.971,0.874846
24.991,0.874939
25.011,0.875032
25.031,0.875125
25.051,0.875217
25.0711,0.87531
25.0911,0.875402
25.1111,0.875494
25.1312,0.875586
25.1513,0.875678
25.1713,0.87577
25.1914,0.875862
25.2115,0.875954
25.2316,0.876046
25.2517,0.876137
25.2718,0.876229
25.2919,0.87632
25.312,0.876412
25.3322,0.876503
25.3523,0.876594
25.3725,0.876685
25.3926,0.876776
25.4128,0.876867
25.4329,0.876958
25.4531,0.877049
25.4733,0.87714
25.4935,0.87723
25.5137,0.877321
25.5339,0.877411
25.5541,0.877502
25.5744,0.877592
25.5946,0.877682
25.6149,0.877772
25.6351,0.877862
25.6554,0.877952
25.6756,0.878042
25.6959,0.878131
25.7162,0.878221
25.7365,0.878311
25.7568,0.8784
25.7771,0.878489
25.7974,0.878579
25.8177,0.878668
25.8381,0.878757
25.8584,0.878846
25.8788,0.878935
25.8991,0.879024
25.9195,0.879113
25.9399,0.879202
25.9602,0.87929
25.9806,0.879379
26.001,0.879467
26.0214,0.879555
26.0418,0.879644
26.0623,0.879732
26.0827,0.87982
26.1031,0.879908
26.1236,0.879996
26.144,0.880084
26.1645,0.880172
26.185,0.880259
26.2054,0.880347
26.2259,0.880435
26.2464,0.880522
26.2669,0.880609
26.2874,0.880697
26.3079,0.880784
26.3285,0.880871
26.349,0.880958
26.3695,0.881045
26.3901,0.881132
26.4106,0.881219
26.4312,0.881305
26.4518,0.881392
26.4724,0.881478
26.4929,0.881565
26.5135,0.881651
26.5341,0.881738
26.5548,0.881824
26.5754,0.88191
26.596,0.881996
26.6166,0.882082
26.6373,0.882168
26.6579,0.882254
26.6786,0.882339
26.6993,0.882425
26.7199,0.882511
26.7406,0.882596
26.7613,0.882682
26.782,0.882767
26.8027,0.882852
26.8234,0.882937
26.8442,0.883022
26.8649,0.883107
26.8856,0.883192
26.9064,0.883277
26.9272,0.883362
26.9479,0.883447
26.9687,0.883531
26.9895,0.883616
27.0103,0.8837
27.0311,0.883784
27.0519,0.883869
27.0727,0.883953
27.0935,0.884037
27.1143,0.884121
27.1352,0.884205
27.156,0.884289
27.1769,0.884373
27.1977,0.884456
27.2186,0.88454
27.2395,0.884624
27.2603,0.884707
27.2812,0.884791
27.3021,0.884874
27.323,0.884957
27.344,0.88504
27.3649,0.885123
27.3858,0.885206
27.4068,0.885289
27.4277,0.885372
27.4487,0.885455
27.4696,0.885538
27.4906,0.88562
27.5116,0.885703
27.5326,0.885785
27.5536,0.885868
27.5746,0.88595
27.5956,0.886032
27.6166,0.886115
27.6376,0.886197
27.6587,0.886279
27.6797,0.886361
27.7008,0.886443
27.7218,0.886524
27.7429,0.886606
27.764,0.886688
27.7851,0.886769
27.8062,0.886851
27.8273,0.886932
27.8484,0.887013
27.8695,0.887095
27.8906,0.887176
27.9117,0.887257
27.9329,0.887338
27.954,0.887419
27.9752,0.8875
27.9964,0.887581
28.0175,0.887661
28.0387,0.887742
28.0599,0.887823
28.0811,0.887903
28.1023,0.887984
28.1235,0.888064
28.1447,0.888144
28.166,0.888224
28.1872,0.888305
28.2084,0.888385
28.2297,0.888465
28.251,0.888544
28.2722,0.888624
28.2935,0.888704
28.3148,0.888784
28.3361,0.888863
28.3574,0.888943
28.3787,0.889022
28.4,0.889102
28.4213,0.889181
28.4427,0.88926
28.464,0.889339
28.4854,0.889419
28.5067,0.889498
28.5281,0.889576
28.5495,0.889655
28.5708,0.889734
28.5922,0.889813
28.6136,0.889892
28.635,0.88997
28.6564,0.890049
28.6779,0.890127
28.6993,0.890205
28.7207,0.890284
28.7422,0.890362
28.7636,0.89044
28.7851,0.890518
28.8066,0.890596
28.828,0.890674
28.8495,0.890752
28.871,0.89083
28.8925,0.890907
28.914,0.890985
28.9355,0.891063
28.9571,0.89114
28.9786,0.891218
29.0001,0.891295
29.0217,0.891372
29.0432,0.891449
29.0648,0.891527
29.0864,0.891604
29.108,0.891681
29.1295,0.891758
29.1511,0.891834
29.1727,0.891911
29.1944,0.891988
29.216,0.892065
29.2376,0.892141
29.2592,0.892218
29.2809,0.892294
29.3025,0.89237
29.3242,0.892447
29.3459,0.892523
29.3676,0.892599
29.3892,0.892675
29.4109,0.892751
29.4326,0.892827
29.4543,0.892903
29.4761,0.892979
29.4978,0.893055
29.5195,0.89313
29.5413,0.893206
29.563,0.893281
29.5848,0.893357
29.6065,0.893432
29.6283,0.893508
29.6501,0.893583
29.6719,0.893658
29.6937,0.893733
29.7155,0.893808
29.7373,0.893883
29.7591,0.893958
29.7809,0.894033
29.8028,0.894108
29.8246,0.894182
29.8465,0.894257
29.8683,0.894332
29.8902,0.894406
29.9121,0.89448
29.934,0.894555
29.9559,0.894629
29.9778,0.894703
29.9997,0.894778
30.0216,0.894852
30.0435,0.894926
30.0654,0.895
30.0874,0.895073
30.1093,0.895147
30.1313,0.895221
30.1533,0.895295
30.1752,0.895368
30.1972,0.895442
30.2192,0.895515
30.2412,0.895589
30.2632,0.895662
30.2852,0.895735
30.3072,0.895809
30.3293,0.895882
30.3513,0.895955
30.3733,0.896028
30.3954,0.896101
30.4175,0.896174
30.4395,0.896247
30.4616,0.896319
30.4837,0.896392
30.5058,0.896465
30.5279,0.896537
30.55,0.89661
30.5721,0.896682
30.5942,0.896754
30.6164,0.896827
30.6385,0.896899
30.6607,0.896971
30.6828,0.897043
30.705,0.897115
30.7272,0.897187
30.7493,0.897259
30.7715,0.897331
30.7937,0.897403
30.8159,0.897474
30.8381,0.897546
30.8604,0.897618
30.8826,0.897689
30.9048,0.897761
30.9271,0.897832
30.9493,0.897903
30.9716,0.897974
30.9939,0.898046
31.0161,0.898117
31.0384,0.898188
31.0607,0.898259
31.083,0.89833
31.1053,0.898401
31.1276,0.898471
31.15,0.898542
31.1723,0.898613
31.1946,0.898683
31.217,0.898754
31.2394,0.898824
31.2617,0.898895
31.2841,0.898965
31.3065,0.899036
31.3289,0.899106
31.3513,0.899176
31.3737,0.899246
31.3961,0.899316
31.4185,0.899386
31.4409,0.899456
31.4634,0.899526
31.4858,0.899596
31.5083,0.899665
31.5307,0.899735
31.5532,0.899805
31.5757,0.899874
31.5982,0.899944
31.6207,0.900013
31.6432,0.900082
31.6657,0.900152
31.6882,0.900221
31.7107,0.90029
31.7332,0.900359
31.7558,0.900428
31.7783,0.900497
31.8009,0.900566
31.8235,0.900635
31.846,0.900704
31.8686,0.900772
31.8912,0.900841
31.9138,0.90091
31.9364,0.900978
31.959,0.901047
31.9816,0.901115
32.0043,0.901184
32.0269,0.901252
32.0496,0.90132
32.0722,0.901388
32.0949,0.901456
32.1175,0.901524
32.1402,0.901592
32.1629,0.90166
32.1856,0.901728
32.2083,0.901796
32.231,0.901864
32.2537,0.901931
32.2764,0.901999
32.2992,0.902067
32.3219,0.902134
32.3447,0.902202
32.3674,0.902269
32.3902,0.902336
32.413,0.902404
32.4357,0.902471
32.4585,0.902538
32.4813,0.902605
32.5041,0.902672
32.527,0.902739
32.5498,0.902806
32.5726,0.902873
32.5954,0.90294
32.6183,0.903006
32.6411,0.903073
32.664,0.90314
32.6869,0.903206
32.7097,0.903273
32.7326,0.903339
32.7555,0.903405
32.7784,0.903472
32.8013,0.903538
32.8243,0.903604
32.8472,0.90367
32.8701,0.903736
32.8931,0.903802
32.916,0.903868
32.939,0.903934
32.9619,0.904
32.9849,0.904066
33.0079,0.904132
33.0309,0.904197
33.0539,0.904263
33.0769,0.904329
33.0999,0.904394
33.1229,0.904459
33.1459,0.904525
33.169,0.90459
33.192,0.904655
33.2151,0.904721
33.2381,0.904786
33.2612,0.904851
33.2843,0.904916
33.3074,0.904981
33.3305,0.905046
33.3536,0.905111
33.3767,0.905175
33.3998,0.90524
33.4229,0.905305
33.4461,0.90537
33.4692,0.905434
33.4923,0.905499
33.5155,0.905563
33.5387,0.905628
33.5618,0.905692
33.585,0.905756
33.6082,0.90582
33.6314,0.905885
33.6546,0.905949
33.6778,0.906013
33.7011,0.906077
33.7243,0.906141
33.7475,0.906205
33.7708,0.906268
33.794,0.906332
33.8173,0.906396
33.8406,0.90646
33.8638,0.906523
33.8871,0.906587
33.9104,0.90665
33.9337,0.906714
33.957,0.906777
33.9803,0.90684
34.0037,0.906904
34.027,0.906967
34.0503,0.90703
34.0737,0.907093
34.097,0.907156
34.1204,0.907219
34.1438,0.907282
34.1672,0.907345
34.1906,0.907408
34.214,0.907471
34.2374,0.907534
34.2608,0.907596
34.2842,0.907659
34.3076,0.907721
34.3311,0.907784
34.3545,0.907846
34.378,0.907909
34.4014,0.907971
34.4249,0.908033
34.4484,0.908096
34.4719,0.908158
34.4954,0.90822
34.5189,0.908282
34.5424,0.908344
34.5659,0.908406
34.5894,0.908468
34.6129,0.90853
34.6365,0.908591
34.66,0.908653
34.6836,0.908715
34.7072,0.908777
34.7307,0.908838
34.7543,0.9089
34.7779,0.908961
34.8015,0.909023
34.8251,0.909084
34.8487,0.909145
34.8723,0.909207
34.896,0.909268
34.9196,0.909329
34.9433,0.90939
34.9669,0.909451
34.9906,0.909512
35.0142,0.909573
35.0379,0.909634
35.0616,0.909695
35.0853,0.909755
35.109,0.909816
35.1327,0.909877
35.1564,0.909938
35.1802,0.909998
35.2039,0.910059
35.2276,0.910119
35.2514,0.910179
35.2751,0.91024
35.2989,0.9103
35.3227,0.91036
35.3465,0.910421
35.3703,0.910481
35.394,0.910541
35.4179,0.910601
35.4417,0.910661
35.4655,0.910721
35.4893,0.910781
35.5132,0.910841
35.537,0.9109
35.5609,0.91096
35.5847,0.91102
35.6086,0.911079
35.6325,0.911139
35.6564,0.911199
35.6802,0.911258
35.7042,0.911317
35.7281,0.911377
35.752,0.911436
35.7759,0.911495
35.7998,0.911555
35.8238,0.911614
35.8477,0.911673
35.8717,0.911732
35.8957,0.911791
35.9196,0.91185
35.9436,0.911909
35.9676,0.911968
35.9916,0.912027
36.0156,0.912085
36.0396,0.912144
36.0636,0.912203
36.0877,0.912261
36.1117,0.91232
36.1358,0.912378
36.1598,0.912437
36.1839,0.912495
36.2079,0.912554
36.232,0.912612
36.2561,0.91267
36.2802,0.912728
36.3043,0.912786
36.3284,0.912845
36.3525,0.912903
36.3767,0.912961
36.4008,0.913019
36.4249,0.913076
36.4491,0.913134
36.4732,0.913192
36.4974,0.91325
36.5216,0.913308
36.5458,0.913365
36.57,0.913423
36.5941,0.91348
36.6184,0.913538
36.6426,0.913595
36.6668,0.913653
36.691,0.91371
36.7153,0.913767
36.7395,0.913825
36.7638,0.913882
36.788,0.913939
36.8123,0.913996
36.8366,0.914053
36.8609,0.91411
36.8852,0.914167
36.9095,0.914224
36.9338,0.914281
36.9581,0.914338
36.9824,0.914395
37.0067,0.914451
37.0311,0.914508
37.0554,0.914565
37.0798,0.914621
37.1042,0.914678
37.1285,0.914734
37.1529,0.914791
37.1773,0.914847
37.2017,0.914903
37.2261,0.91496
37.2505,0.915016
37.2749,0.915072
37.2994,0.915128
37.3238,0.915184
37.3483,0.91524
37.3727,0.915296
37.3972,0.915352
37.4216,0.915408
37.4461,0.915464
37.4706,0.91552
37.4951,0.915576
37.5196,0.915631
37.5441,0.915687
37.5686,0.915743
37.5932,0.915798
37.6177,0.915854
37.6422,0.915909
37.6668,0.915965
37.6913,0.91602
37.7159,0.916075
37.7405,0.916131
37.7651,0.916186
37.7897,0.916241
37.8143,0.916296
37.8389,0.916351
37.8635,0.916406
37.8881,0.916461
37.9127,0.916516
37.9374,0.916571
37.962,0.916626
37.9867,0.916681
38.0113,0.916736
38.036,0.916791
38.0607,0.916845
38.0854,0.9169
38.1101,0.916954
38.1348,0.917009
38.1595,0.917063
38.1842,0.917118
38.2089,0.917172
38.2337,0.917227
38.2584,0.917281
38.2831,0.917335
38.3079,0.917389
38.3327,0.917444
38.3574,0.917498
38.3822,0.917552
38.407,0.917606
38.4318,0.91766
38.4566,0.917714
38.4814,0.917768
38.5063,0.917822
38.5311,0.917875
38.5559,0.917929
38.5808,0.917983
38.6056,0.918036
38.6305,0.91809
38.6554,0.918144
38.6802,0.918197
38.7051,0.918251
38.73,0.918304
38.7549,0.918358
38.7798,0.918411
38.8047,0.918464
38.8297,0.918517
38.8546,0.918571
38.8796,0.918624
38.9045,0.918677
38.9295,0.91873
38.9544,0.918783
38.9794,0.918836
39.0044,0.918889
39.0294,0.918942
39.0544,0.918995
39.0794,0.919048
39.1044,0.9191
39.1294,0.919153
39.1544,0.919206
39.1795,0.919258
39.2045,0.919311
39.2296,0.919364
39.2546,0.919416
39.2797,0.919469
39.3048,0.919521
39.3299,0.919573
39.355,0.919626
39.3801,0.919678
39.4052,0.91973
39.4303,0.919782
39.4554,0.919835
39.4806,0.919887
39.5057,0.919939
39.5309,0.919991
39.556,0.920043
39.5812,0.920095
39.6064,0.920147
39.6315,0.920198
39.6567,0.92025
39.6819,0.920302
39.7071,0.920354
39.7324,0.920405
39.7576,0.920457
39.7828,0.920509
39.808,0.92056
39.8333,0.920612
39.8585,0.920663
39.8838,0.920715
39.9091,0.920766
39.9344,0.920817
39.9596,0.920869
39.9849,0.92092
40.0102,0.920971
40.0356,0.921022
40.0609,0.921073
40.0862,0.921124
40.1115,0.921175
40.1369,0.921226
40.1622,0.921277
40.1876,0.921328
40.213,0.921379
40.2383,0.92143
40.2637,0.921481
40.2891,0.921531
40.3145,0.921582
40.3399,0.921633
40.3653,0.921683
40.3907,0.921734
40.4162,0.921784
40.4416,0.921835
40.4671,0.921885
40.4925,0.921936
40.518,0.921986
40.5434,0.922036
40.5689,0.922087
40.5944,0.922137
40.6199,0.922187
40.6454,0.922237
40.6709,0.922287
40.6964,0.922337
40.722,0.922387
40.7475,0.922437
40.773,0.922487
40.7986,0.922537
40.8241,0.922587
40.8497,0.922637
40.8753,0.922687
40.9009,0.922736
40.9265,0.922786
40.9521,0.922836
40.9777,0.922885
41.0033,0.922935
41.0289,0.922984
41.0545,0.923034
41.0802,0.923083
41.1058,0.923133
41.1315,0.923182
41.1571,0.923231
41.1828,0.923281
41.2085,0.92333
41.2342,0.923379
41.2599,0.923428
41.2856,0.923477
41.3113,0.923526
41.337,0.923575
41.3627,0.923624
41.3885,0.923673
41.4142,0.923722
41.44,0.923771
41.4657,0.92382
41.4915,0.923869
41.5173,0.923918
41.543,0.923966
41.5688,0.924015
41.5946,0.924064
41.6204,0.924112
41.6463,0.924161
41.6721,0.924209
41.6979,0.924258
41.7237,0.924306
41.7496,0.924354
41.7754,0.924403
41.8013,0.924451
41.8272,0.924499
41.8531,0.924548
41.8789,0.924596
41.9048,0.924644
41.9307,0.924692
41.9567,0.92474
41.9826,0.924788
42.0085,0.924836
42.0344,0.924884
42.0604,0.924932
42.0863,0.92498
42.1123,0.925028
42.1383,0.925076
42.1642,0.925123
42.1902,0.925171
42.2162,0.925219
42.2422,0.925266
42.2682,0.925314
42.2942,0.925361
42.3202,0.925409
42.3463,0.925456
42.3723,0.925504
42.3984,0.925551
42.4244,0.925599
42.4505,0.925646
42.4765,0.925693
42.5026,0.925741
42.5287,0.925788
42.5548,0.925835
42.5809,0.925882
42.607,0.925929
42.6331,0.925976
42.6593,0.926023
42.6854,0.92607
42.7115,0.926117
42.7377,0.926164
42.7639,0.926211
42.79,0.926258
42.8162,0.926304
42.8424,0.926351
42.8686,0.926398
42.8948,0.926445
42.921,0.926491
42.9472,0.926538
42.9734,0.926584
42.9996,0.926631
43.0259,0.926677
43.0521,0.926724
43.0784,0.92677
43.1046,0.926817
43.1309,0.926863
43.1572,0.926909
43.1835,0.926955
43.2098,0.927002
43.2361,0.927048
43.2624,0.927094
43.2887,0.92714
43.315,0.927186
43.3414,0.927232
43.3677,0.927278
43.3941,0.927324
43.4204,0.92737
43.4468,0.927416
43.4732,0.927462
43.4996,0.927508
43.5259,0.927553
43.5523,0.927599
43.5787,0.927645
43.6052,0.92769
43.6316,0.927736
43.658,0.927782
43.6845,0.927827
43.7109,0.927873
43.7374,0.927918
43.7638,0.927964
43.7903,0.928009
43.8168,0.928054
43.8433,0.9281
43.8698,0.928145
43.8963,0.92819
43.9228,0.928235
43.9493,0.928281
43.9758,0.928326
44.0023,0.928371
44.0289,0.928416
44.0554,0.928461
44.082,0.928506
44.1086,0.928551
44.1351,0.928596
44.1617,0.928641
44.1883,0.928685
44.2149,0.92873
44.2415,0.928775
44.2681,0.92882
44.2948,0.928864
44.3214,0.928909
44.348,0.928954
44.3747,0.928998
44.4013,0.929043
44.428,0.929087
44.4547,0.929132
44.4813,0.929176
44.508,0.929221
44.5347,0.929265
44.5614,0.929309
44.5881,0.929354
44.6149,0.929398
44.6416,0.929442
44.6683,0.929486
44.6951,0.929531
44.7218,0.929575
44.7486,0.929619
44.7753,0.929663
44.8021,0.929707
44.8289,0.929751
44.8557,0.929795
44.8825,0.929839
44.9093,0.929883
44.9361,0.929926
44.9629,0.92997
44.9898,0.930014
45.0166,0.930058
45.0435,0.930101
45.0703,0.930145
45.0972,0.930189
45.124,0.930232
45.1509,0.930276
45.1778,0.930319
45.2047,0.930363
45.2316,0.930406
45.2585,0.93045
45.2854,0.930493
45.3124,0.930537
45.3393,0.93058
45.3662,0.930623
45.3932,0.930666
45.4202,0.93071
45.4471,0.930753
45.4741,0.930796
45.5011,0.930839
45.5281,0.930882
45.5551,0.930925
45.5821,0.930968
45.6091,0.931011
45.6361,0.931054
45.6632,0.931097
45.6902,0.93114
45.7172,0.931183
45.7443,0.931225
45.7714,0.931268
45.7984,0.931311
45.8255,0.931354
45.8526,0.931396
45.8797,0.931439
45.9068,0.931481
45.9339,0.931524
45.961,0.931567
45.9881,0.931609
46.0153,0.931652
46.0424,0.931694
46.0696,0.931736
46.0967,0.931779
46.1239,0.931821
46.1511,0.931863
46.1783,0.931906
46.2055,0.931948
46.2327,0.93199
46.2599,0.932032
46.2871,0.932074
46.3143,0.932116
46.3415,0.932158
46.3688,0.9322
46.396,0.932242
46.4233,0.932284
46.4505,0.932326
46.4778,0.932368
46.5051,0.93241
46.5324,0.932452
46.5597,0.932494
46.587,0.932535
46.6143,0.932577
46.6416,0.932619
46.6689,0.93266
46.6963,0.932702
46.7236,0.932744
46.751,0.932785
46.7783,0.932827
46.8057,0.932868
46.8331,0.93291
46.8604,0.932951
46.8878,0.932992
46.9152,0.933034
46.9426,0.933075
46.9701,0.933116
46.9975,0.933158
47.0249,0.933199
47.0524,0.93324
47.0798,0.933281
47.1073,0.933322
47.1347,0.933363
47.1622,0.933404
47.1897,0.933445
47.2172,0.933486
47.2447,0.933527
47.2722,0.933568
47.2997,0.933609
47.3272,0.93365
47.3547,0.933691
47.3823,0.933732
47.4098,0.933772
47.4373,0.933813
47.4649,0.933854
47.4925,0.933895
47.52,0.933935
47.5476,0.933976
47.5752,0.934016
47.6028,0.934057
47.6304,0.934097
47.658,0.934138
47.6857,0.934178
47.7133,0.934219
47.7409,0.934259
47.7686,0.934299
47.7962,0.93434
47.8239,0.93438
47.8516,0.93442
47.8793,0.934461
47.9069,0.934501
47.9346,0.934541
47.9623,0.934581
47.9901,0.934621
48.0178,0.934661
48.0455,0.934701
48.0732,0.934741
48.101,0.934781
48.1287,0.934821
48.1565,0.934861
48.1843,0.934901
48.212,0.934941
48.2398,0.93498
48.2676,0.93502
48.2954,0.93506
48.3232,0.9351
48.351,0.935139
48.3789,0.935179
48.4067,0.935219
48.4345,0.935258
48.4624,0.935298
48.4902,0.935337
48.5181,0.935377
48.546,0.935416
48.5738,0.935456
48.6017,0.935495
48.6296,0.935535
48.6575,0.935574
48.6854,0.935613
48.7134,0.935652
48.7413,0.935692
48.7692,0.935731
48.7972,0.93577
48.8251,0.935809
48.8531,0.935848
48.881,0.935888
48.909,0.935927
48.937,0.935966
48.965,0.936005
48.993,0.936044
49.021,0.936083
49.049,0.936121
49.077,0.93616
49.1051,0.936199
49.1331,0.936238
49.1612,0.936277
49.1892,0.936316
49.2173,0.936354
49.2454,0.936393
49.2734,0.936432
49.3015,0.93647
49.3296,0.936509
49.3577,0.936547
49.3858,0.936586
49.414,0.936625
49.4421,0.936663
49.4702,0.936702
49.4984,0.93674
49.5265,0.936778
49.5547,0.936817
49.5828,0.936855
49.611,0.936893
49.6392,0.936932
49.6674,0.93697
49.6956,0.937008
49.7238,0.937046
49.752,0.937084
49.7802,0.937123
49.8085,0.937161
49.8367,0.937199
49.865,0.937237
49.8932,0.937275
49.9215,0.937313
49.9497,0.937351
49.978,0.937389
50.0063,0.937427
50.0346,0.937464
50.0629,0.937502
50.0912,0.93754
50.1195,0.937578
50.1479,0.937616
50.1762,0.937653
50.2046,0.937691
50.2329,0.937729
50.2613,0.937766
50.2896,0.937804
50.318,0.937841
50.3464,0.937879
50.3748,0.937916
50.4032,0.937954
50.4316,0.937991
50.46,0.938029
50.4884,0.938066
50.5169,0.938104
50.5453,0.938141
50.5737,0.938178
50.6022,0.938215
50.6307,0.938253
50.6591,0.93829
50.6876,0.938327
50.7161,0.938364
50.7446,0.938401
50.7731,0.938439
50.8016,0.938476
50.8301,0.938513
50.8587,0.93855
50.8872,0.938587
50.9157,0.938624
50.9443,0.938661
50.9729,0.938697
51.0014,0.938734
51.03,0.938771
51.0586,0.938808
51.0872,0.938845
51.1158,0.938882
51.1444,0.938918
51.173,0.938955
51.2016,0.938992
51.2303,0.939028
51.2589,0.939065
51.2875,0.939102
51.3162,0.939138
51.3449,0.939175
51.3735,0.939211
51.4022,0.939248
51.4309,0.939284
51.4596,0.939321
51.4883,0.939357
51.517,0.939393
51.5457,0.93943
51.5745,0.939466
51.6032,0.939502
51.6319,0.939538
51.6607,0.939575
51.6895,0.939611
51.7182,0.939647
51.747,0.939683
51.7758,0.939719
51.8046,0.939755
51.8334,0.939791
51.8622,0.939828
51.891,0.939864
51.9198,0.939899
51.9487,0.939935
51.9775,0.939971
52.0063,0.940007
52.0352,0.940043
52.0641,0.940079
52.0929,0.940115
52.1218,0.940151
52.1507,0.940186
52.1796,0.940222
52.2085,0.940258
52.2374,0.940293
52.2663,0.940329
52.2953,0.940365
52.3242,0.9404
52.3531,0.940436
52.3821,0.940471
52.4111,0.940507
52.44,0.940542
52.469,0.940578
52.498,0.940613
52.527,0.940649
52.556,0.940684
52.585,0.940719
52.614,0.940755
52.643,0.94079
52.6721,0.940825
52.7011,0.94086
52.7301,0.940896
52.7592,0.940931
52.7883,0.940966
52.8173,0.941001
52.8464,0.941036
52.8755,0.941071
52.9046,0.941106
52.9337,0.941141
52.9628,0.941176
52.9919,0.941211
53.0211,0.941246
53.0502,0.941281
53.0793,0.941316
53.1085,0.941351
53.1377,0.941386
53.1668,0.941421
53.196,0.941455
53.2252,0.94149
53.2544,0.941525
53.2836,0.94156
53.3128,0.941594
53.342,0.941629
53.3712,0.941664
53.4005,0.941698
53.4297,0.941733
53.4589,0.941767
53.4882,0.941802
53.5175,0.941836
53.5467,0.941871
53.576,0.941905
53.6053,0.94194
53.6346,0.941974
53.6639,0.942008
53.6932,0.942043
53.7225,0.942077
53.7519,0.942111
53.7812,0.942146
53.8105,0.94218
53.8399,0.942214
53.8693,0.942248
53.8986,0.942282
53.928,0.942316
53.9574,0.942351
53.9868,0.942385
54.0162,0.942419
54.0456,0.942453
54.075,0.942487
54.1044,0.942521
54.1339,0.942555
54.1633,0.942589
54.1927,0.942622
54.2222,0.942656
54.2517,0.94269
54.2811,0.942724
54.3106,0.942758
54.3401,0.942792
54.3696,0.942825
54.3991,0.942859
54.4286,0.942893
54.4581,0.942926
54.4877,0.94296
54.5172,0.942994
54.5467,0.943027
54.5763,0.943061
54.6059,0.943094
54.6354,0.943128
54.665,0.943161
54.6946,0.943195
54.7242,0.943228
54.7538,0.943262
54.7834,0.943295
54.813,0.943328
54.8426,0.943362
54.8723,0.943395
54.9019,0.943428
54.9316,0.943461
54.9612,0.943495
54.9909,0.943528
55.0205,0.943561
55.0502,0.943594
55.0799,0.943627
55.1096,0.943661
55.1393,0.943694
55.169,0.943727
55.1987,0.94376
55.2285,0.943793
55.2582,0.943826
55.288,0.943859
55.3177,0.943892
55.3475,0.943924
55.3772,0.943957
55.407,0.94399
55.4368,0.944023
55.4666,0.944056
55.4964,0.944089
55.5262,0.944121
55.556,0.944154
55.5858,0.944187
55.6157,0.94422
55.6455,0.944252
55.6754,0.944285
55.7052,0.944317
55.7351,0.94435
55.765,0.944383
55.7948,0.944415
55.8247,0.944448
55.8546,0.94448
55.8845,0.944513
55.9144,0.944545
55.9444,0.944577
55.9743,0.94461
56.0042,0.944642
56.0342,0.944675
56.0641,0.944707
56.0941,0.944739
56.124,0.944771
56.154,0.944804
56.184,0.944836
56.214,0.944868
56.244,0.9449
56.274,0.944932
56.304,0.944965
56.334,0.944997
56.3641,0.945029
56.3941,0.945061
56.4242,0.945093
56.4542,0.945125
56.4843,0.945157
56.5144,0.945189
56.5444,0.945221
56.5745,0.945253
56.6046,0.945285
56.6347,0.945316
56.6648,0.945348
56.695,0.94538
56.7251,0.945412
56.7552,0.945444
56.7854,0.945475
56.8155,0.945507
56.8457,0.945539
56.8759,0.94557
56.906,0.945602
56.9362,0.945634
56.9664,0.945665
56.9966,0.945697
57.0268,0.945728
57.057,0.94576
57.0873,0.945792
57.1175,0.945823
57.1477,0.945854
57.178,0.945886
57.2082,0.945917
57.2385,0.945949
57.2688,0.94598
57.2991,0.946011
57.3293,0.946043
57.3596,0.946074
57.3899,0.946105
57.4203,0.946137
57.4506,0.946168
57.4809,0.946199
57.5112,0.94623
57.5416,0.946261
57.5719,0.946292
57.6023,0.946324
57.6327,0.946355
57.663,0.946386
57.6934,0.946417
57.7238,0.946448
57.7542,0.946479
57.7846,0.94651
57.815,0.946541
57.8455,0.946572
57.8759,0.946603
57.9063,0.946633
57.9368,0.946664
57.9673,0.946695
57.9977,0.946726
58.0282,0.946757
58.0587,0.946788
58.0892,0.946818
58.1197,0.946849
58.1502,0.94688
58.1807,0.94691
58.2112,0.946941
58.2417,0.946972
58.2723,0.947002
58.3028,0.947033
58.3334,0.947063
58.3639,0.947094
58.3945,0.947124
58.4251,0.947155
58.4556,0.947185
58.4862,0.947216
58.5168,0.947246
58.5474,0.947277
58.5781,0.947307
58.6087,0.947337
58.6393,0.947368
58.67,0.947398
58.7006,0.947428
58.7313,0.947459
58.7619,0.947489
58.7926,0.947519
58.8233,0.947549
58.854,0.94758
58.8847,0.94761
58.9154,0.94764
58.9461,0.94767
58.9768,0.9477
59.0075,0.94773
59.0383,0.94776
59.069,0.94779
59.0998,0.94782
59.1305,0.94785
59.1613,0.94788
59.1921,0.94791
59.2229,0.94794
59.2537,0.94797
59.2845,0.948
59.3153,0.94803
59.3461,0.948059
59.3769,0.948089
59.4077,0.948119
59.4386,0.948149
59.4694,0.948178
59.5003,0.948208
59.5311,0.948238
59.562,0.948268
59.5929,0.948297
59.6238,0.948327
59.6547,0.948356
59.6856,0.948386
59.7165,0.948416
59.7474,0.948445
59.7784,0.948475
59.8093,0.948504
59.8402,0.948534
59.8712,0.948563
59.9021,0.948593
59.9331,0.948622
59.9641,0.948651
59.9951,0.948681
60.0261,0.94871
60.0571,0.948739
60.0881,0.948769
60.1191,0.948798
60.1501,0.948827
60.1812,0.948856
60.2122,0.948886
60.2432,0.948915
60.2743,0.948944
60.3054,0.948973
60.3364,0.949002
60.3675,0.949031
60.3986,0.949061
60.4297,0.94909
60.4608,0.949119
60.4919,0.949148
60.523,0.949177
60.5542,0.949206
60.5853,0.949235
60.6165,0.949264
60.6476,0.949292
60.6788,0.949321
60.7099,0.94935
60.7411,0.949379
60.7723,0.949408
60.8035,0.949437
60.8347,0.949466
60.8659,0.949494
60.8971,0.949523
60.9283,0.949552
60.9596,0.949581
60.9908,0.949609
61.0221,0.949638
61.0533,0.949667
61.0846,0.949695
61.1159,0.949724
61.1471,0.949752
61.1784,0.949781
61.2097,0.949809
61.241,0.949838
61.2723,0.949866
61.3037,0.949895
61.335,0.949923
61.3663,0.949952
61.3977,0.94998
61.429,0.950009
61.4604,0.950037
61.4918,0.950065
61.5231,0.950094
61.5545,0.950122
61.5859,0.95015
61.6173,0.950179
61.6487,0.950207
61.6801,0.950235
61.7116,0.950263
61.743,0.950292
61.7744,0.95032
61.8059,0.950348
61.8373,0.950376
61.8688,0.950404
61.9003,0.950432
61.9318,0.95046
61.9633,0.950488
61.9948,0.950516
62.0263,0.950544
62.0578,0.950572
62.0893,0.9506
62.1208,0.950628
62.1524,0.950656
62.1839,0.950684
62.2155,0.950712
62.247,0.95074
62.2786,0.950768
62.3102,0.950795
62.3417,0.950823
62.3733,0.950851
62.4049,0.950879
62.4366,0.950907
62.4682,0.950934
62.4998,0.950962
62.5314,0.95099
62.5631,0.951017
62.5947,0.951045
62.6264,0.951073
62.658,0.9511
62.6897,0.951128
62.7214,0.951155
62.7531,0.951183
62.7848,0.95121
62.8165,0.951238
62.8482,0.951265
62.8799,0.951293
62.9116,0.95132
62.9434,0.951348
62.9751,0.951375
63.0069,0.951403
63.0386,0.95143
63.0704,0.951457
63.1022,0.951485
63.134,0.951512
63.1658,0.951539
63.1976,0.951566
63.2294,0.951594
63.2612,0.951621
63.293,0.951648
63.3249,0.951675
63.3567,0.951703
63.3885,0.95173
63.4204,0.951757
63.4523,0.951784
63.4841,0.951811
63.516,0.951838
63.5479,0.951865
63.5798,0.951892
63.6117,0.951919
63.6436,0.951946
63.6755,0.951973
63.7075,0.952
63.7394,0.952027
63.7714,0.952054
63.8033,0.952081
63.8353,0.952108
63.8672,0.952135
63.8992,0.952161
63.9312,0.952188
63.9632,0.952215
63.9952,0.952242
64.0272,0.952269
64.0592,0.952295
64.0913,0.952322
64.1233,0.952349
64.1553,0.952375
64.1874,0.952402
64.2194,0.952429
64.2515,0.952455
64.2836,0.952482
64.3157,0.952509
64.3477,0.952535
64.3798,0.952562
64.4119,0.952588
64.4441,0.952615
64.4762,0.952641
64.5083,0.952668
64.5404,0.952694
64.5726,0.952721
64.6047,0.952747
64.6369,0.952773
64.6691,0.9528
64.7013,0.952826
64.7334,0.952853
64.7656,0.952879
64.7978,0.952905
64.83,0.952931
64.8623,0.952958
64.8945,0.952984
64.9267,0.95301
64.959,0.953036
64.9912,0.953063
65.0235,0.953089
65.0557,0.953115
65.088,0.953141
65.1203,0.953167
65.1526,0.953193
65.1849,0.953219
65.2172,0.953245
65.2495,0.953271
65.2818,0.953297
65.3141,0.953324
65.3465,0.953349
65.3788,0.953375
65.4112,0.953401
65.4435,0.953427
65.4759,0.953453
65.5083,0.953479
65.5407,0.953505
65.5731,0.953531
65.6055,0.953557
65.6379,0.953583
65.6703,0.953608
65.7027,0.953634
65.7351,0.95366
65.7676,0.953686
65.8,0.953711
65.8325,0.953737
65.865,0.953763
65.8974,0.953788
65.9299,0.953814
65.9624,0.95384
65.9949,0.953865
66.0274,0.953891
66.0599,0.953917
66.0924,0.953942
66.125,0.953968
66.1575,0.953993
66.1901,0.954019
66.2226,0.954044
66.2552,0.95407
66.2877,0.954095
66.3203,0.954121
66.3529,0.954146
66.3855,0.954171
66.4181,0.954197
66.4507,0.954222
66.4833,0.954248
66.516,0.954273
66.5486,0.954298
66.5812,0.954323
66.6139,0.954349
66.6465,0.954374
66.6792,0.954399
66.7119,0.954424
66.7446,0.95445
66.7772,0.954475
66.8099,0.9545
66.8426,0.954525
66.8754,0.95455
66.9081,0.954575
66.9408,0.954601
66.9735,0.954626
67.0063,0.954651
67.039,0.954676
67.0718,0.954701
67.1046,0.954726
67.1374,0.954751
67.1701,0.954776
67.2029,0.954801
67.2357,0.954826
67.2685,0.954851
67.3014,0.954875
67.3342,0.9549
67.367,0.954925
67.3999,0.95495
67.4327,0.954975
67.4656,0.955
67.4984,0.955024
67.5313,0.955049
67.5642,0.955074
67.5971,0.955099
67.63,0.955124
67.6629,0.955148
67.6958,0.955173
67.7287,0.955198
67.7616,0.955222
67.7946,0.955247
67.8275,0.955272
67.8605,0.955296
67.8934,0.955321
67.9264,0.955345
67.9594,0.95537
67.9924,0.955394
68.0254,0.955419
68.0584,0.955443
68.0914,0.955468
68.1244,0.955492
68.1574,0.955517
68.1905,0.955541
68.2235,0.955566
68.2566,0.95559
68.2896,0.955614
68.3227,0.955639
68.3557,0.955663
68.3888,0.955687
68.4219,0.955712
68.455,0.955736
68.4881,0.95576
68.5212,0.955785
68.5544,0.955809
68.5875,0.955833
68.6206,0.955857
68.6538,0.955882
68.6869,0.955906
68.7201,0.95593
68.7533,0.955954
68.7864,0.955978
68.8196,0.956002
68.8528,0.956026
68.886,0.95605
68.9192,0.956074
68.9524,0.956099
68.9857,0.956123
69.0189,0.956147
69.0521,0.956171
69.0854,0.956195
69.1187,0.956218
69.1519,0.956242
69.1852,0.956266
69.2185,0.95629
69.2518,0.956314
69.2851,0.956338
69.3184,0.956362
69.3517,0.956386
69.385,0.95641
69.4183,0.956433
69.4517,0.956457
69.485,0.956481
69.5184,0.956505
69.5517,0.956528
69.5851,0.956552
69.6185,0.956576
69.6519,0.9566
69.6853,0.956623
69.7187,0.956647
69.7521,0.956671
69.7855,0.956694
69.8189,0.956718
69.8523,0.956741
69.8858,0.956765
69.9192,0.956789
69.9527,0.956812
69.9862,0.956836
70.0196,0.956859
70.0531,0.956883
70.0866,0.956906
70.1201,0.95693
70.1536,0.956953
70.1871,0.956976
70.2206,0.957
70.2542,0.957023
70.2877,0.957047
70.3213,0.95707
70.3548,0.957093
70.3884,0.957117
70.4219,0.95714
70.4555,0.957163
70.4891,0.957187
70.5227,0.95721
70.5563,0.957233
70.5899,0.957256
70.6235,0.95728
70.6572,0.957303
70.6908,0.957326
70.7244,0.957349
70.7581,0.957372
70.7917,0.957395
70.8254,0.957418
70.8591,0.957442
70.8928,0.957465
70.9265,0.957488
70.9601,0.957511
70.9939,0.957534
71.0276,0.957557
71.0613,0.95758
71.095,0.957603
71.1288,0.957626
71.1625,0.957649
71.1963,0.957672
71.23,0.957695
71.2638,0.957718
71.2976,0.957741
71.3314,0.957763
71.3651,0.957786
71.3989,0.957809
71.4328,0.957832
71.4666,0.957855
71.5004,0.957878
71.5342,0.9579
71.5681,0.957923
71.6019,0.957946
71.6358,0.957969
71.6697,0.957991
71.7035,0.958014
71.7374,0.958037
71.7713,0.958059
71.8052,0.958082
71.8391,0.958105
71.873,0.958127
71.9069,0.95815
71.9409,0.958173
71.9748,0.958195
72.0088,0.958218
72.0427,0.95824
72.0767,0.958263
72.1106,0.958285
72.1446,0.958308
72.1786,0.95833
72.2126,0.958353
72.2466,0.958375
72.2806,0.958398
72.3146,0.95842
72.3487,0.958443
72.3827,0.958465
72.4167,0.958487
72.4508,0.95851
72.4848,0.958532
72.5189,0.958554
72.553,0.958577
72.5871,0.958599
72.6211,0.958621
72.6552,0.958644
72.6894,0.958666
72.7235,0.958688
72.7576,0.95871
72.7917,0.958733
72.8259,0.958755
72.86,0.958777
72.8942,0.958799
72.9283,0.958821
72.9625,0.958843
72.9967,0.958865
73.0309,0.958888
73.065,0.95891
73.0993,0.958932
73.1335,0.958954
73.1677,0.958976
73.2019,0.958998
73.2361,0.95902
73.2704,0.959042
73.3046,0.959064
73.3389,0.959086
73.3732,0.959108
73.4074,0.95913
73.4417,0.959152
73.476,0.959174
73.5103,0.959195
73.5446,0.959217
73.5789,0.959239
73.6132,0.959261
73.6476,0.959283
73.6819,0.959305
73.7163,0.959327
73.7506,0.959348
73.785,0.95937
73.8193,0.959392
73.8537,0.959414
73.8881,0.959435
73.9225,0.959457
73.9569,0.959479
73.9913,0.9595
74.0257,0.959522
74.0602,0.959544
74.0946,0.959565
74.129,0.959587
74.1635,0.959609
74.1979,0.95963
74.2324,0.959652
74.2669,0.959673
74.3014,0.959695
74.3359,0.959716
74.3704,0.959738
74.4049,0.95976
74.4394,0.959781
74.4739,0.959802
74.5084,0.959824
74.543,0.959845
74.5775,0.959867
74.6121,0.959888
74.6466,0.95991
74.6812,0.959931
74.7158,0.959952
74.7504,0.959974
74.785,0.959995
74.8196,0.960016
74.8542,0.960038
74.8888,0.960059
74.9234,0.96008
74.958,0.960102
74.9927,0.960123
75.0273,0.960144
75.062,0.960165
75.0967,0.960187
75.1313,0.960208
75.166,0.960229
75.2007,0.96025
75.2354,0.960271
75.2701,0.960292
75.3048,0.960314
75.3396,0.960335
75.3743,0.960356
75.409,0.960377
75.4438,0.960398
75.4785,0.960419
75.5133,0.96044
75.5481,0.960461
75.5828,0.960482
75.6176,0.960503
75.6524,0.960524
75.6872,0.960545
75.722,0.960566
75.7568,0.960587
75.7917,0.960608
75.8265,0.960629
75.8613,0.96065
75.8962,0.960671
75.9311,0.960692
75.9659,0.960712
76.0008,0.960733
76.0357,0.960754
76.0706,0.960775
76.1055,0.960796
76.1404,0.960816
76.1753,0.960837
76.2102,0.960858
76.2451,0.960879
76.2801,0.960899
76.315,0.96092
76.35,0.960941
76.3849,0.960962
76.4199,0.960982
76.4549,0.961003
76.4899,0.961024
76.5249,0.961044
76.5599,0.961065
76.5949,0.961085
76.6299,0.961106
76.6649,0.961127
76.7,0.961147
76.735,0.961168
76.7701,0.961188
76.8051,0.961209
76.8402,0.961229
76.8753,0.96125
76.9103,0.96127
76.9454,0.961291
76.9805,0.961311
77.0156,0.961332
77.0507,0.961352
77.0859,0.961372
77.121,0.961393
77.1561,0.961413
77.1913,0.961434
77.2264,0.961454
77.2616,0.961474
77.2968,0.961495
77.332,0.961515
77.3671,0.961535
77.4023,0.961556
77.4375,0.961576
77.4727,0.961596
77.508,0.961616
77.5432,0.961637
77.5784,0.961657
77.6137,0.961677
77.6489,0.961697
77.6842,0.961717
77.7194,0.961738
77.7547,0.961758
77.79,0.961778
77.8253,0.961798
77.8606,0.961818
77.8959,0.961838
77.9312,0.961858
77.9665,0.961878
78.0019,0.961898
78.0372,0.961918
78.0725,0.961938
78.1079,0.961959
78.1433,0.961979
78.1786,0.961999
78.214,0.962018
78.2494,0.962038
78.2848,0.962058
78.3202,0.962078
78.3556,0.962098
78.391,0.962118
78.4265,0.962138
78.4619,0.962158
78.4973,0.962178
78.5328,0.962198
78.5682,0.962218
78.6037,0.962237
78.6392,0.962257
78.6747,0.962277
78.7102,0.962297
78.7457,0.962317
78.7812,0.962336
78.8167,0.962356
78.8522,0.962376
78.8877,0.962396
78.9233,0.962415
78.9588,0.962435
78.9944,0.962455
79.0299,0.962474
79.0655,0.962494
79.1011,0.962514
79.1367,0.962533
79.1723,0.962553
79.2079,0.962572
79.2435,0.962592
79.2791,0.962612
79.3147,0.962631
79.3504,0.962651
79.386,0.96267
79.4216,0.96269
79.4573,0.962709
79.493,0.962729
79.5286,0.962748
79.5643,0.962768
79.6,0.962787
79.6357,0.962807
79.6714,0.962826
79.7071,0.962846
79.7429,0.962865
79.7786,0.962884
79.8143,0.962904
79.8501,0.962923
79.8858,0.962943
79.9216,0.962962
79.9574,0.962981
79.9931,0.963001
80.0289,0.96302
80.0647,0.963039
80.1005,0.963058
80.1363,0.963078
80.1722,0.963097
80.208,0.963116
80.2438,0.963135
80.2797,0.963155
80.3155,0.963174
80.3514,0.963193
80.3872,0.963212
80.4231,0.963231
80.459,0.96325
80.4949,0.96327
80.5308,0.963289
80.5667,0.963308
80.6026,0.963327
80.6385,0.963346
80.6745,0.963365
80.7104,0.963384
80.7463,0.963403
80.7823,0.963422
80.8183,0.963441
80.8542,0.96346
80.8902,0.963479
80.9262,0.963498
80.9622,0.963517
80.9982,0.963536
81.0342,0.963555
81.0702,0.963574
81.1063,0.963593
81.1423,0.963612
81.1783,0.963631
81.2144,0.96365
81.2504,0.963669
81.2865,0.963688
81.3226,0.963706
81.3587,0.963725
81.3948,0.963744
81.4309,0.963763
81.467,0.963782
81.5031,0.9638
81.5392,0.963819
81.5753,0.963838
81.6115,0.963857
81.6476,0.963875
81.6838,0.963894
81.7199,0.963913
81.7561,0.963932
81.7923,0.96395
81.8285,0.963969
81.8647,0.963988
81.9009,0.964006
81.9371,0.964025
81.9733,0.964044
82.0095,0.964062
82.0458,0.964081
82.082,0.964099
82.1183,0.964118
82.1545,0.964137
82.1908,0.964155
82.2271,0.964174
82.2633,0.964192
82.2996,0.964211
82.3359,0.964229
82.3722,0.964248
82.4086,0.964266
82.4449,0.964285
82.4812,0.964303
82.5175,0.964322
82.5539,0.96434
82.5902,0.964358
82.6266,0.964377
82.663,0.964395
82.6994,0.964414
82.7357,0.964432
82.7721,0.96445
82.8085,0.964469
82.845,0.964487
82.8814,0.964505
82.9178,0.964524
82.9542,0.964542
82.9907,0.96456
83.0271,0.964578
83.0636,0.964597
83.1001,0.964615
83.1365,0.964633
83.173,0.964651
83.2095,0.96467
83.246,0.964688
83.2825,0.964706
83.319,0.964724
83.3555,0.964742
83.3921,0.964761
83.4286,0.964779
83.4652,0.964797
83.5017,0.964815
83.5383,0.964833
83.5749,0.964851
83.6114,0.964869
83.648,0.964887
83.6846,0.964905
83.7212,0.964923
83.7578,0.964941
83.7944,0.964959
83.8311,0.964978
83.8677,0.964996
83.9044,0.965013
83.941,0.965031
83.9777,0.965049
84.0143,0.965067
84.051,0.965085
84.0877,0.965103
84.1244,0.965121
84.1611,0.965139
84.1978,0.965157
84.2345,0.965175
84.2712,0.965193
84.308,0.965211
84.3447,0.965228
84.3814,0.965246
84.4182,0.965264
84.455,0.965282
84.4917,0.9653
84.5285,0.965318
84.5653,0.965335
84.6021,0.965353
84.6389,0.965371
84.6757,0.965389
84.7125,0.965406
84.7494,0.965424
84.7862,0.965442
84.823,0.965459
84.8599,0.965477
84.8967,0.965495
84.9336,0.965512
84.9705,0.96553
85.0074,0.965548
85.0443,0.965565
85.0812,0.965583
85.1181,0.965601
85.155,0.965618
85.1919,0.965636
85.2288,0.965653
85.2658,0.965671
85.3027,0.965688
85.3397,0.965706
85.3766,0.965723
85.4136,0.965741
85.4506,0.965759
85.4876,0.965776
85.5246,0.965793
85.5616,0.965811
85.5986,0.965828
85.6356,0.965846
85.6726,0.965863
85.7097,0.965881
85.7467,0.965898
85.7838,0.965916
85.8208,0.965933
85.8579,0.96595
85.895,0.965968
85.932,0.965985
85.9691,0.966002
86.0062,0.96602
86.0433,0.966037
86.0805,0.966054
86.1176,0.966072
86.1547,0.966089
86.1919,0.966106
86.229,0.966123
86.2662,0.966141
86.3033,0.966158
86.3405,0.966175
86.3777,0.966192
86.4149,0.96621
86.4521,0.966227
86.4893,0.966244
86.5265,0.966261
86.5637,0.966278
86.6009,0.966295
86.6381,0.966313
86.6754,0.96633
86.7126,0.966347
86.7499,0.966364
86.7872,0.966381
86.8244,0.966398
86.8617,0.966415
86.899,0.966432
86.9363,0.966449
86.9736,0.966466
87.0109,0.966483
87.0483,0.9665
87.0856,0.966517
87.1229,0.966534
87.1603,0.966551
87.1976,0.966568
87.235,0.966585
87.2724,0.966602
87.3098,0.966619
87.3471,0.966636
87.3845,0.966653
87.4219,0.96667
87.4593,0.966687
87.4968,0.966704
87.5342,0.966721
87.5716,0.966738
87.6091,0.966754
87.6465,0.966771
87.684,0.966788
87.7215,0.966805
87.7589,0.966822
87.7964,0.966839
87.8339,0.966855
87.8714,0.966872
87.9089,0.966889
87.9464,0.966906
87.9839,0.966922
88.0215,0.966939
88.059,0.966956
88.0966,0.966973
88.1341,0.966989
88.1717,0.967006
88.2093,0.967023
88.2468,0.967039
88.2844,0.967056
88.322,0.967073
88.3596,0.967089
88.3972,0.967106
88.4349,0.967122
88.4725,0.967139
88.5101,0.967156
88.5478,0.967172
88.5854,0.967189
88.6231,0.967205
88.6607,0.967222
88.6984,0.967238
88.7361,0.967255
88.7738,0.967272
88.8115,0.967288
88.8492,0.967305
88.8869,0.967321
88.9246,0.967338
88.9624,0.967354
89.0001,0.96737
89.0379,0.967387
89.0756,0.967403
89.1134,0.96742
89.1511,0.967436
89.1889,0.967453
89.2267,0.967469
89.2645,0.967485
89.3023,0.967502
89.3401,0.967518
89.3779,0.967534
89.4158,0.967551
89.4536,0.967567
89.4914,0.967583
89.5293,0.9676
89.5672,0.967616
89.605,0.967632
89.6429,0.967649
89.6808,0.967665
89.7187,0.967681
89.7566,0.967697
89.7945,0.967714
89.8324,0.96773
89.8703,0.967746
89.9083,0.967762
89.9462,0.967778
89.9841,0.967795
90.0221,0.967811
90.0601,0.967827
90.098,0.967843
90.136,0.967859
90.174,0.967875
90.212,0.967892
90.25,0.967908
90.288,0.967924
90.326,0.96794
90.3641,0.967956
90.4021,0.967972
90.4401,0.967988
90.4782,0.968004
90.5162,0.96802
90.5543,0.968036
90.5924,0.968052
90.6305,0.968068
90.6686,0.968084
90.7067,0.9681
90.7448,0.968116
90.7829,0.968132
90.821,0.968148
90.8591,0.968164
90.8973,0.96818
90.9354,0.968196
90.9736,0.968212
91.0118,0.968228
91.0499,0.968244
91.0881,0.96826
91.1263,0.968275
91.1645,0.968291
91.2027,0.968307
91.2409,0.968323
91.2791,0.968339
91.3173,0.968355
91.3556,0.968371
91.3938,0.968386
91.4321,0.968402
91.4703,0.968418
91.5086,0.968434
91.5469,0.968449
91.5852,0.968465
91.6235,0.968481
91.6618,0.968497
91.7001,0.968512
91.7384,0.968528
91.7767,0.968544
91.815,0.96856
91.8534,0.968575
91.8917,0.968591
91.9301,0.968607
91.9684,0.968622
92.0068,0.968638
92.0452,0.968654
92.0836,0.968669
92.122,0.968685
92.1604,0.9687
92.1988,0.968716
92.2372,0.968732
92.2756,0.968747
92.3141,0.968763
92.3525,0.968778
92.391,0.968794
92.4294,0.968809
92.4679,0.968825
92.5064,0.96884
92.5449,0.968856
92.5834,0.968871
92.6219,0.968887
92.6604,0.968902
92.6989,0.968918
92.7374,0.968933
92.7759,0.968949
92.8145,0.968964
92.853,0.96898
92.8916,0.968995
92.9301,0.969011
92.9687,0.969026
93.0073,0.969041
93.0459,0.969057
93.0845,0.969072
93.1231,0.969087
93.1617,0.969103
93.2003,0.969118
93.2389,0.969133
93.2776,0.969149
93.3162,0.969164
93.3549,0.969179
93.3935,0.969195
93.4322,0.96921
93.4709,0.969225
93.5096,0.969241
93.5482,0.969256
93.5869,0.969271
93.6257,0.969286
93.6644,0.969301
93.7031,0.969317
93.7418,0.969332
93.7806,0.969347
93.8193,0.969362
93.8581,0.969377
93.8968,0.969393
93.9356,0.969408
93.9744,0.969423
94.0132,0.969438
94.052,0.969453
94.0908,0.969468
94.1296,0.969483
94.1684,0.969499
94.2072,0.969514
94.2461,0.969529
94.2849,0.969544
94.3238,0.969559
94.3626,0.969574
94.4015,0.969589
94.4404,0.969604
94.4793,0.969619
94.5181,0.969634
94.557,0.969649
94.596,0.969664
94.6349,0.969679
94.6738,0.969694
94.7127,0.969709
94.7517,0.969724
94.7906,0.969739
94.8296,0.969754
94.8685,0.969769
94.9075,0.969784
94.9465,0.969799
94.9855,0.969814
95.0245,0.969828
95.0635,0.969843
95.1025,0.969858
95.1415,0.969873
95.1805,0.969888
95.2196,0.969903
95.2586,0.969918
95.2977,0.969932
95.3367,0.969947
95.3758,0.969962
95.4149,0.969977
95.454,0.969992
95.493,0.970006
95.5321,0.970021
95.5713,0.970036
95.6104,0.970051
95.6495,0.970066
95.6886,0.97008
95.7278,0.970095
95.7669,0.97011
95.8061,0.970124
95.8452,0.970139
95.8844,0.970154
95.9236,0.970168
95.9628,0.970183
96.002,0.970198
96.0412,0.970212
96.0804,0.970227
96.1196,0.970242
96.1588,0.970256
96.1981,0.970271
96.2373,0.970286
96.2766,0.9703
96.3158,0.970315
96.3551,0.970329
96.3944,0.970344
96.4337,0.970359
96.4729,0.970373
96.5122,0.970388
96.5516,0.970402
96.5909,0.970417
96.6302,0.970431
96.6695,0.970446
96.7089,0.97046
96.7482,0.970475
96.7876,0.970489
96.8269,0.970504
96.8663,0.970518
96.9057,0.970533
96.9451,0.970547
96.9845,0.970561
97.0239,0.970576
97.0633,0.97059
97.1027,0.970605
97.1421,0.970619
97.1816,0.970633
97.221,0.970648
97.2605,0.970662
97.2999,0.970677
97.3394,0.970691
97.3789,0.970705
97.4184,0.97072
97.4579,0.970734
97.4974,0.970748
97.5369,0.970763
97.5764,0.970777
97.6159,0.970791
97.6554,0.970805
97.695,0.97082
97.7345,0.970834
97.7741,0.970848
97.8136,0.970863
97.8532,0.970877
97.8928,0.970891
97.9324,0.970905
97.972,0.970919
98.0116,0.970934
98.0512,0.970948
98.0908,0.970962
98.1304,0.970976
98.1701,0.97099
98.2097,0.971005
98.2494,0.971019
98.289,0.971033
98.3287,0.971047
98.3684,0.971061
98.4081,0.971075
98.4478,0.971089
98.4875,0.971103
98.5272,0.971118
98.5669,0.971132
98.6066,0.971146
98.6463,0.97116
98.6861,0.971174
98.7258,0.971188
98.7656,0.971202
98.8053,0.971216
98.8451,0.97123
98.8849,0.971244
98.9247,0.971258
98.9645,0.971272
99.0043,0.971286
99.0441,0.9713
99.0839,0.971314
99.1238,0.971328
99.1636,0.971342
99.2034,0.971356
99.2433,0.97137
99.2831,0.971384
99.323,0.971397
99.3629,0.971411
99.4028,0.971425
99.4427,0.971439
99.4826,0.971453
99.5225,0.971467
99.5624,0.971481
99.6023,0.971495
99.6422,0.971509
99.6822,0.971522
99.7221,0.971536
99.7621,0.97155
99.8021,0.971564
99.842,0.971578
99.882,0.971591
99.922,0.971605
99.962,0.971619
