r2,N_ipsat
1e-08,1.69414e-10
4.4116e-06,1.13554e-07
1.68162e-05,4.79368e-07
3.72239e-05,1.12959e-06
6.56346e-05,2.08449e-06
0.000102048,3.36772e-06
0.000146465,4.99387e-06
0.000198885,6.97311e-06
0.000259308,9.31624e-06
0.000327734,1.20329e-05
0.000404163,1.5132e-05
0.000488595,1.86216e-05
0.00058103,2.2509e-05
0.000681468,2.68014e-05
0.000789909,3.15053e-05
0.000906353,3.66268e-05
0.0010308,4.21718e-05
0.00116325,4.81457e-05
0.0013037,5.45539e-05
0.00145216,6.14014e-05
0.00160862,6.86929e-05
0.00177308,7.6433e-05
0.00194555,8.46262e-05
0.00212602,9.32767e-05
0.00231449,0.000102389
0.00251096,0.000111966
0.00271544,0.000122012
0.00292792,0.000132532
0.0031484,0.000143527
0.00337689,0.000155003
0.00361338,0.000166961
0.00385787,0.000179407
0.00411037,0.000192341
0.00437087,0.000205769
0.00463937,0.000219692
0.00491588,0.000234113
0.00520038,0.000249036
0.00549289,0.000264463
0.00579341,0.000280397
0.00610193,0.00029684
0.00641845,0.000313795
0.00674297,0.000331264
0.0070755,0.000349251
0.00741602,0.000367756
0.00776456,0.000386783
0.00812109,0.000406334
0.00848563,0.000426411
0.00885817,0.000447016
0.00923872,0.000468151
0.00962726,0.000489818
0.0100238,0.00051202
0.0104284,0.000534759
0.0108409,0.000558035
0.0112615,0.000581852
0.01169,0.00060621
0.0121266,0.000631113
0.0125712,0.000656561
0.0130238,0.000682556
0.0134843,0.000709101
0.0139529,0.000736196
0.0144295,0.000763844
0.0149141,0.000792046
0.0154067,0.000820803
0.0159072,0.000850117
0.0164158,0.00087999
0.0169324,0.000910423
0.017457,0.000941418
0.0179896,0.000972975
0.0185302,0.0010051
0.0190789,0.00103779
0.0196355,0.00107104
0.0202001,0.00110486
0.0207727,0.00113926
0.0213533,0.00117422
0.0219419,0.00120976
0.0225386,0.00124587
0.0231432,0.00128255
0.0237558,0.00131981
0.0243765,0.00135765
0.0250051,0.00139606
0.0256417,0.00143506
0.0262864,0.00147463
0.026939,0.00151479
0.0275997,0.00155553
0.0282683,0.00159685
0.028945,0.00163876
0.0296297,0.00168125
0.0303223,0.00172433
0.031023,0.00176799
0.0317317,0.00181224
0.0324483,0.00185709
0.033173,0.00190252
0.0339057,0.00194854
0.0346464,0.00199516
0.0353951,0.00204237
0.0361517,0.00209017
0.0369164,0.00213857
0.0376891,0.00218756
0.0384698,0.00223714
0.0392585,0.00228733
0.0400552,0.00233811
0.0408599,0.00238949
0.0416726,0.00244146
0.0424933,0.00249404
0.0433221,0.00254722
0.0441588,0.00260099
0.0450035,0.00265537
0.0458562,0.00271035
0.046717,0.00276594
0.0475857,0.00282213
0.0484624,0.00287892
0.0493472,0.00293631
0.0502399,0.00299431
0.0511406,0.00305292
0.0520494,0.00311213
0.0529661,0.00317195
0.0538909,0.00323237
0.0548236,0.0032934
0.0557644,0.00335505
0.0567132,0.0034173
0.0576699,0.00348015
0.0586347,0.00354362
0.0596074,0.0036077
0.0605882,0.00367239
0.061577,0.00373769
0.0625738,0.0038036
0.0635786,0.00387012
0.0645913,0.00393725
0.0656121,0.004005
0.0666409,0.00407336
0.0676777,0.00414233
0.0687225,0.00421191
0.0697753,0.00428211
0.0708361,0.00435292
0.0719049,0.00442435
0.0729817,0.00449639
0.0740665,0.00456904
0.0751594,0.00464232
0.0762602,0.0047162
0.077369,0.0047907
0.0784858,0.00486582
0.0796106,0.00494155
0.0807435,0.0050179
0.0818843,0.00509487
0.0830331,0.00517245
0.08419,0.00525065
0.0853548,0.00532947
0.0865277,0.0054089
0.0877085,0.00548896
0.0888974,0.00556963
0.0900942,0.00565093
0.0912991,0.00573285
0.0925119,0.00581538
0.0937328,0.00589853
0.0949617,0.00598229
0.0961986,0.00606665
0.0974434,0.00615162
0.0986963,0.00623726
0.0999572,0.00632352
0.101226,0.00641037
0.102503,0.00649779
0.103788,0.00658578
0.105081,0.00667433
0.106382,0.00676342
0.107691,0.00685372
0.109007,0.00694458
0.110332,0.00703592
0.111665,0.00712781
0.113006,0.00722025
0.114355,0.00731327
0.115712,0.00740686
0.117077,0.00750105
0.11845,0.00759583
0.119831,0.00769126
0.12122,0.0077874
0.122617,0.00788417
0.124022,0.00798155
0.125434,0.00807956
0.126855,0.00817818
0.128284,0.00827742
0.129721,0.00837729
0.131166,0.00847777
0.132619,0.00857887
0.13408,0.00868059
0.135549,0.00878293
0.137026,0.00888589
0.138511,0.00898947
0.140004,0.00909366
0.141505,0.00919848
0.143014,0.00930391
0.144531,0.00940997
0.146056,0.00951664
0.147589,0.00962393
0.14913,0.00973183
0.150679,0.00984036
0.152236,0.0099495
0.153801,0.0100593
0.155374,0.0101696
0.156955,0.0102806
0.158544,0.0103922
0.160141,0.0105045
0.161746,0.0106173
0.163359,0.0107308
0.16498,0.0108449
0.166609,0.0109596
0.168246,0.0110749
0.169891,0.0111908
0.171544,0.0113073
0.173205,0.0114245
0.174874,0.0115423
0.176551,0.0116606
0.178236,0.0117796
0.179929,0.0118993
0.18163,0.0120195
0.183339,0.0121403
0.185056,0.0122618
0.186781,0.0123838
0.188514,0.0125065
0.190255,0.0126298
0.192005,0.0127537
0.193762,0.0128782
0.195527,0.0130034
0.1973,0.0131291
0.199081,0.0132554
0.20087,0.0133824
0.202667,0.01351
0.204472,0.0136382
0.206285,0.0137669
0.208106,0.0138963
0.209935,0.0140264
0.211772,0.014157
0.213618,0.0142882
0.215471,0.01442
0.217332,0.0145525
0.219201,0.0146855
0.221078,0.0148192
0.222963,0.0149534
0.224856,0.0150883
0.226757,0.0152238
0.228666,0.0153598
0.230584,0.0154965
0.232509,0.0156338
0.234442,0.0157717
0.236383,0.0159102
0.238332,0.0160493
0.240289,0.016189
0.242254,0.0163293
0.244228,0.0164702
0.246209,0.0166117
0.248198,0.0167538
0.250195,0.0168965
0.2522,0.0170399
0.254213,0.0171838
0.256235,0.0173283
0.258264,0.0174734
0.260301,0.0176191
0.262346,0.0177654
0.264399,0.0179123
0.26646,0.0180598
0.26853,0.0182079
0.270607,0.0183566
0.272692,0.0185059
0.274785,0.0186558
0.276886,0.0188063
0.278996,0.0189574
0.281113,0.0191091
0.283238,0.0192613
0.285371,0.0194142
0.287512,0.0195676
0.289662,0.0197217
0.291819,0.0198763
0.293984,0.0200316
0.296157,0.0201874
0.298339,0.0203438
0.300528,0.0205008
0.302725,0.0206584
0.30493,0.0208166
0.307143,0.0209753
0.309365,0.0211347
0.311594,0.0212946
0.313831,0.0214552
0.316076,0.0216163
0.31833,0.021778
0.320591,0.0219403
0.32286,0.0221032
0.325138,0.0222666
0.327423,0.0224307
0.329716,0.0225953
0.332017,0.0227605
0.334327,0.0229263
0.336644,0.0230927
0.338969,0.0232596
0.341302,0.0234272
0.343644,0.0235953
0.345993,0.023764
0.34835,0.0239333
0.350716,0.0241031
0.353089,0.0242736
0.35547,0.0244446
0.35786,0.0246162
0.360257,0.0247883
0.362662,0.0249611
0.365076,0.0251344
0.367497,0.0253083
0.369926,0.0254828
0.372363,0.0256578
0.374809,0.0258334
0.377262,0.0260096
0.379723,0.0261864
0.382193,0.0263637
0.38467,0.0265416
0.387155,0.0267201
0.389649,0.0268991
0.39215,0.0270787
0.39466,0.0272589
0.397177,0.0274397
0.399702,0.027621
0.402236,0.0278029
0.404777,0.0279853
0.407326,0.0281683
0.409884,0.0283519
0.412449,0.0285361
0.415022,0.0287208
0.417604,0.0289061
0.420193,0.0290919
0.422791,0.0292783
0.425396,0.0294653
0.428009,0.0296528
0.430631,0.0298409
0.43326,0.0300295
0.435898,0.0302187
0.438543,0.0304085
0.441196,0.0305988
0.443858,0.0307897
0.446527,0.0309811
0.449205,0.0311731
0.45189,0.0313657
0.454584,0.0315588
0.457285,0.0317524
0.459994,0.0319466
0.462712,0.0321414
0.465437,0.0323367
0.468171,0.0325326
0.470912,0.032729
0.473662,0.032926
0.476419,0.0331235
0.479184,0.0333216
0.481958,0.0335202
0.484739,0.0337194
0.487529,0.0339191
0.490326,0.0341194
0.493132,0.0343202
0.495945,0.0345216
0.498767,0.0347235
0.501596,0.0349259
0.504434,0.0351289
0.507279,0.0353325
0.510133,0.0355366
0.512994,0.0357412
0.515864,0.0359464
0.518741,0.0361521
0.521627,0.0363583
0.52452,0.0365651
0.527422,0.0367724
0.530331,0.0369803
0.533249,0.0371887
0.536174,0.0373977
0.539108,0.0376072
0.542049,0.0378172
0.544999,0.0380277
0.547956,0.0382388
0.550922,0.0384504
0.553895,0.0386626
0.556877,0.0388753
0.559866,0.0390885
0.562864,0.0393023
0.565869,0.0395166
0.568883,0.0397314
0.571904,0.0399467
0.574934,0.0401626
0.577972,0.040379
0.581017,0.040596
0.584071,0.0408134
0.587132,0.0410314
0.590202,0.0412499
0.593279,0.041469
0.596365,0.0416886
0.599459,0.0419086
0.60256,0.0421293
0.60567,0.0423504
0.608787,0.0425721
0.611913,0.0427943
0.615046,0.043017
0.618188,0.0432402
0.621338,0.0434639
0.624495,0.0436882
0.627661,0.043913
0.630834,0.0441383
0.634016,0.0443641
0.637206,0.0445904
0.640403,0.0448173
0.643609,0.0450447
0.646823,0.0452726
0.650044,0.045501
0.653274,0.0457299
0.656511,0.0459593
0.659757,0.0461892
0.663011,0.0464197
0.666272,0.0466506
0.669542,0.0468821
0.67282,0.0471141
0.676105,0.0473466
0.679399,0.0475796
0.682701,0.0478131
0.68601,0.0480471
0.689328,0.0482816
0.692654,0.0485167
0.695987,0.0487522
0.699329,0.0489882
0.702679,0.0492248
0.706036,0.0494618
0.709402,0.0496994
0.712776,0.0499374
0.716157,0.050176
0.719547,0.050415
0.722945,0.0506546
0.72635,0.0508947
0.729764,0.0511352
0.733186,0.0513763
0.736615,0.0516178
0.740053,0.0518599
0.743499,0.0521024
0.746953,0.0523454
0.750414,0.052589
0.753884,0.052833
0.757362,0.0530775
0.760847,0.0533225
0.764341,0.0535681
0.767843,0.0538141
0.771353,0.0540605
0.77487,0.0543075
0.778396,0.054555
0.78193,0.054803
0.785472,0.0550514
0.789021,0.0553004
0.792579,0.0555498
0.796145,0.0557997
0.799719,0.0560501
0.8033,0.056301
0.80689,0.0565524
0.810488,0.0568042
0.814094,0.0570566
0.817707,0.0573094
0.821329,0.0575627
0.824959,0.0578165
0.828597,0.0580708
0.832243,0.0583255
0.835896,0.0585808
0.839558,0.0588365
0.843228,0.0590927
0.846906,0.0593493
0.850592,0.0596065
0.854285,0.0598641
0.857987,0.0601222
0.861697,0.0603808
0.865415,0.0606398
0.869141,0.0608993
0.872874,0.0611593
0.876616,0.0614198
0.880366,0.0616807
0.884124,0.0619422
0.88789,0.062204
0.891664,0.0624664
0.895445,0.0627292
0.899235,0.0629925
0.903033,0.0632563
0.906839,0.0635205
0.910653,0.0637852
0.914475,0.0640504
0.918304,0.064316
0.922142,0.0645821
0.925988,0.0648487
0.929842,0.0651157
0.933704,0.0653832
0.937574,0.0656512
0.941452,0.0659196
0.945338,0.0661885
0.949231,0.0664578
0.953133,0.0667276
0.957043,0.0669979
0.960961,0.0672686
0.964887,0.0675398
0.968821,0.0678114
0.972763,0.0680835
0.976713,0.068356
0.980671,0.0686291
0.984637,0.0689025
0.98861,0.0691764
0.992592,0.0694508
0.996582,0.0697256
1.00058,0.0700009
1.00459,0.0702766
1.0086,0.0705528
1.01262,0.0708295
1.01665,0.0711065
1.02069,0.0713841
1.02474,0.0716621
1.02879,0.0719405
1.03285,0.0722194
1.03692,0.0724987
1.041,0.0727785
1.04509,0.0730587
1.04918,0.0733394
1.05328,0.0736205
1.05739,0.073902
1.06151,0.074184
1.06564,0.0744665
1.06977,0.0747494
1.07391,0.0750327
1.07806,0.0753164
1.08222,0.0756007
1.08639,0.0758853
1.09056,0.0761704
1.09474,0.0764559
1.09893,0.0767419
1.10313,0.0770283
1.10734,0.0773151
1.11155,0.0776024
1.11577,0.0778901
1.12,0.0781783
1.12424,0.0784668
1.12849,0.0787559
1.13274,0.0790453
1.137,0.0793352
1.14127,0.0796255
1.14555,0.0799163
1.14984,0.0802074
1.15413,0.080499
1.15843,0.0807911
1.16274,0.0810835
1.16706,0.0813764
1.17139,0.0816697
1.17572,0.0819635
1.18006,0.0822577
1.18441,0.0825523
1.18877,0.0828473
1.19314,0.0831427
1.19751,0.0834386
1.20189,0.0837349
1.20628,0.0840316
1.21068,0.0843288
1.21509,0.0846264
1.2195,0.0849243
1.22392,0.0852227
1.22835,0.0855216
1.23279,0.0858208
1.23724,0.0861205
1.24169,0.0864206
1.24615,0.0867211
1.25062,0.087022
1.2551,0.0873233
1.25959,0.0876251
1.26408,0.0879272
1.26858,0.0882298
1.27309,0.0885328
1.27761,0.0888362
1.28214,0.08914
1.28667,0.0894443
1.29121,0.0897489
1.29576,0.090054
1.30032,0.0903594
1.30489,0.0906653
1.30946,0.0909716
1.31404,0.0912783
1.31863,0.0915854
1.32323,0.0918929
1.32784,0.0922008
1.33245,0.0925091
1.33708,0.0928178
1.34171,0.0931269
1.34634,0.0934365
1.35099,0.0937464
1.35564,0.0940567
1.36031,0.0943675
1.36498,0.0946786
1.36965,0.0949902
1.37434,0.0953021
1.37903,0.0956145
1.38374,0.0959272
1.38845,0.0962403
1.39317,0.0965539
1.39789,0.0968678
1.40263,0.0971822
1.40737,0.0974969
1.41212,0.097812
1.41688,0.0981275
1.42164,0.0984435
1.42642,0.0987598
1.4312,0.0990765
1.43599,0.0993936
1.44079,0.0997111
1.44559,0.100029
1.45041,0.100347
1.45523,0.100666
1.46006,0.100985
1.4649,0.101304
1.46974,0.101624
1.4746,0.101944
1.47946,0.102265
1.48433,0.102586
1.48921,0.102907
1.4941,0.103229
1.49899,0.103551
1.50389,0.103874
1.5088,0.104197
1.51372,0.10452
1.51865,0.104844
1.52358,0.105168
1.52852,0.105492
1.53347,0.105817
1.53843,0.106142
1.5434,0.106468
1.54837,0.106794
1.55336,0.10712
1.55835,0.107447
1.56334,0.107774
1.56835,0.108102
1.57336,0.108429
1.57839,0.108758
1.58342,0.109086
1.58846,0.109415
1.5935,0.109745
1.59856,0.110074
1.60362,0.110405
1.60869,0.110735
1.61377,0.111066
1.61885,0.111397
1.62395,0.111729
1.62905,0.112061
1.63416,0.112393
1.63928,0.112726
1.64441,0.113059
1.64954,0.113392
1.65468,0.113726
1.65983,0.11406
1.66499,0.114395
1.67016,0.11473
1.67533,0.115065
1.68051,0.1154
1.6857,0.115736
1.6909,0.116073
1.69611,0.11641
1.70132,0.116747
1.70655,0.117084
1.71178,0.117422
1.71701,0.11776
1.72226,0.118099
1.72752,0.118437
1.73278,0.118777
1.73805,0.119116
1.74333,0.119456
1.74861,0.119797
1.75391,0.120137
1.75921,0.120478
1.76452,0.12082
1.76984,0.121161
1.77516,0.121503
1.7805,0.121846
1.78584,0.122189
1.79119,0.122532
1.79655,0.122875
1.80192,0.123219
1.80729,0.123563
1.81267,0.123908
1.81806,0.124253
1.82346,0.124598
1.82887,0.124944
1.83428,0.12529
1.83971,0.125636
1.84514,0.125983
1.85058,0.12633
1.85602,0.126677
1.86148,0.127025
1.86694,0.127373
1.87241,0.127721
1.87789,0.12807
1.88337,0.128419
1.88887,0.128768
1.89437,0.129118
1.89988,0.129468
1.9054,0.129818
1.91093,0.130169
1.91646,0.13052
1.922,0.130871
1.92755,0.131223
1.93311,0.131575
1.93868,0.131928
1.94425,0.132281
1.94984,0.132634
1.95543,0.132987
1.96103,0.133341
1.96663,0.133695
1.97225,0.134049
1.97787,0.134404
1.9835,0.134759
1.98914,0.135115
1.99478,0.13547
2.00044,0.135827
2.0061,0.136183
2.01177,0.13654
2.01745,0.136897
2.02314,0.137254
2.02883,0.137612
2.03453,0.13797
2.04024,0.138328
2.04596,0.138687
2.05169,0.139046
2.05742,0.139406
2.06317,0.139765
2.06892,0.140125
2.07468,0.140486
2.08044,0.140846
2.08622,0.141207
2.092,0.141569
2.09779,0.14193
2.10359,0.142292
2.1094,0.142654
2.11521,0.143017
2.12103,0.14338
2.12686,0.143743
2.1327,0.144107
2.13855,0.14447
2.1444,0.144835
2.15027,0.145199
2.15614,0.145564
2.16202,0.145929
2.1679,0.146294
2.1738,0.14666
2.1797,0.147026
2.18561,0.147393
2.19153,0.147759
2.19746,0.148126
2.20339,0.148494
2.20933,0.148861
2.21528,0.149229
2.22124,0.149597
2.22721,0.149966
2.23318,0.150335
2.23917,0.150704
2.24516,0.151073
2.25116,0.151443
2.25716,0.151813
2.26318,0.152183
2.2692,0.152554
2.27523,0.152925
2.28127,0.153296
2.28732,0.153668
2.29337,0.15404
2.29943,0.154412
2.3055,0.154784
2.31158,0.155157
2.31767,0.15553
2.32376,0.155904
2.32987,0.156277
2.33598,0.156651
2.3421,0.157026
2.34822,0.1574
2.35436,0.157775
2.3605,0.15815
2.36665,0.158526
2.37281,0.158902
2.37898,0.159278
2.38515,0.159655
2.39133,0.160032
2.39752,0.160409
2.40372,0.160787
2.40993,0.161164
2.41614,0.161543
2.42237,0.161921
2.4286,0.1623
2.43484,0.162679
2.44108,0.163058
2.44734,0.163438
2.4536,0.163817
2.45987,0.164198
2.46615,0.164578
2.47244,0.164959
2.47873,0.16534
2.48504,0.165721
2.49135,0.166103
2.49766,0.166484
2.50399,0.166866
2.51033,0.167249
2.51667,0.167631
2.52302,0.168014
2.52938,0.168398
2.53575,0.168781
2.54212,0.169165
2.5485,0.169549
2.55489,0.169933
2.56129,0.170318
2.5677,0.170702
2.57411,0.171087
2.58054,0.171473
2.58697,0.171858
2.59341,0.172244
2.59985,0.17263
2.60631,0.173017
2.61277,0.173404
2.61924,0.17379
2.62572,0.174178
2.63221,0.174565
2.6387,0.174953
2.64521,0.175341
2.65172,0.175729
2.65824,0.176118
2.66476,0.176506
2.6713,0.176895
2.67784,0.177285
2.68439,0.177674
2.69095,0.178064
2.69752,0.178454
2.70409,0.178844
2.71068,0.179235
2.71727,0.179625
2.72386,0.180016
2.73047,0.180408
2.73709,0.180799
2.74371,0.181191
2.75034,0.181583
2.75698,0.181975
2.76363,0.182368
2.77028,0.18276
2.77694,0.183153
2.78362,0.183546
2.79029,0.18394
2.79698,0.184334
2.80368,0.184727
2.81038,0.185122
2.81709,0.185516
2.82381,0.185911
2.83054,0.186306
2.83727,0.186701
2.84401,0.187096
2.85076,0.187492
2.85752,0.187887
2.86429,0.188283
2.87107,0.18868
2.87785,0.189076
2.88464,0.189473
2.89144,0.18987
2.89825,0.190267
2.90506,0.190665
2.91188,0.191062
2.91871,0.19146
2.92555,0.191858
2.9324,0.192257
2.93926,0.192655
2.94612,0.193053
2.95299,0.193452
2.95987,0.19385
2.96676,0.194249
2.97365,0.194648
2.98055,0.195048
2.98746,0.195447
2.99438,0.195847
3.00131,0.196247
3.00825,0.196647
3.01519,0.197048
3.02214,0.197449
3.0291,0.197849
3.03607,0.198251
3.04304,0.198652
3.05002,0.199053
3.05702,0.199455
3.06401,0.199857
3.07102,0.200259
3.07804,0.200662
3.08506,0.201064
3.09209,0.201467
3.09913,0.20187
3.10618,0.202273
3.11323,0.202677
3.12029,0.203081
3.12737,0.203484
3.13444,0.203889
3.14153,0.204295
3.14863,0.204702
3.15573,0.20511
3.16284,0.205517
3.16996,0.205925
3.17709,0.206333
3.18422,0.206742
3.19137,0.20715
3.19852,0.207559
3.20568,0.207968
3.21284,0.208377
3.22002,0.208787
3.2272,0.209196
3.23439,0.209606
3.24159,0.210016
3.2488,0.210426
3.25601,0.210837
3.26324,0.211247
3.27047,0.211658
3.27771,0.212069
3.28495,0.21248
3.29221,0.212892
3.29947,0.213303
3.30674,0.213715
3.31402,0.214127
3.32131,0.21454
3.32861,0.214952
3.33591,0.215365
3.34322,0.215778
3.35054,0.216191
3.35787,0.216604
3.3652,0.217018
3.37254,0.217431
3.3799,0.217845
3.38725,0.218259
3.39462,0.218674
3.402,0.219088
3.40938,0.219503
3.41677,0.219918
3.42417,0.220333
3.43158,0.220748
3.43899,0.221163
3.44642,0.221579
3.45385,0.221995
3.46129,0.222411
3.46873,0.222827
3.47619,0.223244
3.48365,0.22366
3.49112,0.224077
3.4986,0.224494
3.50609,0.224911
3.51359,0.225329
3.52109,0.225747
3.5286,0.226164
3.53612,0.226582
3.54365,0.227001
3.55118,0.227419
3.55873,0.227837
3.56628,0.228256
3.57384,0.228675
3.5814,0.229094
3.58898,0.229514
3.59656,0.229933
3.60415,0.230353
3.61175,0.230773
3.61936,0.231193
3.62697,0.231613
3.6346,0.232033
3.64223,0.232454
3.64987,0.232875
3.65752,0.233296
3.66517,0.233717
3.67283,0.234138
3.68051,0.23456
3.68819,0.234982
3.69587,0.235403
3.70357,0.235825
3.71127,0.236248
3.71898,0.23667
3.7267,0.237093
3.73443,0.237516
3.74216,0.237939
3.74991,0.238362
3.75766,0.238785
3.76542,0.239209
3.77319,0.239632
3.78096,0.240056
3.78874,0.24048
3.79654,0.240905
3.80434,0.241329
3.81214,0.241754
3.81996,0.242178
3.82778,0.242603
3.83561,0.243029
3.84345,0.243454
3.8513,0.243879
3.85916,0.244305
3.86702,0.244731
3.87489,0.245157
3.88277,0.245583
3.89066,0.246009
3.89855,0.246436
3.90646,0.246862
3.91437,0.247289
3.92229,0.247716
3.93021,0.248143
3.93815,0.248571
3.94609,0.248998
3.95404,0.249426
3.962,0.249854
3.96997,0.250282
3.97795,0.25071
3.98593,0.251138
3.99392,0.251567
4.00192,0.251995
4.00993,0.252424
4.01794,0.252853
4.02597,0.253282
4.034,0.253712
4.04204,0.254141
4.05009,0.254571
4.05814,0.255
4.0662,0.25543
4.07428,0.25586
4.08236,0.256291
4.09044,0.256721
4.09854,0.257151
4.10664,0.257582
4.11475,0.258013
4.12287,0.258444
4.131,0.258875
4.13914,0.259306
4.14728,0.259738
4.15543,0.260169
4.16359,0.260601
4.17176,0.261033
4.17993,0.261465
4.18812,0.261897
4.19631,0.26233
4.20451,0.262762
4.21272,0.263195
4.22093,0.263628
4.22915,0.264061
4.23739,0.264494
4.24563,0.264927
4.25387,0.26536
4.26213,0.265794
4.27039,0.266228
4.27866,0.266661
4.28694,0.267095
4.29523,0.26753
4.30353,0.267964
4.31183,0.268398
4.32014,0.268833
4.32846,0.269267
4.33679,0.269702
4.34512,0.270137
4.35347,0.270572
4.36182,0.271008
4.37018,0.271443
4.37855,0.271878
4.38692,0.272314
4.39531,0.27275
4.4037,0.273186
4.4121,0.273622
4.4205,0.274058
4.42892,0.274494
4.43734,0.274931
4.44577,0.275367
4.45421,0.275804
4.46266,0.276241
4.47112,0.276678
4.47958,0.277115
4.48805,0.277552
4.49653,0.27799
4.50502,0.278427
4.51352,0.278865
4.52202,0.279303
4.53053,0.279741
4.53905,0.280179
4.54758,0.280617
4.55611,0.281055
4.56466,0.281493
4.57321,0.281932
4.58177,0.282371
4.59034,0.282809
4.59891,0.283248
4.6075,0.283687
4.61609,0.284127
4.62469,0.284566
4.63329,0.285005
4.64191,0.285445
4.65053,0.285884
4.65917,0.286324
4.66781,0.286764
4.67645,0.287204
4.68511,0.287644
4.69377,0.288084
4.70244,0.288525
4.71112,0.288965
4.71981,0.289406
4.72851,0.289847
4.73721,0.290287
4.74592,0.290728
4.75464,0.291169
4.76337,0.291611
4.77211,0.292052
4.78085,0.292493
4.7896,0.292935
4.79836,0.293376
4.80713,0.293818
4.8159,0.29426
4.82469,0.294702
4.83348,0.295144
4.84228,0.295586
4.85109,0.296029
4.8599,0.296471
4.86873,0.296913
4.87756,0.297356
4.8864,0.297799
4.89525,0.298242
4.9041,0.298685
4.91297,0.299128
4.92184,0.299571
4.93072,0.300014
4.93961,0.300457
4.9485,0.300901
4.9574,0.301344
4.96632,0.301788
4.97524,0.302232
4.98416,0.302676
4.9931,0.30312
5.00204,0.303564
5.011,0.304008
5.01996,0.304452
5.02892,0.304896
5.0379,0.305341
5.04688,0.305785
5.05587,0.30623
5.06487,0.306675
5.07388,0.30712
5.0829,0.307565
5.09192,0.30801
5.10095,0.308456
5.10999,0.308901
5.11904,0.309346
5.1281,0.309792
5.13716,0.310237
5.14623,0.310683
5.15531,0.311129
5.1644,0.311575
5.1735,0.312021
5.1826,0.312467
5.19171,0.312913
5.20083,0.313359
5.20996,0.313806
5.2191,0.314252
5.22824,0.314699
5.23739,0.315145
5.24655,0.315592
5.25572,0.316039
5.2649,0.316485
5.27408,0.316932
5.28327,0.317379
5.29247,0.317826
5.30168,0.318274
5.31089,0.318721
5.32012,0.319168
5.32935,0.319616
5.33859,0.320063
5.34784,0.320511
5.35709,0.320959
5.36636,0.321406
5.37563,0.321854
5.38491,0.322302
5.3942,0.32275
5.40349,0.323198
5.4128,0.323646
5.42211,0.324094
5.43143,0.324543
5.44076,0.324991
5.45009,0.325439
5.45944,0.325888
5.46879,0.326337
5.47815,0.326785
5.48752,0.327234
5.49689,0.327683
5.50628,0.328132
5.51567,0.328581
5.52507,0.32903
5.53448,0.329479
5.54389,0.329928
5.55332,0.330377
5.56275,0.330826
5.57219,0.331276
5.58164,0.331725
5.59109,0.332175
5.60056,0.332624
5.61003,0.333074
5.61951,0.333523
5.629,0.333973
5.63849,0.334423
5.648,0.334873
5.65751,0.335323
5.66703,0.335773
5.67656,0.336223
5.68609,0.336673
5.69564,0.337123
5.70519,0.337573
5.71475,0.338024
5.72432,0.338474
5.73389,0.338924
5.74348,0.339375
5.75307,0.339825
5.76267,0.340276
5.77228,0.340727
5.78189,0.341177
5.79152,0.341628
5.80115,0.342079
5.81079,0.34253
5.82044,0.342981
5.83009,0.343432
5.83976,0.343883
5.84943,0.344334
5.85911,0.344785
5.8688,0.345236
5.87849,0.345687
5.8882,0.346139
5.89791,0.34659
5.90763,0.347041
5.91736,0.347493
5.92709,0.347944
5.93684,0.348396
5.94659,0.348847
5.95635,0.349299
5.96612,0.349751
5.9759,0.350202
5.98568,0.350654
5.99547,0.351106
6.00527,0.351558
6.01508,0.35201
6.0249,0.352461
6.03472,0.352913
6.04455,0.353365
6.05439,0.353817
6.06424,0.35427
6.0741,0.354722
6.08396,0.355174
6.09383,0.355626
6.10371,0.356078
6.1136,0.356531
6.1235,0.356983
6.1334,0.357435
6.14331,0.357888
6.15323,0.35834
6.16316,0.358793
6.1731,0.359245
6.18304,0.359698
6.19299,0.36015
6.20295,0.360603
6.21292,0.361055
6.2229,0.361508
6.23288,0.361961
6.24288,0.362413
6.25288,0.362866
6.26288,0.363319
6.2729,0.363772
6.28292,0.364225
6.29296,0.364678
6.303,0.36513
6.31305,0.365583
6.3231,0.366036
6.33317,0.366489
6.34324,0.366942
6.35332,0.367395
6.36341,0.367848
6.3735,0.368302
6.38361,0.368755
6.39372,0.369208
6.40384,0.369661
6.41397,0.370114
6.4241,0.370567
6.43425,0.371021
6.4444,0.371474
6.45456,0.371927
6.46473,0.37238
6.4749,0.372834
6.48509,0.373287
6.49528,0.37374
6.50548,0.374194
6.51569,0.374647
6.52591,0.3751
6.53613,0.375554
6.54636,0.376007
6.5566,0.376461
6.56685,0.376914
6.57711,0.377368
6.58737,0.377821
6.59764,0.378275
6.60792,0.378728
6.61821,0.379182
6.62851,0.379635
6.63881,0.380089
6.64913,0.380542
6.65945,0.380996
6.66977,0.381449
6.68011,0.381903
6.69046,0.382357
6.70081,0.38281
6.71117,0.383264
6.72154,0.383718
6.73191,0.384171
6.7423,0.384625
6.75269,0.385078
6.76309,0.385532
6.7735,0.385986
6.78391,0.386439
6.79434,0.386893
6.80477,0.387347
6.81521,0.3878
6.82566,0.388254
6.83612,0.388708
6.84658,0.389161
6.85705,0.389615
6.86753,0.390069
6.87802,0.390522
6.88852,0.390976
6.89902,0.39143
6.90953,0.391884
6.92006,0.392337
6.93058,0.392791
6.94112,0.393245
6.95166,0.393698
6.96222,0.394152
6.97278,0.394606
6.98335,0.395059
6.99392,0.395513
7.00451,0.395966
7.0151,0.39642
7.0257,0.396874
7.03631,0.397327
7.04692,0.397781
7.05755,0.398235
7.06818,0.398688
7.07882,0.399142
7.08947,0.399595
7.10013,0.400049
7.11079,0.400502
7.12146,0.400956
7.13214,0.40141
7.14283,0.401863
7.15353,0.402317
7.16423,0.40277
7.17495,0.403224
7.18567,0.403677
7.19639,0.40413
7.20713,0.404584
7.21788,0.405037
7.22863,0.405491
7.23939,0.405944
7.25016,0.406397
7.26093,0.406851
7.27172,0.407304
7.28251,0.407757
7.29331,0.408211
7.30412,0.408664
7.31494,0.409117
7.32576,0.409571
7.33659,0.410024
7.34743,0.410477
7.35828,0.41093
7.36914,0.411383
7.38,0.411836
7.39088,0.41229
7.40176,0.412743
7.41264,0.413196
7.42354,0.413649
7.43445,0.414102
7.44536,0.414555
7.45628,0.415008
7.46721,0.415461
7.47814,0.415914
7.48909,0.416366
7.50004,0.416819
7.511,0.417272
7.52197,0.417725
7.53295,0.418178
7.54393,0.41863
7.55492,0.419083
7.56592,0.419536
7.57693,0.419988
7.58795,0.420441
7.59897,0.420894
7.61001,0.421346
7.62105,0.421799
7.6321,0.422251
7.64315,0.422704
7.65422,0.423156
7.66529,0.423608
7.67637,0.424061
7.68746,0.424513
7.69856,0.424965
7.70966,0.425418
7.72077,0.42587
7.73189,0.426322
7.74302,0.426774
7.75416,0.427226
7.7653,0.427678
7.77646,0.42813
7.78762,0.428582
7.79879,0.429034
7.80996,0.429486
7.82115,0.429938
7.83234,0.43039
7.84354,0.430841
7.85475,0.431293
7.86597,0.431745
7.87719,0.432196
7.88842,0.432648
7.89966,0.433099
7.91091,0.433551
7.92217,0.434002
7.93343,0.434454
7.94471,0.434905
7.95599,0.435356
7.96728,0.435808
7.97857,0.436259
7.98988,0.43671
8.00119,0.437161
8.01251,0.437612
8.02384,0.438063
8.03518,0.438514
8.04652,0.438965
8.05787,0.439416
8.06923,0.439867
8.0806,0.440318
8.09198,0.440768
8.10336,0.441219
8.11476,0.441669
8.12616,0.44212
8.13757,0.442571
8.14898,0.443021
8.16041,0.443471
8.17184,0.443922
8.18328,0.444372
8.19473,0.444822
8.20619,0.445272
8.21765,0.445722
8.22912,0.446172
8.24061,0.446622
8.25209,0.447072
8.26359,0.447522
8.2751,0.447972
8.28661,0.448422
8.29813,0.448871
8.30966,0.449321
8.32119,0.449771
8.33274,0.45022
8.34429,0.45067
8.35585,0.451119
8.36742,0.451568
8.379,0.452018
8.39058,0.452467
8.40218,0.452916
8.41378,0.453365
8.42539,0.453814
8.437,0.454263
8.44863,0.454712
8.46026,0.45516
8.4719,0.455609
8.48355,0.456058
8.49521,0.456506
8.50687,0.456955
8.51854,0.457403
8.53023,0.457852
8.54191,0.4583
8.55361,0.458748
8.56532,0.459197
8.57703,0.459645
8.58875,0.460093
8.60048,0.460541
8.61222,0.460989
8.62396,0.461436
8.63571,0.461884
8.64747,0.462332
8.65924,0.462779
8.67102,0.463227
8.6828,0.463674
8.6946,0.464122
8.7064,0.464569
8.71821,0.465016
8.73002,0.465463
8.74185,0.46591
8.75368,0.466357
8.76552,0.466804
8.77737,0.467251
8.78923,0.467698
8.80109,0.468145
8.81297,0.468591
8.82485,0.469038
8.83674,0.469484
8.84863,0.46993
8.86054,0.470377
8.87245,0.470823
8.88437,0.471269
8.8963,0.471715
8.90824,0.472161
8.92018,0.472607
8.93214,0.473053
8.9441,0.473498
8.95607,0.473944
8.96804,0.474389
8.98003,0.474835
8.99202,0.47528
9.00402,0.475726
9.01603,0.476171
9.02805,0.476616
9.04007,0.477061
9.05211,0.477506
9.06415,0.477951
9.07619,0.478395
9.08825,0.47884
9.10032,0.479285
9.11239,0.479729
9.12447,0.480173
9.13656,0.480618
9.14866,0.481062
9.16076,0.481506
9.17287,0.48195
9.185,0.482394
9.19712,0.482838
9.20926,0.483281
9.22141,0.483725
9.23356,0.484169
9.24572,0.484612
9.25789,0.485055
9.27007,0.485499
9.28225,0.485942
9.29445,0.486385
9.30665,0.486828
9.31886,0.487271
9.33107,0.487714
9.3433,0.488156
9.35553,0.488599
9.36777,0.489041
9.38002,0.489484
9.39228,0.489926
9.40454,0.490368
9.41682,0.49081
9.4291,0.491252
9.44139,0.491694
9.45368,0.492136
9.46599,0.492578
9.4783,0.493019
9.49062,0.493461
9.50295,0.493902
9.51529,0.494343
9.52763,0.494785
9.53999,0.495226
9.55235,0.495667
9.56472,0.496107
9.57709,0.496548
9.58948,0.496989
9.60187,0.497429
9.61427,0.49787
9.62668,0.49831
9.6391,0.49875
9.65152,0.499191
9.66396,0.499631
9.6764,0.50007
9.68885,0.50051
9.7013,0.50095
9.71377,0.501389
9.72624,0.501829
9.73872,0.502268
9.75121,0.502707
9.76371,0.503147
9.77622,0.503586
9.78873,0.504025
9.80125,0.504463
9.81378,0.504902
9.82632,0.505341
9.83886,0.505779
9.85141,0.506217
9.86398,0.506656
9.87655,0.507094
9.88912,0.507532
9.90171,0.50797
9.9143,0.508407
9.9269,0.508845
9.93951,0.509283
9.95213,0.50972
9.96475,0.510157
9.97739,0.510594
9.99003,0.511031
10.0027,0.511468
10.0153,0.511905
10.028,0.512342
10.0407,0.512779
10.0534,0.513215
10.066,0.513651
10.0787,0.514088
10.0914,0.514524
10.1042,0.51496
10.1169,0.515396
10.1296,0.515831
10.1423,0.516267
10.1551,0.516702
10.1678,0.517138
10.1806,0.517573
10.1934,0.518008
10.2062,0.518443
10.2189,0.518878
10.2317,0.519313
10.2445,0.519747
10.2573,0.520182
10.2702,0.520616
10.283,0.52105
10.2958,0.521485
10.3087,0.521919
10.3215,0.522352
10.3344,0.522786
10.3472,0.52322
10.3601,0.523653
10.373,0.524087
10.3859,0.52452
10.3988,0.524953
10.4117,0.525386
10.4246,0.525819
10.4375,0.526251
10.4504,0.526684
10.4634,0.527116
10.4763,0.527549
10.4893,0.527981
10.5022,0.528413
10.5152,0.528845
10.5282,0.529277
10.5412,0.529708
10.5542,0.53014
10.5672,0.530571
10.5802,0.531002
10.5932,0.531434
10.6062,0.531865
10.6193,0.532295
10.6323,0.532726
10.6453,0.533157
10.6584,0.533587
10.6715,0.534017
10.6845,0.534447
10.6976,0.534877
10.7107,0.535307
10.7238,0.535737
10.7369,0.536167
10.75,0.536596
10.7631,0.537025
10.7763,0.537455
10.7894,0.537884
10.8026,0.538313
10.8157,0.538741
10.8289,0.53917
10.842,0.539598
10.8552,0.540027
10.8684,0.540455
10.8816,0.540883
10.8948,0.541311
10.908,0.541739
10.9212,0.542166
10.9345,0.542594
10.9477,0.543021
10.9609,0.543448
10.9742,0.543875
10.9874,0.544302
11.0007,0.544729
11.014,0.545155
11.0273,0.545582
11.0405,0.546008
11.0538,0.546434
11.0671,0.54686
11.0805,0.547286
11.0938,0.547712
11.1071,0.548138
11.1204,0.548563
11.1338,0.548988
11.1471,0.549413
11.1605,0.549838
11.1739,0.550263
11.1873,0.550688
11.2006,0.551112
11.214,0.551537
11.2274,0.551961
11.2408,0.552385
11.2543,0.552809
11.2677,0.553233
11.2811,0.553656
11.2946,0.55408
11.308,0.554503
11.3215,0.554926
11.3349,0.555349
11.3484,0.555772
11.3619,0.556195
11.3754,0.556617
11.3889,0.55704
11.4024,0.557462
11.4159,0.557884
11.4294,0.558306
11.4429,0.558728
11.4565,0.559149
11.47,0.559571
11.4836,0.559992
11.4971,0.560413
11.5107,0.560834
11.5243,0.561255
11.5379,0.561675
11.5515,0.562096
11.5651,0.562516
11.5787,0.562936
11.5923,0.563356
11.6059,0.563776
11.6196,0.564196
11.6332,0.564615
11.6469,0.565035
11.6605,0.565454
11.6742,0.565873
11.6878,0.566292
11.7015,0.566711
11.7152,0.567129
11.7289,0.567548
11.7426,0.567966
11.7563,0.568384
11.7701,0.568802
11.7838,0.56922
11.7975,0.569637
11.8113,0.570055
11.825,0.570472
11.8388,0.570889
11.8526,0.571306
11.8663,0.571722
11.8801,0.572139
11.8939,0.572555
11.9077,0.572972
11.9215,0.573388
11.9353,0.573804
11.9492,0.574219
11.963,0.574635
11.9768,0.57505
11.9907,0.575466
12.0046,0.575881
12.0184,0.576296
12.0323,0.57671
12.0462,0.577125
12.0601,0.577539
12.074,0.577954
12.0879,0.578368
12.1018,0.578781
12.1157,0.579195
12.1296,0.579609
12.1436,0.580022
12.1575,0.580435
12.1715,0.580848
12.1854,0.581261
12.1994,0.581674
12.2134,0.582086
12.2274,0.582499
12.2414,0.582911
12.2554,0.583323
12.2694,0.583735
12.2834,0.584146
12.2974,0.584558
12.3114,0.584969
12.3255,0.58538
12.3395,0.585791
12.3536,0.586202
12.3677,0.586612
12.3817,0.587023
12.3958,0.587433
12.4099,0.587843
12.424,0.588253
12.4381,0.588662
12.4522,0.589072
12.4663,0.589481
12.4805,0.58989
12.4946,0.590299
12.5088,0.590708
12.5229,0.591117
12.5371,0.591525
12.5512,0.591933
12.5654,0.592342
12.5796,0.592749
12.5938,0.593157
12.608,0.593565
12.6222,0.593972
12.6364,0.594379
12.6507,0.594786
12.6649,0.595193
12.6791,0.5956
12.6934,0.596006
12.7076,0.596412
12.7219,0.596818
12.7362,0.597224
12.7505,0.59763
12.7647,0.598035
12.779,0.598441
12.7934,0.598846
12.8077,0.599251
12.822,0.599656
12.8363,0.60006
12.8507,0.600465
12.865,0.600869
12.8794,0.601273
12.8937,0.601677
12.9081,0.60208
12.9225,0.602484
12.9369,0.602887
12.9512,0.60329
12.9656,0.603693
12.9801,0.604096
12.9945,0.604499
13.0089,0.604901
13.0233,0.605303
13.0378,0.605705
13.0522,0.606107
13.0667,0.606508
13.0811,0.60691
13.0956,0.607311
13.1101,0.607712
13.1246,0.608113
13.1391,0.608513
13.1536,0.608914
13.1681,0.609314
13.1826,0.609714
13.1972,0.610114
13.2117,0.610514
13.2262,0.610913
13.2408,0.611313
13.2554,0.611712
13.2699,0.612111
13.2845,0.612509
13.2991,0.612908
13.3137,0.613306
13.3283,0.613704
13.3429,0.614102
13.3575,0.6145
13.3721,0.614898
13.3868,0.615295
13.4014,0.615692
13.4161,0.616089
13.4307,0.616486
13.4454,0.616882
13.4601,0.617279
13.4748,0.617675
13.4894,0.618071
13.5041,0.618467
13.5188,0.618862
13.5336,0.619258
13.5483,0.619653
13.563,0.620048
13.5778,0.620443
13.5925,0.620837
13.6073,0.621232
13.622,0.621626
13.6368,0.62202
13.6516,0.622414
13.6663,0.622807
13.6811,0.623201
13.6959,0.623594
13.7108,0.623987
13.7256,0.62438
13.7404,0.624772
13.7552,0.625165
13.7701,0.625557
13.7849,0.625949
13.7998,0.626341
13.8146,0.626732
13.8295,0.627124
13.8444,0.627515
13.8593,0.627906
13.8742,0.628297
13.8891,0.628687
13.904,0.629078
13.9189,0.629468
13.9339,0.629858
13.9488,0.630248
13.9637,0.630637
13.9787,0.631027
13.9937,0.631416
14.0086,0.631805
14.0236,0.632193
14.0386,0.632582
14.0536,0.63297
14.0686,0.633358
14.0836,0.633746
14.0986,0.634134
14.1136,0.634522
14.1287,0.634909
14.1437,0.635296
14.1588,0.635683
14.1738,0.63607
14.1889,0.636456
14.204,0.636842
14.2191,0.637228
14.2341,0.637614
14.2492,0.638
14.2644,0.638385
14.2795,0.638771
14.2946,0.639156
14.3097,0.639541
14.3249,0.639925
14.34,0.64031
14.3552,0.640694
14.3703,0.641078
14.3855,0.641461
14.4007,0.641845
14.4159,0.642228
14.431,0.642612
14.4462,0.642994
14.4615,0.643377
14.4767,0.64376
14.4919,0.644142
14.5071,0.644524
14.5224,0.644906
14.5376,0.645288
14.5529,0.645669
14.5682,0.64605
14.5834,0.646431
14.5987,0.646812
14.614,0.647193
14.6293,0.647573
14.6446,0.647953
14.6599,0.648333
14.6752,0.648713
14.6906,0.649093
14.7059,0.649472
14.7213,0.649851
14.7366,0.65023
14.752,0.650609
14.7673,0.650987
14.7827,0.651365
14.7981,0.651743
14.8135,0.652121
14.8289,0.652499
14.8443,0.652876
14.8597,0.653253
14.8752,0.65363
14.8906,0.654007
14.906,0.654383
14.9215,0.65476
14.9369,0.655136
14.9524,0.655512
14.9679,0.655887
14.9834,0.656263
14.9989,0.656638
15.0144,0.657013
15.0299,0.657388
15.0454,0.657762
15.0609,0.658137
15.0764,0.658511
15.092,0.658885
15.1075,0.659258
15.1231,0.659632
15.1386,0.660005
15.1542,0.660378
15.1698,0.660751
15.1854,0.661124
15.201,0.661496
15.2166,0.661868
15.2322,0.66224
15.2478,0.662612
15.2634,0.662983
15.2791,0.663355
15.2947,0.663726
15.3103,0.664096
15.326,0.664467
15.3417,0.664837
15.3573,0.665208
15.373,0.665578
15.3887,0.665947
15.4044,0.666317
15.4201,0.666686
15.4358,0.667055
15.4516,0.667424
15.4673,0.667793
15.483,0.668161
15.4988,0.668529
15.5145,0.668897
15.5303,0.669265
15.5461,0.669632
15.5618,0.67
15.5776,0.670367
15.5934,0.670733
15.6092,0.6711
15.625,0.671466
15.6408,0.671833
15.6567,0.672198
15.6725,0.672564
15.6884,0.67293
15.7042,0.673295
15.7201,0.67366
15.7359,0.674025
15.7518,0.674389
15.7677,0.674754
15.7836,0.675118
15.7995,0.675482
15.8154,0.675845
15.8313,0.676209
15.8472,0.676572
15.8631,0.676935
15.8791,0.677298
15.895,0.67766
15.911,0.678023
15.9269,0.678385
15.9429,0.678747
15.9589,0.679108
15.9749,0.67947
15.9909,0.679831
16.0069,0.680192
16.0229,0.680552
16.0389,0.680913
16.0549,0.681273
16.071,0.681633
16.087,0.681993
16.1031,0.682353
16.1191,0.682712
16.1352,0.683071
16.1513,0.68343
16.1673,0.683789
16.1834,0.684147
16.1995,0.684505
16.2156,0.684863
16.2318,0.685221
16.2479,0.685578
16.264,0.685936
16.2801,0.686293
16.2963,0.68665
16.3124,0.687006
16.3286,0.687363
16.3448,0.687719
16.361,0.688075
16.3771,0.68843
16.3933,0.688786
16.4095,0.689141
16.4258,0.689496
16.442,0.689851
16.4582,0.690205
16.4744,0.690559
16.4907,0.690913
16.5069,0.691267
16.5232,0.691621
16.5395,0.691974
16.5557,0.692327
16.572,0.69268
16.5883,0.693033
16.6046,0.693385
16.6209,0.693737
16.6372,0.694089
16.6535,0.694441
16.6699,0.694793
16.6862,0.695144
16.7026,0.695495
16.7189,0.695846
16.7353,0.696196
16.7516,0.696546
16.768,0.696896
16.7844,0.697246
16.8008,0.697596
16.8172,0.697945
16.8336,0.698294
16.85,0.698643
16.8665,0.698992
16.8829,0.69934
16.8993,0.699689
16.9158,0.700037
16.9323,0.700384
16.9487,0.700732
16.9652,0.701079
16.9817,0.701426
16.9982,0.701773
17.0147,0.702119
17.0312,0.702466
17.0477,0.702812
17.0642,0.703158
17.0807,0.703503
17.0973,0.703849
17.1138,0.704194
17.1304,0.704539
17.1469,0.704883
17.1635,0.705228
17.1801,0.705572
17.1967,0.705916
17.2133,0.70626
17.2299,0.706603
17.2465,0.706946
17.2631,0.707289
17.2797,0.707632
17.2964,0.707975
17.313,0.708317
17.3297,0.708659
17.3463,0.709001
17.363,0.709342
17.3797,0.709684
17.3963,0.710025
17.413,0.710366
17.4297,0.710706
17.4464,0.711047
17.4632,0.711387
17.4799,0.711727
17.4966,0.712066
17.5133,0.712406
17.5301,0.712745
17.5468,0.713084
17.5636,0.713423
17.5804,0.713761
17.5972,0.714099
17.6139,0.714437
17.6307,0.714775
17.6475,0.715112
17.6644,0.71545
17.6812,0.715787
17.698,0.716124
17.7148,0.71646
17.7317,0.716796
17.7485,0.717132
17.7654,0.717468
17.7823,0.717804
17.7991,0.718139
17.816,0.718474
17.8329,0.718809
17.8498,0.719144
17.8667,0.719478
17.8836,0.719812
17.9005,0.720146
17.9175,0.72048
17.9344,0.720813
17.9514,0.721146
17.9683,0.721479
17.9853,0.721812
18.0023,0.722144
18.0192,0.722477
18.0362,0.722809
18.0532,0.72314
18.0702,0.723472
18.0872,0.723803
18.1042,0.724134
18.1213,0.724465
18.1383,0.724795
18.1554,0.725126
18.1724,0.725456
18.1895,0.725785
18.2065,0.726115
18.2236,0.726444
18.2407,0.726773
18.2578,0.727102
18.2749,0.727431
18.292,0.727759
18.3091,0.728087
18.3262,0.728415
18.3434,0.728743
18.3605,0.72907
18.3776,0.729397
18.3948,0.729724
18.412,0.730051
18.4291,0.730377
18.4463,0.730703
18.4635,0.731029
18.4807,0.731355
18.4979,0.73168
18.5151,0.732005
18.5323,0.73233
18.5495,0.732655
18.5668,0.732979
18.584,0.733303
18.6013,0.733627
18.6185,0.733951
18.6358,0.734274
18.6531,0.734598
18.6704,0.734921
18.6876,0.735243
18.7049,0.735566
18.7223,0.735888
18.7396,0.73621
18.7569,0.736532
18.7742,0.736853
18.7916,0.737174
18.8089,0.737495
18.8263,0.737816
18.8436,0.738137
18.861,0.738457
18.8784,0.738777
18.8958,0.739097
18.9132,0.739416
18.9306,0.739736
18.948,0.740055
18.9654,0.740373
18.9828,0.740692
19.0003,0.74101
19.0177,0.741328
19.0351,0.741646
19.0526,0.741964
19.0701,0.742281
19.0876,0.742598
19.105,0.742915
19.1225,0.743232
19.14,0.743548
19.1575,0.743864
19.175,0.74418
19.1926,0.744495
19.2101,0.744811
19.2276,0.745126
19.2452,0.745441
19.2627,0.745755
19.2803,0.74607
19.2979,0.746384
19.3155,0.746698
19.333,0.747011
19.3506,0.747325
19.3682,0.747638
19.3859,0.747951
19.4035,0.748263
19.4211,0.748576
19.4387,0.748888
19.4564,0.7492
19.474,0.749511
19.4917,0.749823
19.5094,0.750134
19.527,0.750445
19.5447,0.750756
19.5624,0.751066
19.5801,0.751376
19.5978,0.751686
19.6155,0.751996
19.6332,0.752305
19.651,0.752614
19.6687,0.752923
19.6865,0.753232
19.7042,0.75354
19.722,0.753849
19.7398,0.754157
19.7575,0.754464
19.7753,0.754772
19.7931,0.755079
19.8109,0.755386
19.8287,0.755693
19.8465,0.755999
19.8644,0.756305
19.8822,0.756611
19.9001,0.756917
19.9179,0.757222
19.9358,0.757528
19.9536,0.757832
19.9715,0.758137
19.9894,0.758442
20.0073,0.758746
20.0252,0.75905
20.0431,0.759354
20.061,0.759657
20.0789,0.75996
20.0969,0.760263
20.1148,0.760566
20.1327,0.760869
20.1507,0.761171
20.1687,0.761473
20.1866,0.761774
20.2046,0.762076
20.2226,0.762377
20.2406,0.762678
20.2586,0.762979
20.2766,0.763279
20.2946,0.76358
20.3127,0.76388
20.3307,0.764179
20.3487,0.764479
20.3668,0.764778
20.3848,0.765077
20.4029,0.765376
20.421,0.765675
20.4391,0.765973
20.4572,0.766271
20.4753,0.766569
20.4934,0.766866
20.5115,0.767163
20.5296,0.76746
20.5477,0.767757
20.5659,0.768054
20.584,0.76835
20.6022,0.768646
20.6203,0.768942
20.6385,0.769237
20.6567,0.769533
20.6749,0.769828
20.6931,0.770122
20.7113,0.770417
20.7295,0.770711
20.7477,0.771005
20.7659,0.771299
20.7842,0.771593
20.8024,0.771886
20.8207,0.772179
20.8389,0.772472
20.8572,0.772764
20.8755,0.773057
20.8938,0.773349
20.912,0.77364
20.9303,0.773932
20.9487,0.774223
20.967,0.774514
20.9853,0.774805
21.0036,0.775096
21.022,0.775386
21.0403,0.775676
21.0587,0.775966
21.077,0.776255
21.0954,0.776545
21.1138,0.776834
21.1322,0.777123
21.1506,0.777411
21.169,0.777699
21.1874,0.777987
21.2058,0.778275
21.2242,0.778563
21.2427,0.77885
21.2611,0.779137
21.2796,0.779424
21.298,0.779711
21.3165,0.779997
21.335,0.780283
21.3534,0.780569
21.3719,0.780854
21.3904,0.78114
21.4089,0.781425
21.4275,0.78171
21.446,0.781994
21.4645,0.782279
21.483,0.782563
21.5016,0.782846
21.5201,0.78313
21.5387,0.783413
21.5573,0.783696
21.5759,0.783979
21.5945,0.784262
21.613,0.784544
21.6316,0.784826
21.6503,0.785108
21.6689,0.78539
21.6875,0.785671
21.7061,0.785952
21.7248,0.786233
21.7434,0.786514
21.7621,0.786794
21.7808,0.787074
21.7994,0.787354
21.8181,0.787634
21.8368,0.787913
21.8555,0.788192
21.8742,0.788471
21.8929,0.788749
21.9117,0.789028
21.9304,0.789306
21.9491,0.789584
21.9679,0.789861
21.9866,0.790139
22.0054,0.790416
22.0242,0.790693
22.043,0.790969
22.0617,0.791246
22.0805,0.791522
22.0993,0.791798
22.1181,0.792073
22.137,0.792349
22.1558,0.792624
22.1746,0.792899
22.1935,0.793173
22.2123,0.793448
22.2312,0.793722
22.2501,0.793996
22.2689,0.794269
22.2878,0.794543
22.3067,0.794816
22.3256,0.795089
22.3445,0.795362
22.3634,0.795634
22.3824,0.795906
22.4013,0.796178
22.4202,0.79645
22.4392,0.796721
22.4581,0.796992
22.4771,0.797263
22.4961,0.797534
22.515,0.797804
22.534,0.798074
22.553,0.798344
22.572,0.798614
22.591,0.798883
22.6101,0.799153
22.6291,0.799421
22.6481,0.79969
22.6672,0.799959
22.6862,0.800227
22.7053,0.800495
22.7243,0.800762
22.7434,0.80103
22.7625,0.801297
22.7816,0.801564
22.8007,0.801831
22.8198,0.802097
22.8389,0.802363
22.858,0.802629
22.8772,0.802895
22.8963,0.80316
22.9155,0.803426
22.9346,0.803691
22.9538,0.803955
22.973,0.80422
22.9921,0.804484
23.0113,0.804748
23.0305,0.805012
23.0497,0.805275
23.0689,0.805539
23.0881,0.805802
23.1074,0.806064
23.1266,0.806327
23.1459,0.806589
23.1651,0.806851
23.1844,0.807113
23.2036,0.807374
23.2229,0.807636
23.2422,0.807897
23.2615,0.808157
23.2808,0.808418
23.3001,0.808678
23.3194,0.808938
23.3387,0.809198
23.3581,0.809458
23.3774,0.809717
23.3968,0.809976
23.4161,0.810235
23.4355,0.810493
23.4548,0.810752
23.4742,0.81101
23.4936,0.811267
23.513,0.811525
23.5324,0.811782
23.5518,0.812039
23.5712,0.812296
23.5907,0.812553
23.6101,0.812809
23.6296,0.813065
23.649,0.813321
23.6685,0.813577
23.6879,0.813832
23.7074,0.814087
23.7269,0.814342
23.7464,0.814597
23.7659,0.814851
23.7854,0.815105
23.8049,0.815359
23.8244,0.815613
23.844,0.815866
23.8635,0.816119
23.883,0.816372
23.9026,0.816625
23.9222,0.816877
23.9417,0.817129
23.9613,0.817381
23.9809,0.817633
24.0005,0.817885
24.0201,0.818136
24.0397,0.818387
24.0593,0.818637
24.079,0.818888
24.0986,0.819138
24.1182,0.819388
24.1379,0.819638
24.1576,0.819887
24.1772,0.820136
24.1969,0.820385
24.2166,0.820634
24.2363,0.820883
24.256,0.821131
24.2757,0.821379
24.2954,0.821627
24.3151,0.821874
24.3349,0.822122
24.3546,0.822369
24.3743,0.822615
24.3941,0.822862
24.4139,0.823108
24.4336,0.823354
24.4534,0.8236
24.4732,0.823846
24.493,0.824091
24.5128,0.824336
24.5326,0.824581
24.5524,0.824826
24.5723,0.82507
24.5921,0.825314
24.6119,0.825558
24.6318,0.825802
24.6517,0.826045
24.6715,0.826288
24.6914,0.826531
24.7113,0.826774
24.7312,0.827016
24.7511,0.827259
24.771,0.8275
24.7909,0.827742
24.8108,0.827984
24.8308,0.828225
24.8507,0.828466
24.8706,0.828707
24.8906,0.828947
24.9106,0.829187
24.9305,0.829427
24.9505,0.829667
24.9705,0.829907
24.9905,0.830146
25.0105,0.830385
25.0305,0.830624
25.0505,0.830862
25.0706,0.831101
25.0906,0.831339
25.1106,0.831577
25.1307,0.831814
25.1508,0.832051
25.1708,0.832289
25.1909,0.832525
25.211,0.832762
25.2311,0.832999
25.2512,0.833235
25.2713,0.833471
25.2914,0.833706
25.3115,0.833942
25.3317,0.834177
25.3518,0.834412
25.3719,0.834647
25.3921,0.834881
25.4123,0.835115
25.4324,0.835349
25.4526,0.835583
25.4728,0.835816
25.493,0.83605
25.5132,0.836283
25.5334,0.836516
25.5536,0.836748
25.5739,0.83698
25.5941,0.837213
25.6143,0.837444
25.6346,0.837676
25.6549,0.837907
25.6751,0.838138
25.6954,0.838369
25.7157,0.8386
25.736,0.83883
25.7563,0.839061
25.7766,0.83929
25.7969,0.83952
25.8172,0.83975
25.8376,0.839979
25.8579,0.840208
25.8782,0.840436
25.8986,0.840665
25.919,0.840893
25.9393,0.841121
25.9597,0.841349
25.9801,0.841577
26.0005,0.841804
26.0209,0.842031
26.0413,0.842258
26.0617,0.842484
26.0822,0.842711
26.1026,0.842937
26.123,0.843163
26.1435,0.843388
26.164,0.843614
26.1844,0.843839
26.2049,0.844064
26.2254,0.844289
26.2459,0.844513
26.2664,0.844737
26.2869,0.844961
26.3074,0.845185
26.3279,0.845409
26.3485,0.845632
26.369,0.845855
26.3896,0.846078
26.4101,0.8463
26.4307,0.846523
26.4512,0.846745
26.4718,0.846967
26.4924,0.847188
26.513,0.84741
26.5336,0.847631
26.5542,0.847852
26.5748,0.848072
26.5955,0.848293
26.6161,0.848513
26.6368,0.848733
26.6574,0.848953
26.6781,0.849172
26.6987,0.849392
26.7194,0.849611
26.7401,0.84983
26.7608,0.850048
26.7815,0.850266
26.8022,0.850485
26.8229,0.850702
26.8436,0.85092
26.8644,0.851138
26.8851,0.851355
26.9059,0.851572
26.9266,0.851788
26.9474,0.852005
26.9681,0.852221
26.9889,0.852437
27.0097,0.852653
27.0305,0.852868
27.0513,0.853084
27.0721,0.853299
27.093,0.853514
27.1138,0.853728
27.1346,0.853943
27.1555,0.854157
27.1763,0.854371
27.1972,0.854584
27.218,0.854798
27.2389,0.855011
27.2598,0.855224
27.2807,0.855437
27.3016,0.855649
27.3225,0.855862
27.3434,0.856074
27.3643,0.856286
27.3853,0.856497
27.4062,0.856709
27.4272,0.85692
27.4481,0.857131
27.4691,0.857341
27.4901,0.857552
27.511,0.857762
27.532,0.857972
27.553,0.858182
27.574,0.858391
27.595,0.858601
27.6161,0.85881
27.6371,0.859018
27.6581,0.859227
27.6792,0.859435
27.7002,0.859644
27.7213,0.859851
27.7424,0.860059
27.7634,0.860267
27.7845,0.860474
27.8056,0.860681
27.8267,0.860888
27.8478,0.861094
27.8689,0.8613
27.8901,0.861507
27.9112,0.861712
27.9323,0.861918
27.9535,0.862123
27.9746,0.862329
27.9958,0.862534
28.017,0.862738
28.0381,0.862943
28.0593,0.863147
28.0805,0.863351
28.1017,0.863555
28.123,0.863758
28.1442,0.863962
28.1654,0.864165
28.1866,0.864368
28.2079,0.86457
28.2291,0.864773
28.2504,0.864975
28.2717,0.865177
28.2929,0.865379
28.3142,0.86558
28.3355,0.865782
28.3568,0.865983
28.3781,0.866184
28.3994,0.866384
28.4208,0.866585
28.4421,0.866785
28.4634,0.866985
28.4848,0.867185
28.5061,0.867384
28.5275,0.867583
28.5489,0.867782
28.5703,0.867981
28.5916,0.86818
28.613,0.868378
28.6344,0.868576
28.6559,0.868774
28.6773,0.868972
28.6987,0.869169
28.7201,0.869367
28.7416,0.869564
28.763,0.869761
28.7845,0.869957
28.806,0.870154
28.8275,0.87035
28.8489,0.870546
28.8704,0.870741
28.8919,0.870937
28.9134,0.871132
28.935,0.871327
28.9565,0.871522
28.978,0.871716
28.9996,0.871911
29.0211,0.872105
29.0427,0.872299
29.0642,0.872492
29.0858,0.872686
29.1074,0.872879
29.129,0.873072
29.1506,0.873265
29.1722,0.873457
29.1938,0.87365
29.2154,0.873842
29.237,0.874034
29.2587,0.874226
29.2803,0.874417
29.302,0.874608
29.3236,0.874799
29.3453,0.87499
29.367,0.875181
29.3887,0.875371
29.4103,0.875561
29.432,0.875751
29.4538,0.875941
29.4755,0.87613
29.4972,0.87632
29.5189,0.876509
29.5407,0.876697
29.5624,0.876886
29.5842,0.877074
29.6059,0.877263
29.6277,0.877451
29.6495,0.877638
29.6713,0.877826
29.6931,0.878013
29.7149,0.8782
29.7367,0.878387
29.7585,0.878574
29.7803,0.87876
29.8022,0.878946
29.824,0.879132
29.8459,0.879318
29.8677,0.879503
29.8896,0.879689
29.9115,0.879874
29.9334,0.880059
29.9553,0.880243
29.9772,0.880428
29.9991,0.880612
30.021,0.880796
30.0429,0.88098
30.0648,0.881164
30.0868,0.881347
30.1087,0.88153
30.1307,0.881713
30.1527,0.881896
30.1746,0.882078
30.1966,0.882261
30.2186,0.882443
30.2406,0.882624
30.2626,0.882806
30.2846,0.882988
30.3066,0.883169
30.3287,0.88335
30.3507,0.883531
30.3727,0.883711
30.3948,0.883891
30.4169,0.884072
30.4389,0.884252
30.461,0.884431
30.4831,0.884611
30.5052,0.88479
30.5273,0.884969
30.5494,0.885148
30.5715,0.885327
30.5936,0.885505
30.6158,0.885683
30.6379,0.885861
30.6601,0.886039
30.6822,0.886217
30.7044,0.886394
30.7265,0.886571
30.7487,0.886748
30.7709,0.886925
30.7931,0.887101
30.8153,0.887278
30.8375,0.887454
30.8598,0.887629
30.882,0.887805
30.9042,0.887981
30.9265,0.888156
30.9487,0.888331
30.971,0.888506
30.9932,0.88868
31.0155,0.888855
31.0378,0.889029
31.0601,0.889203
31.0824,0.889377
31.1047,0.88955
31.127,0.889723
31.1494,0.889897
31.1717,0.89007
31.194,0.890242
31.2164,0.890415
31.2387,0.890587
31.2611,0.890759
31.2835,0.890931
31.3058,0.891103
31.3282,0.891274
31.3506,0.891445
31.373,0.891616
31.3955,0.891787
31.4179,0.891958
31.4403,0.892128
31.4627,0.892298
31.4852,0.892468
31.5076,0.892638
31.5301,0.892808
31.5526,0.892977
31.575,0.893146
31.5975,0.893315
31.62,0.893484
31.6425,0.893653
31.665,0.893821
31.6875,0.893989
31.7101,0.894157
31.7326,0.894325
31.7551,0.894492
31.7777,0.89466
31.8003,0.894827
31.8228,0.894994
31.8454,0.89516
31.868,0.895327
31.8906,0.895493
31.9132,0.895659
31.9358,0.895825
31.9584,0.895991
31.981,0.896156
32.0036,0.896321
32.0263,0.896486
32.0489,0.896651
32.0716,0.896816
32.0942,0.89698
32.1169,0.897144
32.1396,0.897308
32.1623,0.897472
32.1849,0.897636
32.2076,0.897799
32.2304,0.897962
32.2531,0.898125
32.2758,0.898288
32.2985,0.898451
32.3213,0.898613
32.344,0.898775
32.3668,0.898937
32.3895,0.899099
32.4123,0.899261
32.4351,0.899422
32.4579,0.899583
32.4807,0.899744
32.5035,0.899905
32.5263,0.900066
32.5491,0.900226
32.572,0.900386
32.5948,0.900546
32.6176,0.900706
32.6405,0.900865
32.6633,0.901025
32.6862,0.901184
32.7091,0.901343
32.732,0.901502
32.7549,0.90166
32.7778,0.901819
32.8007,0.901977
32.8236,0.902135
32.8465,0.902293
32.8695,0.90245
32.8924,0.902607
32.9153,0.902765
32.9383,0.902922
32.9613,0.903078
32.9842,0.903235
33.0072,0.903391
33.0302,0.903547
33.0532,0.903703
33.0762,0.903859
33.0992,0.904015
33.1223,0.90417
33.1453,0.904325
33.1683,0.90448
33.1914,0.904635
33.2144,0.90479
33.2375,0.904944
33.2605,0.905098
33.2836,0.905252
33.3067,0.905406
33.3298,0.90556
33.3529,0.905713
33.376,0.905866
33.3991,0.906019
33.4223,0.906172
33.4454,0.906325
33.4685,0.906477
33.4917,0.906629
33.5148,0.906781
33.538,0.906933
33.5612,0.907085
33.5844,0.907236
33.6075,0.907388
33.6307,0.907539
33.6539,0.90769
33.6772,0.90784
33.7004,0.907991
33.7236,0.908141
33.7468,0.908291
33.7701,0.908441
33.7933,0.908591
33.8166,0.90874
33.8399,0.90889
33.8632,0.909039
33.8864,0.909188
33.9097,0.909336
33.933,0.909485
33.9563,0.909633
33.9797,0.909781
34.003,0.909929
34.0263,0.910077
34.0497,0.910225
34.073,0.910372
34.0964,0.910519
34.1197,0.910666
34.1431,0.910813
34.1665,0.91096
34.1899,0.911106
34.2133,0.911252
34.2367,0.911399
34.2601,0.911544
34.2835,0.91169
34.3069,0.911836
34.3304,0.911981
34.3538,0.912126
34.3773,0.912271
34.4007,0.912416
34.4242,0.91256
34.4477,0.912704
34.4712,0.912849
34.4947,0.912993
34.5182,0.913136
34.5417,0.91328
34.5652,0.913423
34.5887,0.913567
34.6123,0.91371
34.6358,0.913852
34.6593,0.913995
34.6829,0.914137
34.7065,0.91428
34.73,0.914422
34.7536,0.914564
34.7772,0.914705
34.8008,0.914847
34.8244,0.914988
34.848,0.915129
34.8716,0.91527
34.8953,0.915411
34.9189,0.915552
34.9426,0.915692
34.9662,0.915832
34.9899,0.915972
35.0135,0.916112
35.0372,0.916252
35.0609,0.916391
35.0846,0.916531
35.1083,0.91667
35.132,0.916809
35.1557,0.916947
35.1795,0.917086
35.2032,0.917224
35.2269,0.917362
35.2507,0.9175
35.2744,0.917638
35.2982,0.917776
35.322,0.917913
35.3458,0.918051
35.3695,0.918188
35.3933,0.918325
35.4171,0.918461
35.441,0.918598
35.4648,0.918734
35.4886,0.91887
35.5124,0.919006
35.5363,0.919142
35.5601,0.919278
35.584,0.919413
35.6079,0.919548
35.6318,0.919683
35.6556,0.919818
35.6795,0.919953
35.7034,0.920087
35.7273,0.920222
35.7513,0.920356
35.7752,0.92049
35.7991,0.920624
35.8231,0.920757
35.847,0.920891
35.871,0.921024
35.8949,0.921157
35.9189,0.92129
35.9429,0.921423
35.9669,0.921555
35.9909,0.921688
36.0149,0.92182
36.0389,0.921952
36.0629,0.922084
36.0869,0.922215
36.111,0.922347
36.135,0.922478
36.1591,0.922609
36.1831,0.92274
36.2072,0.922871
36.2313,0.923001
36.2554,0.923132
36.2795,0.923262
36.3036,0.923392
36.3277,0.923522
36.3518,0.923651
36.3759,0.923781
36.4001,0.92391
36.4242,0.924039
36.4484,0.924168
36.4725,0.924297
36.4967,0.924426
36.5208,0.924554
36.545,0.924683
36.5692,0.924811
36.5934,0.924939
36.6176,0.925066
36.6418,0.925194
36.6661,0.925321
36.6903,0.925448
36.7145,0.925576
36.7388,0.925702
36.763,0.925829
36.7873,0.925956
36.8116,0.926082
36.8358,0.926208
36.8601,0.926334
36.8844,0.92646
36.9087,0.926586
36.933,0.926711
36.9573,0.926836
36.9817,0.926961
37.006,0.927086
37.0303,0.927211
37.0547,0.927336
37.0791,0.92746
37.1034,0.927585
37.1278,0.927709
37.1522,0.927833
37.1766,0.927956
37.201,0.92808
37.2254,0.928203
37.2498,0.928327
37.2742,0.92845
37.2986,0.928572
37.3231,0.928695
37.3475,0.928818
37.372,0.92894
37.3964,0.929062
37.4209,0.929184
37.4454,0.929306
37.4699,0.929428
37.4944,0.929549
37.5189,0.929671
37.5434,0.929792
37.5679,0.929913
37.5924,0.930034
37.6169,0.930155
37.6415,0.930275
37.666,0.930395
37.6906,0.930516
37.7152,0.930636
37.7397,0.930755
37.7643,0.930875
37.7889,0.930995
37.8135,0.931114
37.8381,0.931233
37.8627,0.931352
37.8873,0.931471
37.912,0.93159
37.9366,0.931708
37.9613,0.931826
37.9859,0.931945
38.0106,0.932063
38.0352,0.93218
38.0599,0.932298
38.0846,0.932416
38.1093,0.932533
38.134,0.93265
38.1587,0.932767
38.1834,0.932884
38.2082,0.933001
38.2329,0.933117
38.2576,0.933233
38.2824,0.93335
38.3071,0.933466
38.3319,0.933581
38.3567,0.933697
38.3815,0.933813
38.4062,0.933928
38.431,0.934043
38.4559,0.934158
38.4807,0.934273
38.5055,0.934388
38.5303,0.934502
38.5552,0.934617
38.58,0.934731
38.6049,0.934845
38.6297,0.934959
38.6546,0.935072
38.6795,0.935186
38.7044,0.935299
38.7292,0.935413
38.7541,0.935526
38.7791,0.935639
38.804,0.935751
38.8289,0.935864
38.8538,0.935976
38.8788,0.936089
38.9037,0.936201
38.9287,0.936313
38.9536,0.936424
38.9786,0.936536
39.0036,0.936648
39.0286,0.936759
39.0536,0.93687
39.0786,0.936981
39.1036,0.937092
39.1286,0.937202
39.1537,0.937313
39.1787,0.937423
39.2037,0.937533
39.2288,0.937643
39.2539,0.937753
39.2789,0.937863
39.304,0.937973
39.3291,0.938082
39.3542,0.938191
39.3793,0.9383
39.4044,0.938409
39.4295,0.938518
39.4546,0.938627
39.4798,0.938735
39.5049,0.938843
39.5301,0.938951
39.5552,0.939059
39.5804,0.939167
39.6056,0.939275
39.6308,0.939382
39.6559,0.93949
39.6811,0.939597
39.7063,0.939704
39.7316,0.939811
39.7568,0.939917
39.782,0.940024
39.8073,0.94013
39.8325,0.940237
39.8578,0.940343
39.883,0.940449
39.9083,0.940555
39.9336,0.94066
39.9588,0.940766
39.9841,0.940871
40.0094,0.940976
40.0348,0.941081
40.0601,0.941186
40.0854,0.941291
40.1107,0.941395
40.1361,0.9415
40.1614,0.941604
40.1868,0.941708
40.2121,0.941812
40.2375,0.941916
40.2629,0.942019
40.2883,0.942123
40.3137,0.942226
40.3391,0.942329
40.3645,0.942433
40.3899,0.942535
40.4154,0.942638
40.4408,0.942741
40.4662,0.942843
40.4917,0.942945
40.5172,0.943048
40.5426,0.943149
40.5681,0.943251
40.5936,0.943353
40.6191,0.943455
40.6446,0.943556
40.6701,0.943657
40.6956,0.943758
40.7211,0.943859
40.7467,0.94396
40.7722,0.94406
40.7978,0.944161
40.8233,0.944261
40.8489,0.944361
40.8745,0.944461
40.9001,0.944561
40.9256,0.944661
40.9512,0.944761
40.9768,0.94486
41.0025,0.944959
41.0281,0.945059
41.0537,0.945158
41.0794,0.945256
41.105,0.945355
41.1307,0.945454
41.1563,0.945552
41.182,0.94565
41.2077,0.945748
41.2334,0.945846
41.259,0.945944
41.2847,0.946042
41.3105,0.946139
41.3362,0.946237
41.3619,0.946334
41.3876,0.946431
41.4134,0.946528
41.4391,0.946625
41.4649,0.946721
41.4907,0.946818
41.5164,0.946914
41.5422,0.94701
41.568,0.947107
41.5938,0.947202
41.6196,0.947298
41.6454,0.947394
41.6712,0.947489
41.6971,0.947585
41.7229,0.94768
41.7488,0.947775
41.7746,0.94787
41.8005,0.947965
41.8263,0.948059
41.8522,0.948154
41.8781,0.948248
41.904,0.948342
41.9299,0.948436
41.9558,0.94853
41.9817,0.948624
42.0077,0.948718
42.0336,0.948811
42.0595,0.948904
42.0855,0.948998
42.1114,0.949091
42.1374,0.949184
42.1634,0.949276
42.1894,0.949369
42.2154,0.949462
42.2414,0.949554
42.2674,0.949646
42.2934,0.949738
42.3194,0.94983
42.3454,0.949922
42.3715,0.950014
42.3975,0.950105
42.4236,0.950197
42.4496,0.950288
42.4757,0.950379
42.5018,0.95047
42.5279,0.950561
42.554,0.950651
42.5801,0.950742
42.6062,0.950832
42.6323,0.950923
42.6584,0.951013
42.6845,0.951103
42.7107,0.951193
42.7368,0.951282
42.763,0.951372
42.7892,0.951461
42.8153,0.951551
42.8415,0.95164
42.8677,0.951729
42.8939,0.951818
42.9201,0.951906
42.9463,0.951995
42.9726,0.952084
42.9988,0.952172
43.025,0.95226
43.0513,0.952348
43.0775,0.952436
43.1038,0.952524
43.1301,0.952612
43.1563,0.952699
43.1826,0.952787
43.2089,0.952874
43.2352,0.952961
43.2615,0.953048
43.2878,0.953135
43.3142,0.953222
43.3405,0.953308
43.3669,0.953395
43.3932,0.953481
43.4196,0.953567
43.4459,0.953653
43.4723,0.953739
43.4987,0.953825
43.5251,0.953911
43.5515,0.953996
43.5779,0.954081
43.6043,0.954167
43.6307,0.954252
43.6571,0.954337
43.6836,0.954422
43.71,0.954506
43.7365,0.954591
43.7629,0.954675
43.7894,0.95476
43.8159,0.954844
43.8424,0.954928
43.8689,0.955012
43.8954,0.955096
43.9219,0.95518
43.9484,0.955263
43.9749,0.955346
44.0015,0.95543
44.028,0.955513
44.0546,0.955596
44.0811,0.955679
44.1077,0.955762
44.1343,0.955844
44.1608,0.955927
44.1874,0.956009
44.214,0.956091
44.2406,0.956173
44.2673,0.956255
44.2939,0.956337
44.3205,0.956419
44.3471,0.956501
44.3738,0.956582
44.4004,0.956663
44.4271,0.956745
44.4538,0.956826
44.4805,0.956907
44.5071,0.956988
44.5338,0.957068
44.5605,0.957149
44.5873,0.957229
44.614,0.95731
44.6407,0.95739
44.6674,0.95747
44.6942,0.95755
44.7209,0.95763
44.7477,0.957709
44.7745,0.957789
44.8012,0.957868
44.828,0.957948
44.8548,0.958027
44.8816,0.958106
44.9084,0.958185
44.9352,0.958264
44.962,0.958342
44.9889,0.958421
45.0157,0.958499
45.0426,0.958578
45.0694,0.958656
45.0963,0.958734
45.1231,0.958812
45.15,0.95889
45.1769,0.958967
45.2038,0.959045
45.2307,0.959122
45.2576,0.9592
45.2845,0.959277
45.3115,0.959354
45.3384,0.959431
45.3653,0.959508
45.3923,0.959584
45.4192,0.959661
45.4462,0.959738
45.4732,0.959814
45.5002,0.95989
45.5272,0.959966
45.5542,0.960042
45.5812,0.960118
45.6082,0.960194
45.6352,0.960269
45.6622,0.960345
45.6893,0.96042
45.7163,0.960495
45.7434,0.960571
45.7704,0.960646
45.7975,0.96072
45.8246,0.960795
45.8517,0.96087
45.8788,0.960944
45.9059,0.961019
45.933,0.961093
45.9601,0.961167
45.9872,0.961241
46.0144,0.961315
46.0415,0.961389
46.0687,0.961463
46.0958,0.961536
46.123,0.96161
46.1502,0.961683
46.1773,0.961756
46.2045,0.961829
46.2317,0.961902
46.2589,0.961975
46.2862,0.962048
46.3134,0.96212
46.3406,0.962193
46.3678,0.962265
46.3951,0.962338
46.4223,0.96241
46.4496,0.962482
46.4769,0.962554
46.5042,0.962625
46.5314,0.962697
46.5587,0.962769
46.586,0.96284
46.6134,0.962912
46.6407,0.962983
46.668,0.963054
46.6953,0.963125
46.7227,0.963196
46.75,0.963266
46.7774,0.963337
46.8048,0.963408
46.8321,0.963478
46.8595,0.963548
46.8869,0.963618
46.9143,0.963689
46.9417,0.963758
46.9691,0.963828
46.9965,0.963898
47.024,0.963968
47.0514,0.964037
47.0789,0.964107
47.1063,0.964176
47.1338,0.964245
47.1612,0.964314
47.1887,0.964383
47.2162,0.964452
47.2437,0.96452
47.2712,0.964589
47.2987,0.964657
47.3262,0.964726
47.3538,0.964794
47.3813,0.964862
47.4088,0.96493
47.4364,0.964998
47.464,0.965066
47.4915,0.965134
47.5191,0.965201
47.5467,0.965269
47.5743,0.965336
47.6019,0.965403
47.6295,0.96547
47.6571,0.965537
47.6847,0.965604
47.7123,0.965671
47.74,0.965738
47.7676,0.965804
47.7953,0.965871
47.8229,0.965937
47.8506,0.966003
47.8783,0.96607
47.906,0.966136
47.9337,0.966201
47.9614,0.966267
47.9891,0.966333
48.0168,0.966399
48.0445,0.966464
48.0723,0.966529
48.1,0.966595
48.1278,0.96666
48.1555,0.966725
48.1833,0.96679
48.2111,0.966855
48.2389,0.966919
48.2666,0.966984
48.2944,0.967049
48.3223,0.967113
48.3501,0.967177
48.3779,0.967241
48.4057,0.967305
48.4336,0.967369
48.4614,0.967433
48.4893,0.967497
48.5171,0.967561
48.545,0.967624
48.5729,0.967688
48.6008,0.967751
48.6287,0.967814
48.6566,0.967877
48.6845,0.96794
48.7124,0.968003
48.7403,0.968066
48.7683,0.968129
48.7962,0.968191
48.8241,0.968254
48.8521,0.968316
48.8801,0.968379
48.908,0.968441
48.936,0.968503
48.964,0.968565
48.992,0.968627
49.02,0.968688
49.048,0.96875
49.0761,0.968812
49.1041,0.968873
49.1321,0.968934
49.1602,0.968996
49.1882,0.969057
49.2163,0.969118
49.2444,0.969179
49.2724,0.96924
49.3005,0.9693
49.3286,0.969361
49.3567,0.969421
49.3848,0.969482
49.413,0.969542
49.4411,0.969602
49.4692,0.969662
49.4974,0.969722
49.5255,0.969782
49.5537,0.969842
49.5818,0.969902
49.61,0.969961
49.6382,0.970021
49.6664,0.97008
49.6946,0.97014
49.7228,0.970199
49.751,0.970258
49.7792,0.970317
49.8075,0.970376
49.8357,0.970435
49.864,0.970493
49.8922,0.970552
49.9205,0.97061
49.9487,0.970669
49.977,0.970727
50.0053,0.970785
50.0336,0.970843
50.0619,0.970901
50.0902,0.970959
50.1185,0.971017
50.1469,0.971075
50.1752,0.971132
50.2035,0.97119
50.2319,0.971247
50.2603,0.971305
50.2886,0.971362
50.317,0.971419
50.3454,0.971476
50.3738,0.971533
50.4022,0.97159
50.4306,0.971646
50.459,0.971703
50.4874,0.97176
50.5159,0.971816
50.5443,0.971872
50.5727,0.971929
50.6012,0.971985
50.6297,0.972041
50.6581,0.972097
50.6866,0.972152
50.7151,0.972208
50.7436,0.972264
50.7721,0.972319
50.8006,0.972375
50.8291,0.97243
50.8577,0.972486
50.8862,0.972541
50.9147,0.972596
50.9433,0.972651
50.9718,0.972706
51.0004,0.972761
51.029,0.972815
51.0576,0.97287
51.0862,0.972924
51.1148,0.972979
51.1434,0.973033
51.172,0.973087
51.2006,0.973141
51.2292,0.973196
51.2579,0.973249
51.2865,0.973303
51.3152,0.973357
51.3438,0.973411
51.3725,0.973464
51.4012,0.973518
51.4299,0.973571
51.4586,0.973625
51.4873,0.973678
51.516,0.973731
51.5447,0.973784
51.5734,0.973837
51.6022,0.97389
51.6309,0.973942
51.6597,0.973995
51.6884,0.974048
51.7172,0.9741
51.746,0.974152
51.7747,0.974205
51.8035,0.974257
51.8323,0.974309
51.8611,0.974361
51.89,0.974413
51.9188,0.974465
51.9476,0.974517
51.9765,0.974568
52.0053,0.97462
52.0342,0.974671
52.063,0.974723
52.0919,0.974774
52.1208,0.974825
52.1497,0.974876
52.1786,0.974927
52.2075,0.974978
52.2364,0.975029
52.2653,0.97508
52.2942,0.97513
52.3232,0.975181
52.3521,0.975231
52.381,0.975282
52.41,0.975332
52.439,0.975382
52.4679,0.975432
52.4969,0.975483
52.5259,0.975532
52.5549,0.975582
52.5839,0.975632
52.6129,0.975682
52.642,0.975731
52.671,0.975781
52.7,0.97583
52.7291,0.97588
52.7581,0.975929
52.7872,0.975978
52.8163,0.976027
52.8454,0.976076
52.8744,0.976125
52.9035,0.976174
52.9326,0.976223
52.9618,0.976271
52.9909,0.97632
53.02,0.976368
53.0491,0.976417
53.0783,0.976465
53.1074,0.976513
53.1366,0.976561
53.1658,0.976609
53.1949,0.976657
53.2241,0.976705
53.2533,0.976753
53.2825,0.976801
53.3117,0.976848
53.3409,0.976896
53.3702,0.976943
53.3994,0.976991
53.4286,0.977038
53.4579,0.977085
53.4871,0.977132
53.5164,0.977179
53.5457,0.977226
53.5749,0.977273
53.6042,0.97732
53.6335,0.977367
53.6628,0.977413
53.6921,0.97746
53.7215,0.977506
53.7508,0.977553
53.7801,0.977599
53.8095,0.977645
53.8388,0.977691
53.8682,0.977737
53.8975,0.977783
53.9269,0.977829
53.9563,0.977875
53.9857,0.97792
54.0151,0.977966
54.0445,0.978012
54.0739,0.978057
54.1033,0.978102
54.1328,0.978148
54.1622,0.978193
54.1917,0.978238
54.2211,0.978283
54.2506,0.978328
54.2801,0.978373
54.3095,0.978418
54.339,0.978462
54.3685,0.978507
54.398,0.978552
54.4275,0.978596
54.4571,0.978641
54.4866,0.978685
54.5161,0.978729
54.5457,0.978773
54.5752,0.978817
54.6048,0.978861
54.6343,0.978905
54.6639,0.978949
54.6935,0.978993
54.7231,0.979037
54.7527,0.97908
54.7823,0.979124
54.8119,0.979167
54.8415,0.979211
54.8712,0.979254
54.9008,0.979297
54.9305,0.97934
54.9601,0.979383
54.9898,0.979426
55.0194,0.979469
55.0491,0.979512
55.0788,0.979555
55.1085,0.979597
55.1382,0.97964
55.1679,0.979682
55.1976,0.979725
55.2274,0.979767
55.2571,0.97981
55.2868,0.979852
55.3166,0.979894
55.3464,0.979936
55.3761,0.979978
55.4059,0.98002
55.4357,0.980062
55.4655,0.980103
55.4953,0.980145
55.5251,0.980187
55.5549,0.980228
55.5847,0.98027
55.6146,0.980311
55.6444,0.980352
55.6742,0.980393
55.7041,0.980435
55.734,0.980476
55.7638,0.980517
55.7937,0.980557
55.8236,0.980598
55.8535,0.980639
55.8834,0.98068
55.9133,0.98072
55.9432,0.980761
55.9732,0.980801
56.0031,0.980842
56.033,0.980882
56.063,0.980922
56.093,0.980962
56.1229,0.981003
56.1529,0.981043
56.1829,0.981083
56.2129,0.981122
56.2429,0.981162
56.2729,0.981202
56.3029,0.981242
56.3329,0.981281
56.363,0.981321
56.393,0.98136
56.423,0.981399
56.4531,0.981439
56.4832,0.981478
56.5132,0.981517
56.5433,0.981556
56.5734,0.981595
56.6035,0.981634
56.6336,0.981673
56.6637,0.981712
56.6938,0.98175
56.724,0.981789
56.7541,0.981828
56.7842,0.981866
56.8144,0.981905
56.8446,0.981943
56.8747,0.981981
56.9049,0.982019
56.9351,0.982058
56.9653,0.982096
56.9955,0.982134
57.0257,0.982172
57.0559,0.982209
57.0861,0.982247
57.1163,0.982285
57.1466,0.982323
57.1768,0.98236
57.2071,0.982398
57.2374,0.982435
57.2676,0.982472
57.2979,0.98251
57.3282,0.982547
57.3585,0.982584
57.3888,0.982621
57.4191,0.982658
57.4494,0.982695
57.4798,0.982732
57.5101,0.982769
57.5404,0.982806
57.5708,0.982842
57.6011,0.982879
57.6315,0.982915
57.6619,0.982952
57.6923,0.982988
57.7227,0.983025
57.7531,0.983061
57.7835,0.983097
57.8139,0.983133
57.8443,0.983169
57.8747,0.983205
57.9052,0.983241
57.9356,0.983277
57.9661,0.983313
57.9966,0.983349
58.027,0.983384
58.0575,0.98342
58.088,0.983455
58.1185,0.983491
58.149,0.983526
58.1795,0.983561
58.21,0.983597
58.2406,0.983632
58.2711,0.983667
58.3016,0.983702
58.3322,0.983737
58.3627,0.983772
58.3933,0.983807
58.4239,0.983842
58.4545,0.983876
58.4851,0.983911
58.5157,0.983946
58.5463,0.98398
58.5769,0.984015
58.6075,0.984049
58.6381,0.984083
58.6688,0.984118
58.6994,0.984152
58.7301,0.984186
58.7608,0.98422
58.7914,0.984254
58.8221,0.984288
58.8528,0.984322
58.8835,0.984356
58.9142,0.984389
58.9449,0.984423
58.9756,0.984457
59.0064,0.98449
59.0371,0.984524
59.0678,0.984557
59.0986,0.984591
59.1293,0.984624
59.1601,0.984657
59.1909,0.98469
59.2217,0.984723
59.2525,0.984757
59.2833,0.98479
59.3141,0.984822
59.3449,0.984855
59.3757,0.984888
59.4065,0.984921
59.4374,0.984954
59.4682,0.984986
59.4991,0.985019
59.53,0.985051
59.5608,0.985084
59.5917,0.985116
59.6226,0.985148
59.6535,0.985181
59.6844,0.985213
59.7153,0.985245
59.7462,0.985277
59.7772,0.985309
59.8081,0.985341
59.839,0.985373
59.87,0.985405
59.901,0.985436
59.9319,0.985468
59.9629,0.9855
59.9939,0.985531
60.0249,0.985563
60.0559,0.985594
60.0869,0.985626
60.1179,0.985657
60.1489,0.985688
60.18,0.985719
60.211,0.98575
60.242,0.985782
60.2731,0.985813
60.3042,0.985844
60.3352,0.985874
60.3663,0.985905
60.3974,0.985936
60.4285,0.985967
60.4596,0.985998
60.4907,0.986028
60.5218,0.986059
60.553,0.986089
60.5841,0.98612
60.6152,0.98615
60.6464,0.98618
60.6776,0.986211
60.7087,0.986241
60.7399,0.986271
60.7711,0.986301
60.8023,0.986331
60.8335,0.986361
60.8647,0.986391
60.8959,0.986421
60.9271,0.986451
60.9584,0.98648
60.9896,0.98651
61.0208,0.98654
61.0521,0.986569
61.0834,0.986599
61.1146,0.986628
61.1459,0.986658
61.1772,0.986687
61.2085,0.986716
61.2398,0.986745
61.2711,0.986774
61.3024,0.986804
61.3338,0.986833
61.3651,0.986862
61.3965,0.986891
61.4278,0.986919
61.4592,0.986948
61.4905,0.986977
61.5219,0.987006
61.5533,0.987034
61.5847,0.987063
61.6161,0.987092
61.6475,0.98712
61.6789,0.987148
61.7103,0.987177
61.7418,0.987205
61.7732,0.987233
61.8047,0.987262
61.8361,0.98729
61.8676,0.987318
61.899,0.987346
61.9305,0.987374
61.962,0.987402
61.9935,0.98743
62.025,0.987458
62.0565,0.987485
62.0881,0.987513
62.1196,0.987541
62.1511,0.987568
62.1827,0.987596
62.2142,0.987623
62.2458,0.987651
62.2773,0.987678
62.3089,0.987706
62.3405,0.987733
62.3721,0.98776
62.4037,0.987787
62.4353,0.987814
62.4669,0.987841
62.4985,0.987869
62.5302,0.987895
62.5618,0.987922
62.5935,0.987949
62.6251,0.987976
62.6568,0.988003
62.6885,0.98803
62.7201,0.988056
62.7518,0.988083
62.7835,0.988109
62.8152,0.988136
62.8469,0.988162
62.8787,0.988189
62.9104,0.988215
62.9421,0.988241
62.9739,0.988267
63.0056,0.988294
63.0374,0.98832
63.0692,0.988346
63.1009,0.988372
63.1327,0.988398
63.1645,0.988424
63.1963,0.98845
63.2281,0.988475
63.2599,0.988501
63.2918,0.988527
63.3236,0.988553
63.3554,0.988578
63.3873,0.988604
63.4191,0.988629
63.451,0.988655
63.4829,0.98868
63.5148,0.988705
63.5466,0.988731
63.5785,0.988756
63.6104,0.988781
63.6424,0.988806
63.6743,0.988831
63.7062,0.988857
63.7381,0.988882
63.7701,0.988907
63.802,0.988931
63.834,0.988956
63.866,0.988981
63.8979,0.989006
63.9299,0.989031
63.9619,0.989055
63.9939,0.98908
64.0259,0.989104
64.0579,0.989129
64.09,0.989153
64.122,0.989178
64.154,0.989202
64.1861,0.989226
64.2181,0.989251
64.2502,0.989275
64.2823,0.989299
64.3144,0.989323
64.3465,0.989347
64.3785,0.989371
64.4107,0.989395
64.4428,0.989419
64.4749,0.989443
64.507,0.989467
64.5392,0.989491
64.5713,0.989514
64.6035,0.989538
64.6356,0.989562
64.6678,0.989585
64.7,0.989609
64.7321,0.989632
64.7643,0.989656
64.7965,0.989679
64.8287,0.989703
64.861,0.989726
64.8932,0.989749
64.9254,0.989772
64.9577,0.989796
64.9899,0.989819
65.0222,0.989842
65.0544,0.989865
65.0867,0.989888
65.119,0.989911
65.1513,0.989934
65.1836,0.989956
65.2159,0.989979
65.2482,0.990002
65.2805,0.990025
65.3128,0.990047
65.3452,0.99007
65.3775,0.990093
65.4099,0.990115
65.4422,0.990138
65.4746,0.99016
65.507,0.990182
65.5394,0.990205
65.5718,0.990227
65.6042,0.990249
65.6366,0.990271
65.669,0.990294
65.7014,0.990316
65.7338,0.990338
65.7663,0.99036
65.7987,0.990382
65.8312,0.990404
65.8636,0.990426
65.8961,0.990447
65.9286,0.990469
65.9611,0.990491
65.9936,0.990513
66.0261,0.990534
66.0586,0.990556
66.0911,0.990578
66.1237,0.990599
66.1562,0.990621
66.1887,0.990642
66.2213,0.990663
66.2538,0.990685
66.2864,0.990706
66.319,0.990727
66.3516,0.990749
66.3842,0.99077
66.4168,0.990791
66.4494,0.990812
66.482,0.990833
66.5146,0.990854
66.5473,0.990875
66.5799,0.990896
66.6125,0.990917
66.6452,0.990938
66.6779,0.990959
66.7105,0.990979
66.7432,0.991
66.7759,0.991021
66.8086,0.991041
66.8413,0.991062
66.874,0.991082
66.9067,0.991103
66.9395,0.991123
66.9722,0.991144
67.005,0.991164
67.0377,0.991185
67.0705,0.991205
67.1032,0.991225
67.136,0.991245
67.1688,0.991265
67.2016,0.991286
67.2344,0.991306
67.2672,0.991326
67.3,0.991346
67.3328,0.991366
67.3657,0.991386
67.3985,0.991406
67.4314,0.991425
67.4642,0.991445
67.4971,0.991465
67.53,0.991485
67.5628,0.991504
67.5957,0.991524
67.6286,0.991543
67.6615,0.991563
67.6944,0.991583
67.7274,0.991602
67.7603,0.991621
67.7932,0.991641
67.8262,0.99166
67.8591,0.99168
67.8921,0.991699
67.9251,0.991718
67.958,0.991737
67.991,0.991756
68.024,0.991775
68.057,0.991795
68.09,0.991814
68.123,0.991833
68.1561,0.991851
68.1891,0.99187
68.2221,0.991889
68.2552,0.991908
68.2882,0.991927
68.3213,0.991946
68.3544,0.991964
68.3875,0.991983
68.4206,0.992002
68.4536,0.99202
68.4868,0.992039
68.5199,0.992057
68.553,0.992076
68.5861,0.992094
68.6193,0.992113
68.6524,0.992131
68.6856,0.992149
68.7187,0.992168
68.7519,0.992186
68.7851,0.992204
68.8182,0.992222
68.8514,0.99224
68.8846,0.992259
68.9178,0.992277
68.9511,0.992295
68.9843,0.992313
69.0175,0.992331
69.0508,0.992349
69.084,0.992366
69.1173,0.992384
69.1505,0.992402
69.1838,0.99242
69.2171,0.992438
69.2504,0.992455
69.2837,0.992473
69.317,0.99249
69.3503,0.992508
69.3836,0.992526
69.4169,0.992543
69.4503,0.992561
69.4836,0.992578
69.517,0.992595
69.5503,0.992613
69.5837,0.99263
69.6171,0.992647
69.6505,0.992665
69.6839,0.992682
69.7173,0.992699
69.7507,0.992716
69.7841,0.992733
69.8175,0.99275
69.8509,0.992767
69.8844,0.992784
69.9178,0.992801
69.9513,0.992818
69.9848,0.992835
70.0182,0.992852
70.0517,0.992869
70.0852,0.992886
70.1187,0.992902
70.1522,0.992919
70.1857,0.992936
70.2192,0.992952
70.2528,0.992969
70.2863,0.992985
70.3199,0.993002
70.3534,0.993018
70.387,0.993035
70.4205,0.993051
70.4541,0.993068
70.4877,0.993084
70.5213,0.9931
70.5549,0.993117
70.5885,0.993133
70.6221,0.993149
70.6557,0.993165
70.6894,0.993182
70.723,0.993198
70.7567,0.993214
70.7903,0.99323
70.824,0.993246
70.8577,0.993262
70.8913,0.993278
70.925,0.993294
70.9587,0.99331
70.9924,0.993325
71.0261,0.993341
71.0599,0.993357
71.0936,0.993373
71.1273,0.993388
71.1611,0.993404
71.1948,0.99342
71.2286,0.993435
71.2624,0.993451
71.2961,0.993466
71.3299,0.993482
71.3637,0.993497
71.3975,0.993513
71.4313,0.993528
71.4651,0.993544
71.499,0.993559
71.5328,0.993574
71.5666,0.99359
71.6005,0.993605
71.6344,0.99362
71.6682,0.993635
71.7021,0.99365
71.736,0.993665
71.7699,0.993681
71.8038,0.993696
71.8377,0.993711
71.8716,0.993726
71.9055,0.993741
71.9394,0.993755
71.9734,0.99377
72.0073,0.993785
72.0413,0.9938
72.0752,0.993815
72.1092,0.99383
72.1432,0.993844
72.1772,0.993859
72.2112,0.993874
72.2452,0.993888
72.2792,0.993903
72.3132,0.993918
72.3472,0.993932
72.3812,0.993947
72.4153,0.993961
72.4493,0.993975
72.4834,0.99399
72.5175,0.994004
72.5515,0.994019
72.5856,0.994033
72.6197,0.994047
72.6538,0.994062
72.6879,0.994076
72.722,0.99409
72.7561,0.994104
72.7903,0.994118
72.8244,0.994132
72.8585,0.994146
72.8927,0.99416
72.9269,0.994174
72.961,0.994188
72.9952,0.994202
73.0294,0.994216
73.0636,0.99423
73.0978,0.994244
73.132,0.994258
73.1662,0.994272
73.2004,0.994286
73.2347,0.994299
73.2689,0.994313
73.3032,0.994327
73.3374,0.99434
73.3717,0.994354
73.406,0.994368
73.4402,0.994381
73.4745,0.994395
73.5088,0.994408
73.5431,0.994422
73.5774,0.994435
73.6118,0.994448
73.6461,0.994462
73.6804,0.994475
73.7148,0.994489
73.7491,0.994502
73.7835,0.994515
73.8179,0.994528
73.8522,0.994542
73.8866,0.994555
73.921,0.994568
73.9554,0.994581
73.9898,0.994594
74.0243,0.994607
74.0587,0.99462
74.0931,0.994633
74.1276,0.994646
74.162,0.994659
74.1965,0.994672
74.2309,0.994685
74.2654,0.994698
74.2999,0.994711
74.3344,0.994724
74.3689,0.994736
74.4034,0.994749
74.4379,0.994762
74.4724,0.994775
74.5069,0.994787
74.5415,0.9948
74.576,0.994813
74.6106,0.994825
74.6451,0.994838
74.6797,0.99485
74.7143,0.994863
74.7489,0.994875
74.7835,0.994888
74.8181,0.9949
74.8527,0.994913
74.8873,0.994925
74.9219,0.994937
74.9565,0.99495
74.9912,0.994962
75.0258,0.994974
75.0605,0.994986
75.0952,0.994999
75.1298,0.995011
75.1645,0.995023
75.1992,0.995035
75.2339,0.995047
75.2686,0.995059
75.3033,0.995071
75.338,0.995083
75.3728,0.995095
75.4075,0.995107
75.4423,0.995119
75.477,0.995131
75.5118,0.995143
75.5465,0.995155
75.5813,0.995167
75.6161,0.995179
75.6509,0.99519
75.6857,0.995202
75.7205,0.995214
75.7553,0.995225
75.7902,0.995237
75.825,0.995249
75.8598,0.99526
75.8947,0.995272
75.9295,0.995284
75.9644,0.995295
75.9993,0.995307
76.0342,0.995318
76.069,0.99533
76.1039,0.995341
76.1389,0.995353
76.1738,0.995364
76.2087,0.995375
76.2436,0.995387
76.2786,0.995398
76.3135,0.995409
76.3485,0.995421
76.3834,0.995432
76.4184,0.995443
76.4534,0.995454
76.4883,0.995465
76.5233,0.995477
76.5583,0.995488
76.5934,0.995499
76.6284,0.99551
76.6634,0.995521
76.6984,0.995532
76.7335,0.995543
76.7685,0.995554
76.8036,0.995565
76.8386,0.995576
76.8737,0.995587
76.9088,0.995598
76.9439,0.995608
76.979,0.995619
77.0141,0.99563
77.0492,0.995641
77.0843,0.995652
77.1195,0.995662
77.1546,0.995673
77.1897,0.995684
77.2249,0.995694
77.2601,0.995705
77.2952,0.995716
77.3304,0.995726
77.3656,0.995737
77.4008,0.995747
77.436,0.995758
77.4712,0.995768
77.5064,0.995779
77.5416,0.995789
77.5769,0.9958
77.6121,0.99581
77.6474,0.99582
77.6826,0.995831
77.7179,0.995841
77.7532,0.995851
77.7884,0.995862
77.8237,0.995872
77.859,0.995882
77.8943,0.995892
77.9297,0.995903
77.965,0.995913
78.0003,0.995923
78.0356,0.995933
78.071,0.995943
78.1063,0.995953
78.1417,0.995963
78.1771,0.995973
78.2125,0.995983
78.2478,0.995993
78.2832,0.996003
78.3186,0.996013
78.354,0.996023
78.3895,0.996033
78.4249,0.996043
78.4603,0.996053
78.4958,0.996063
78.5312,0.996072
78.5667,0.996082
78.6021,0.996092
78.6376,0.996102
78.6731,0.996111
78.7086,0.996121
78.7441,0.996131
78.7796,0.99614
78.8151,0.99615
78.8506,0.99616
78.8861,0.996169
78.9217,0.996179
78.9572,0.996188
78.9928,0.996198
79.0283,0.996207
79.0639,0.996217
79.0995,0.996226
79.1351,0.996236
79.1707,0.996245
79.2063,0.996255
79.2419,0.996264
79.2775,0.996273
79.3131,0.996283
79.3488,0.996292
79.3844,0.996301
79.4201,0.99631
79.4557,0.99632
79.4914,0.996329
79.5271,0.996338
79.5627,0.996347
79.5984,0.996356
79.6341,0.996366
79.6698,0.996375
79.7055,0.996384
79.7413,0.996393
79.777,0.996402
79.8127,0.996411
79.8485,0.99642
79.8842,0.996429
79.92,0.996438
79.9558,0.996447
79.9915,0.996456
80.0273,0.996465
80.0631,0.996474
80.0989,0.996482
80.1347,0.996491
80.1706,0.9965
80.2064,0.996509
80.2422,0.996518
80.2781,0.996527
80.3139,0.996535
80.3498,0.996544
80.3856,0.996553
80.4215,0.996561
80.4574,0.99657
80.4933,0.996579
80.5292,0.996587
80.5651,0.996596
80.601,0.996605
80.6369,0.996613
80.6728,0.996622
80.7088,0.99663
80.7447,0.996639
80.7807,0.996647
80.8166,0.996656
80.8526,0.996664
80.8886,0.996673
80.9246,0.996681
80.9606,0.996689
80.9966,0.996698
81.0326,0.996706
81.0686,0.996714
81.1046,0.996723
81.1407,0.996731
81.1767,0.996739
81.2128,0.996748
81.2488,0.996756
81.2849,0.996764
81.321,0.996772
81.357,0.99678
81.3931,0.996789
81.4292,0.996797
81.4653,0.996805
81.5014,0.996813
81.5376,0.996821
81.5737,0.996829
81.6098,0.996837
81.646,0.996845
81.6821,0.996853
81.7183,0.996861
81.7545,0.996869
81.7906,0.996877
81.8268,0.996885
81.863,0.996893
81.8992,0.996901
81.9354,0.996909
81.9717,0.996917
82.0079,0.996924
82.0441,0.996932
82.0804,0.99694
82.1166,0.996948
82.1529,0.996956
82.1891,0.996963
82.2254,0.996971
82.2617,0.996979
82.298,0.996987
82.3343,0.996994
82.3706,0.997002
82.4069,0.99701
82.4432,0.997017
82.4796,0.997025
82.5159,0.997032
82.5522,0.99704
82.5886,0.997048
82.625,0.997055
82.6613,0.997063
82.6977,0.99707
82.7341,0.997078
82.7705,0.997085
82.8069,0.997093
82.8433,0.9971
82.8797,0.997107
82.9161,0.997115
82.9526,0.997122
82.989,0.99713
83.0255,0.997137
83.0619,0.997144
83.0984,0.997152
83.1349,0.997159
83.1713,0.997166
83.2078,0.997173
83.2443,0.997181
83.2808,0.997188
83.3174,0.997195
83.3539,0.997202
83.3904,0.997209
83.4269,0.997217
83.4635,0.997224
83.5001,0.997231
83.5366,0.997238
83.5732,0.997245
83.6098,0.997252
83.6463,0.997259
83.6829,0.997266
83.7195,0.997273
83.7562,0.99728
83.7928,0.997287
83.8294,0.997294
83.866,0.997301
83.9027,0.997308
83.9393,0.997315
83.976,0.997322
84.0127,0.997329
84.0493,0.997336
84.086,0.997343
84.1227,0.99735
84.1594,0.997356
84.1961,0.997363
84.2328,0.99737
84.2695,0.997377
84.3063,0.997384
84.343,0.99739
84.3798,0.997397
84.4165,0.997404
84.4533,0.99741
84.49,0.997417
84.5268,0.997424
84.5636,0.99743
84.6004,0.997437
84.6372,0.997444
84.674,0.99745
84.7108,0.997457
84.7477,0.997464
84.7845,0.99747
84.8213,0.997477
84.8582,0.997483
84.895,0.99749
84.9319,0.997496
84.9688,0.997503
85.0057,0.997509
85.0426,0.997516
85.0795,0.997522
85.1164,0.997528
85.1533,0.997535
85.1902,0.997541
85.2271,0.997548
85.2641,0.997554
85.301,0.99756
85.338,0.997567
85.3749,0.997573
85.4119,0.997579
85.4489,0.997586
85.4859,0.997592
85.5229,0.997598
85.5599,0.997604
85.5969,0.997611
85.6339,0.997617
85.6709,0.997623
85.708,0.997629
85.745,0.997635
85.782,0.997642
85.8191,0.997648
85.8562,0.997654
85.8932,0.99766
85.9303,0.997666
85.9674,0.997672
86.0045,0.997678
86.0416,0.997684
86.0787,0.99769
86.1159,0.997696
86.153,0.997702
86.1901,0.997708
86.2273,0.997714
86.2644,0.99772
86.3016,0.997726
86.3388,0.997732
86.3759,0.997738
86.4131,0.997744
86.4503,0.99775
86.4875,0.997756
86.5247,0.997762
86.562,0.997767
86.5992,0.997773
86.6364,0.997779
86.6737,0.997785
86.7109,0.997791
86.7482,0.997796
86.7854,0.997802
86.8227,0.997808
86.86,0.997814
86.8973,0.997819
86.9346,0.997825
86.9719,0.997831
87.0092,0.997837
87.0465,0.997842
87.0839,0.997848
87.1212,0.997854
87.1585,0.997859
87.1959,0.997865
87.2333,0.99787
87.2706,0.997876
87.308,0.997882
87.3454,0.997887
87.3828,0.997893
87.4202,0.997898
87.4576,0.997904
87.495,0.997909
87.5324,0.997915
87.5699,0.99792
87.6073,0.997926
87.6448,0.997931
87.6822,0.997937
87.7197,0.997942
87.7572,0.997947
87.7947,0.997953
87.8321,0.997958
87.8696,0.997964
87.9072,0.997969
87.9447,0.997974
87.9822,0.99798
88.0197,0.997985
88.0573,0.99799
88.0948,0.997996
88.1324,0.998001
88.1699,0.998006
88.2075,0.998011
88.2451,0.998017
88.2827,0.998022
88.3203,0.998027
88.3579,0.998032
88.3955,0.998038
88.4331,0.998043
88.4707,0.998048
88.5083,0.998053
88.546,0.998058
88.5836,0.998063
88.6213,0.998068
88.659,0.998074
88.6966,0.998079
88.7343,0.998084
88.772,0.998089
88.8097,0.998094
88.8474,0.998099
88.8851,0.998104
88.9229,0.998109
88.9606,0.998114
88.9983,0.998119
89.0361,0.998124
89.0738,0.998129
89.1116,0.998134
89.1494,0.998139
89.1871,0.998144
89.2249,0.998149
89.2627,0.998154
89.3005,0.998159
89.3383,0.998163
89.3762,0.998168
89.414,0.998173
89.4518,0.998178
89.4897,0.998183
89.5275,0.998188
89.5654,0.998193
89.6032,0.998197
89.6411,0.998202
89.679,0.998207
89.7169,0.998212
89.7548,0.998217
89.7927,0.998221
89.8306,0.998226
89.8685,0.998231
89.9065,0.998235
89.9444,0.99824
89.9823,0.998245
90.0203,0.998249
90.0583,0.998254
90.0962,0.998259
90.1342,0.998263
90.1722,0.998268
90.2102,0.998273
90.2482,0.998277
90.2862,0.998282
90.3242,0.998287
90.3623,0.998291
90.4003,0.998296
90.4383,0.9983
90.4764,0.998305
90.5144,0.998309
90.5525,0.998314
90.5906,0.998318
90.6287,0.998323
90.6668,0.998327
90.7049,0.998332
90.743,0.998336
90.7811,0.998341
90.8192,0.998345
90.8573,0.99835
90.8955,0.998354
90.9336,0.998358
90.9718,0.998363
91.0099,0.998367
91.0481,0.998372
91.0863,0.998376
91.1245,0.99838
91.1627,0.998385
91.2009,0.998389
91.2391,0.998393
91.2773,0.998398
91.3155,0.998402
91.3538,0.998406
91.392,0.998411
91.4303,0.998415
91.4685,0.998419
91.5068,0.998423
91.5451,0.998428
91.5833,0.998432
91.6216,0.998436
91.6599,0.99844
91.6982,0.998444
91.7365,0.998449
91.7749,0.998453
91.8132,0.998457
91.8515,0.998461
91.8899,0.998465
91.9282,0.998469
91.9666,0.998473
92.005,0.998478
92.0434,0.998482
92.0817,0.998486
92.1201,0.99849
92.1585,0.998494
92.197,0.998498
92.2354,0.998502
92.2738,0.998506
92.3122,0.99851
92.3507,0.998514
92.3891,0.998518
92.4276,0.998522
92.4661,0.998526
92.5045,0.99853
92.543,0.998534
92.5815,0.998538
92.62,0.998542
92.6585,0.998546
92.697,0.99855
92.7355,0.998554
92.7741,0.998558
92.8126,0.998562
92.8512,0.998566
92.8897,0.998569
92.9283,0.998573
92.9669,0.998577
93.0054,0.998581
93.044,0.998585
93.0826,0.998589
93.1212,0.998593
93.1598,0.998596
93.1984,0.9986
93.2371,0.998604
93.2757,0.998608
93.3144,0.998612
93.353,0.998615
93.3917,0.998619
93.4303,0.998623
93.469,0.998627
93.5077,0.99863
93.5464,0.998634
93.5851,0.998638
93.6238,0.998641
93.6625,0.998645
93.7012,0.998649
93.74,0.998652
93.7787,0.998656
93.8174,0.99866
93.8562,0.998663
93.895,0.998667
93.9337,0.998671
93.9725,0.998674
94.0113,0.998678
94.0501,0.998682
94.0889,0.998685
94.1277,0.998689
94.1665,0.998692
94.2054,0.998696
94.2442,0.998699
94.283,0.998703
94.3219,0.998707
94.3607,0.99871
94.3996,0.998714
94.4385,0.998717
94.4774,0.998721
94.5163,0.998724
94.5552,0.998728
94.5941,0.998731
94.633,0.998735
94.6719,0.998738
94.7108,0.998741
94.7498,0.998745
94.7887,0.998748
94.8277,0.998752
94.8666,0.998755
94.9056,0.998759
94.9446,0.998762
94.9836,0.998765
95.0226,0.998769
95.0616,0.998772
95.1006,0.998775
95.1396,0.998779
95.1786,0.998782
95.2177,0.998786
95.2567,0.998789
95.2958,0.998792
95.3348,0.998795
95.3739,0.998799
95.413,0.998802
95.452,0.998805
95.4911,0.998809
95.5302,0.998812
95.5693,0.998815
95.6085,0.998818
95.6476,0.998822
95.6867,0.998825
95.7259,0.998828
95.765,0.998831
95.8042,0.998835
95.8433,0.998838
95.8825,0.998841
95.9217,0.998844
95.9609,0.998847
96.0001,0.998851
96.0393,0.998854
96.0785,0.998857
96.1177,0.99886
96.1569,0.998863
96.1961,0.998866
96.2354,0.998869
96.2746,0.998873
96.3139,0.998876
96.3532,0.998879
96.3924,0.998882
96.4317,0.998885
96.471,0.998888
96.5103,0.998891
96.5496,0.998894
96.5889,0.998897
96.6283,0.9989
96.6676,0.998903
96.7069,0.998906
96.7463,0.998909
96.7856,0.998912
96.825,0.998915
96.8644,0.998918
96.9038,0.998921
96.9431,0.998924
96.9825,0.998927
97.0219,0.99893
97.0613,0.998933
97.1008,0.998936
97.1402,0.998939
97.1796,0.998942
97.2191,0.998945
97.2585,0.998948
97.298,0.998951
97.3375,0.998954
97.3769,0.998957
97.4164,0.99896
97.4559,0.998962
97.4954,0.998965
97.5349,0.998968
97.5744,0.998971
97.6139,0.998974
97.6535,0.998977
97.693,0.99898
97.7326,0.998982
97.7721,0.998985
97.8117,0.998988
97.8513,0.998991
97.8908,0.998994
97.9304,0.998996
97.97,0.998999
98.0096,0.999002
98.0492,0.999005
98.0889,0.999008
98.1285,0.99901
98.1681,0.999013
98.2078,0.999016
98.2474,0.999019
98.2871,0.999021
98.3267,0.999024
98.3664,0.999027
98.4061,0.999029
98.4458,0.999032
98.4855,0.999035
98.5252,0.999038
98.5649,0.99904
98.6046,0.999043
98.6444,0.999046
98.6841,0.999048
98.7239,0.999051
98.7636,0.999054
98.8034,0.999056
98.8431,0.999059
98.8829,0.999062
98.9227,0.999064
98.9625,0.999067
99.0023,0.999069
99.0421,0.999072
99.0819,0.999075
99.1218,0.999077
99.1616,0.99908
99.2014,0.999082
99.2413,0.999085
99.2812,0.999087
99.321,0.99909
99.3609,0.999093
99.4008,0.999095
99.4407,0.999098
99.4806,0.9991
99.5205,0.999103
99.5604,0.999105
99.6003,0.999108
99.6403,0.99911
99.6802,0.999113
99.7201,0.999115
99.7601,0.999118
99.8001,0.99912
99.84,0.999123
99.88,0.999125
99.92,0.999128
99.96,0.99913
100,0.999132
