r,N_ipsat
1.97239e-05,1.04537e-09
0.000414276,5.81938e-07
0.000808828,2.33527e-06
0.00120338,5.32728e-06
0.00159793,9.59425e-06
0.00199249,1.51775e-05
0.00238704,2.20973e-05
0.00278159,3.03654e-05
0.00317614,3.99945e-05
0.00357069,5.09953e-05
0.00396525,6.33767e-05
0.0043598,7.71463e-05
0.00475435,9.23104e-05
0.0051489,0.000108874
0.00554346,0.000126843
0.00593801,0.00014622
0.00633256,0.00016701
0.00672711,0.000189214
0.00712166,0.000212836
0.00751622,0.000237877
0.00791077,0.000264339
0.00830532,0.000292224
0.00869987,0.000321532
0.00909443,0.000352265
0.00948898,0.000384423
0.00988353,0.000418006
0.0102781,0.000453015
0.0106726,0.000489449
0.0110672,0.000527309
0.0114617,0.000566594
0.0118563,0.000607303
0.0122508,0.000649436
0.0126454,0.000692992
0.0130399,0.000737971
0.0134345,0.000784371
0.0138291,0.000832191
0.0142236,0.000881429
0.0146182,0.000932086
0.0150127,0.000984158
0.0154073,0.00103765
0.0158018,0.00109255
0.0161964,0.00114886
0.0165909,0.00120658
0.0169855,0.00126571
0.01738,0.00132625
0.0177746,0.00138819
0.0181691,0.00145153
0.0185637,0.00151627
0.0189582,0.00158241
0.0193528,0.00164995
0.0197473,0.00171888
0.0201419,0.0017892
0.0205364,0.00186092
0.020931,0.00193401
0.0213255,0.0020085
0.0217201,0.00208436
0.0221147,0.00216161
0.0225092,0.00224023
0.0229038,0.00232023
0.0232983,0.0024016
0.0236929,0.00248434
0.0240874,0.00256845
0.024482,0.00265392
0.0248765,0.00274075
0.0252711,0.00282894
0.0256656,0.00291849
0.0260602,0.00300939
0.0264547,0.00310164
0.0268493,0.00319524
0.0272438,0.00329018
0.0276384,0.00338647
0.0280329,0.0034841
0.0284275,0.00358306
0.028822,0.00368335
0.0292166,0.00378498
0.0296111,0.00388793
0.0300057,0.00399221
0.0304002,0.00409781
0.0307948,0.00420472
0.0311894,0.00431295
0.0315839,0.0044225
0.0319785,0.00453335
0.032373,0.00464551
0.0327676,0.00475897
0.0331621,0.00487374
0.0335567,0.0049898
0.0339512,0.00510715
0.0343458,0.00522579
0.0347403,0.00534572
0.0351349,0.00546693
0.0355294,0.00558943
0.035924,0.0057132
0.0363185,0.00583825
0.0367131,0.00596456
0.0371076,0.00609215
0.0375022,0.006221
0.0378967,0.00635111
0.0382913,0.00648248
0.0386858,0.0066151
0.0390804,0.00674898
0.039475,0.0068841
0.0398695,0.00702047
0.0402641,0.00715808
0.0406586,0.00729692
0.0410532,0.00743701
0.0414477,0.00757832
0.0418423,0.00772086
0.0422368,0.00786463
0.0426314,0.00800962
0.0430259,0.00815582
0.0434205,0.00830324
0.043815,0.00845188
0.0442096,0.00860172
0.0446041,0.00875276
0.0449987,0.00890501
0.0453932,0.00905845
0.0457878,0.00921309
0.0461823,0.00936892
0.0465769,0.00952594
0.0469714,0.00968414
0.047366,0.00984352
0.0477606,0.0100041
0.0481551,0.0101658
0.0485497,0.0103287
0.0489442,0.0104928
0.0493388,0.010658
0.0497333,0.0108244
0.0501279,0.010992
0.0505224,0.0111607
0.050917,0.0113305
0.0513115,0.0115015
0.0517061,0.0116737
0.0521006,0.011847
0.0524952,0.0120214
0.0528897,0.012197
0.0532843,0.0123736
0.0536788,0.0125515
0.0540734,0.0127304
0.0544679,0.0129105
0.0548625,0.0130916
0.055257,0.0132739
0.0556516,0.0134573
0.0560461,0.0136418
0.0564407,0.0138274
0.0568353,0.0140141
0.0572298,0.0142019
0.0576244,0.0143908
0.0580189,0.0145808
0.0584135,0.0147718
0.058808,0.014964
0.0592026,0.0151573
0.0595971,0.0153516
0.0599917,0.015547
0.0603862,0.0157434
0.0607808,0.0159409
0.0611753,0.0161395
0.0615699,0.016339
0.0619644,0.0165398
0.062359,0.0167416
0.0627535,0.0169443
0.0631481,0.017148
0.0635426,0.0173526
0.0639372,0.0175581
0.0643317,0.0177645
0.0647263,0.0179734
0.0651209,0.0181831
0.0655154,0.0183935
0.06591,0.0186048
0.0663045,0.0188169
0.0666991,0.0190299
0.0670936,0.0192438
0.0674882,0.0194586
0.0678827,0.0196744
0.0682773,0.0198912
0.0686718,0.0201093
0.0690664,0.0203284
0.0694609,0.0205485
0.0698555,0.0207695
0.07025,0.0209916
0.0706446,0.0212146
0.0710391,0.0214386
0.0714337,0.0216636
0.0718282,0.0218895
0.0722228,0.0221164
0.0726173,0.0223443
0.0730119,0.0225731
0.0734064,0.0228029
0.073801,0.0230337
0.0741956,0.0232654
0.0745901,0.023498
0.0749847,0.0237316
0.0753792,0.0239661
0.0757738,0.0242016
0.0761683,0.024438
0.0765629,0.0246753
0.0769574,0.0249136
0.077352,0.0251527
0.0777465,0.0253928
0.0781411,0.0256339
0.0785356,0.0258758
0.0789302,0.0261186
0.0793247,0.0263624
0.0797193,0.026607
0.0801138,0.0268526
0.0805084,0.0270991
0.0809029,0.0273464
0.0812975,0.0275947
0.081692,0.0278438
0.0820866,0.0280938
0.0824812,0.0283447
0.0828757,0.0285965
0.0832703,0.0288492
0.0836648,0.0291027
0.0840594,0.0293571
0.0844539,0.0296124
0.0848485,0.0298685
0.085243,0.0301255
0.0856376,0.0303833
0.0860321,0.030642
0.0864267,0.0309016
0.0868212,0.031162
0.0872158,0.0314233
0.0876103,0.0316854
0.0880049,0.0319483
0.0883994,0.0322121
0.088794,0.0324767
0.0891885,0.0327421
0.0895831,0.0330084
0.0899776,0.0332755
0.0903722,0.0335434
0.0907667,0.0338121
0.0911613,0.0340817
0.0915559,0.034352
0.0919504,0.0346232
0.092345,0.0348952
0.0927395,0.035168
0.0931341,0.0354415
0.0935286,0.0357159
0.0939232,0.0359911
0.0943177,0.0362671
0.0947123,0.0365438
0.0951068,0.0368213
0.0955014,0.0370997
0.0958959,0.0373788
0.0962905,0.0376587
0.096685,0.0379393
0.0970796,0.0382208
0.0974741,0.038503
0.0978687,0.0387859
0.0982632,0.0390697
0.0986578,0.0393541
0.0990523,0.0396394
0.0994469,0.0399254
0.0998415,0.0402122
0.100236,0.0404997
0.100631,0.0407879
0.101025,0.0410769
0.10142,0.0413667
0.101814,0.0416571
0.102209,0.0419484
0.102603,0.0422403
0.102998,0.042533
0.103392,0.0428264
0.103787,0.0431205
0.104182,0.0434154
0.104576,0.0437109
0.104971,0.0440072
0.105365,0.0443042
0.10576,0.044602
0.106154,0.0449004
0.106549,0.0451995
0.106943,0.0454994
0.107338,0.0457999
0.107732,0.0461012
0.108127,0.0464031
0.108522,0.0467057
0.108916,0.047009
0.109311,0.047313
0.109705,0.0476177
0.1101,0.0479231
0.110494,0.0482292
0.110889,0.0485359
0.111283,0.0488433
0.111678,0.0491514
0.112073,0.0494602
0.112467,0.0497696
0.112862,0.0500797
0.113256,0.0503905
0.113651,0.0507019
0.114045,0.051014
0.11444,0.0513267
0.114834,0.0516401
0.115229,0.0519541
0.115624,0.0522688
0.116018,0.0525841
0.116413,0.0529001
0.116807,0.0532167
0.117202,0.053534
0.117596,0.0538519
0.117991,0.0541704
0.118385,0.0544896
0.11878,0.0548094
0.119175,0.0551298
0.119569,0.0554509
0.119964,0.0557725
0.120358,0.0560948
0.120753,0.0564177
0.121147,0.0567413
0.121542,0.0570654
0.121936,0.0573902
0.122331,0.0577155
0.122725,0.0580415
0.12312,0.0583681
0.123515,0.0586952
0.123909,0.059023
0.124304,0.0593514
0.124698,0.0596804
0.125093,0.0600099
0.125487,0.0603401
0.125882,0.0606708
0.126276,0.0610022
0.126671,0.0613341
0.127066,0.0616666
0.12746,0.0619997
0.127855,0.0623334
0.128249,0.0626676
0.128644,0.0630024
0.129038,0.0633378
0.129433,0.0636738
0.129827,0.0640103
0.130222,0.0643474
0.130617,0.064685
0.131011,0.0650233
0.131406,0.065362
0.1318,0.0657014
0.132195,0.0660413
0.132589,0.0663817
0.132984,0.0667227
0.133378,0.0670643
0.133773,0.0674064
0.134168,0.067749
0.134562,0.0680922
0.134957,0.0684359
0.135351,0.0687802
0.135746,0.069125
0.13614,0.0694704
0.136535,0.0698163
0.136929,0.0701627
0.137324,0.0705096
0.137718,0.0708571
0.138113,0.0712051
0.138508,0.0715536
0.138902,0.0719027
0.139297,0.0722522
0.139691,0.0726023
0.140086,0.0729529
0.14048,0.073304
0.140875,0.0736557
0.141269,0.0740078
0.141664,0.0743605
0.142059,0.0747137
0.142453,0.0750673
0.142848,0.0754215
0.143242,0.0757762
0.143637,0.0761314
0.144031,0.0764871
0.144426,0.0768432
0.14482,0.0771999
0.145215,0.0775571
0.14561,0.0779147
0.146004,0.0782729
0.146399,0.0786315
0.146793,0.0789907
0.147188,0.0793503
0.147582,0.0797104
0.147977,0.080071
0.148371,0.080432
0.148766,0.0807936
0.14916,0.0811556
0.149555,0.0815181
0.14995,0.081881
0.150344,0.0822445
0.150739,0.0826084
0.151133,0.0829727
0.151528,0.0833376
0.151922,0.0837029
0.152317,0.0840687
0.152711,0.0844349
0.153106,0.0848016
0.153501,0.0851688
0.153895,0.0855364
0.15429,0.0859045
0.154684,0.086273
0.155079,0.086642
0.155473,0.0870114
0.155868,0.0873813
0.156262,0.0877516
0.156657,0.0881224
0.157052,0.0884936
0.157446,0.0888653
0.157841,0.0892374
0.158235,0.0896099
0.15863,0.0899829
0.159024,0.0903563
0.159419,0.0907302
0.159813,0.0911045
0.160208,0.0914792
0.160603,0.0918544
0.160997,0.09223
0.161392,0.092606
0.161786,0.0929824
0.162181,0.0933593
0.162575,0.0937366
0.16297,0.0941143
0.163364,0.0944925
0.163759,0.094871
0.164153,0.09525
0.164548,0.0956294
0.164943,0.0960092
0.165337,0.0963895
0.165732,0.0967701
0.166126,0.0971512
0.166521,0.0975327
0.166915,0.0979145
0.16731,0.0982968
0.167704,0.0986795
0.168099,0.0990626
0.168494,0.0994461
0.168888,0.09983
0.169283,0.100214
0.169677,0.100599
0.170072,0.100984
0.170466,0.10137
0.170861,0.101756
0.171255,0.102142
0.17165,0.102529
0.172045,0.102916
0.172439,0.103303
0.172834,0.103691
0.173228,0.104079
0.173623,0.104468
0.174017,0.104857
0.174412,0.105246
0.174806,0.105636
0.175201,0.106026
0.175595,0.106417
0.17599,0.106808
0.176385,0.107199
0.176779,0.107591
0.177174,0.107983
0.177568,0.108375
0.177963,0.108768
0.178357,0.109161
0.178752,0.109555
0.179146,0.109949
0.179541,0.110343
0.179936,0.110738
0.18033,0.111133
0.180725,0.111528
0.181119,0.111924
0.181514,0.11232
0.181908,0.112717
0.182303,0.113114
0.182697,0.113511
0.183092,0.113909
0.183487,0.114307
0.183881,0.114705
0.184276,0.115104
0.18467,0.115503
0.185065,0.115902
0.185459,0.116302
0.185854,0.116702
0.186248,0.117102
0.186643,0.117503
0.187038,0.117904
0.187432,0.118306
0.187827,0.118707
0.188221,0.11911
0.188616,0.119512
0.18901,0.119915
0.189405,0.120318
0.189799,0.120722
0.190194,0.121126
0.190588,0.12153
0.190983,0.121934
0.191378,0.122339
0.191772,0.122744
0.192167,0.12315
0.192561,0.123556
0.192956,0.123962
0.19335,0.124369
0.193745,0.124776
0.194139,0.125183
0.194534,0.12559
0.194929,0.125998
0.195323,0.126407
0.195718,0.126815
0.196112,0.127224
0.196507,0.127633
0.196901,0.128043
0.197296,0.128452
0.19769,0.128863
0.198085,0.129273
0.19848,0.129684
0.198874,0.130095
0.199269,0.130506
0.199663,0.130918
0.200058,0.13133
0.200452,0.131743
0.200847,0.132155
0.201241,0.132568
0.201636,0.132982
0.20203,0.133395
0.202425,0.133809
0.20282,0.134224
0.203214,0.134638
0.203609,0.135053
0.204003,0.135468
0.204398,0.135884
0.204792,0.1363
0.205187,0.136716
0.205581,0.137132
0.205976,0.137549
0.206371,0.137966
0.206765,0.138383
0.20716,0.138801
0.207554,0.139219
0.207949,0.139637
0.208343,0.140055
0.208738,0.140474
0.209132,0.140893
0.209527,0.141313
0.209922,0.141732
0.210316,0.142152
0.210711,0.142573
0.211105,0.142993
0.2115,0.143414
0.211894,0.143835
0.212289,0.144257
0.212683,0.144678
0.213078,0.1451
0.213473,0.145523
0.213867,0.145945
0.214262,0.146368
0.214656,0.146791
0.215051,0.147215
0.215445,0.147639
0.21584,0.148063
0.216234,0.148487
0.216629,0.148911
0.217023,0.149336
0.217418,0.149761
0.217813,0.150187
0.218207,0.150613
0.218602,0.151039
0.218996,0.151465
0.219391,0.151891
0.219785,0.152318
0.22018,0.152745
0.220574,0.153173
0.220969,0.1536
0.221364,0.154028
0.221758,0.154456
0.222153,0.154885
0.222547,0.155313
0.222942,0.155742
0.223336,0.156172
0.223731,0.156601
0.224125,0.157031
0.22452,0.157461
0.224915,0.157891
0.225309,0.158322
0.225704,0.158753
0.226098,0.159184
0.226493,0.159615
0.226887,0.160047
0.227282,0.160479
0.227676,0.160911
0.228071,0.161343
0.228465,0.161776
0.22886,0.162209
0.229255,0.162642
0.229649,0.163075
0.230044,0.163509
0.230438,0.163943
0.230833,0.164377
0.231227,0.164812
0.231622,0.165246
0.232016,0.165681
0.232411,0.166117
0.232806,0.166552
0.2332,0.166988
0.233595,0.167424
0.233989,0.16786
0.234384,0.168297
0.234778,0.168733
0.235173,0.16917
0.235567,0.169607
0.235962,0.170045
0.236357,0.170483
0.236751,0.170921
0.237146,0.171359
0.23754,0.171797
0.237935,0.172236
0.238329,0.172675
0.238724,0.173114
0.239118,0.173553
0.239513,0.173993
0.239908,0.174433
0.240302,0.174873
0.240697,0.175313
0.241091,0.175754
0.241486,0.176195
0.24188,0.176636
0.242275,0.177077
0.242669,0.177519
0.243064,0.177961
0.243458,0.178403
0.243853,0.178845
0.244248,0.179287
0.244642,0.17973
0.245037,0.180173
0.245431,0.180616
0.245826,0.18106
0.24622,0.181503
0.246615,0.181947
0.247009,0.182391
0.247404,0.182836
0.247799,0.18328
0.248193,0.183725
0.248588,0.18417
0.248982,0.184615
0.249377,0.185061
0.249771,0.185506
0.250166,0.185952
0.25056,0.186398
0.250955,0.186845
0.25135,0.187291
0.251744,0.187738
0.252139,0.188185
0.252533,0.188632
0.252928,0.18908
0.253322,0.189527
0.253717,0.189975
0.254111,0.190423
0.254506,0.190872
0.2549,0.19132
0.255295,0.191769
0.25569,0.192218
0.256084,0.192667
0.256479,0.193117
0.256873,0.193566
0.257268,0.194016
0.257662,0.194466
0.258057,0.194916
0.258451,0.195367
0.258846,0.195818
0.259241,0.196269
0.259635,0.19672
0.26003,0.197171
0.260424,0.197622
0.260819,0.198074
0.261213,0.198526
0.261608,0.198978
0.262002,0.199431
0.262397,0.199883
0.262792,0.200336
0.263186,0.200789
0.263581,0.201242
0.263975,0.201695
0.26437,0.202149
0.264764,0.202603
0.265159,0.203057
0.265553,0.203511
0.265948,0.203965
0.266343,0.20442
0.266737,0.204875
0.267132,0.20533
0.267526,0.205785
0.267921,0.20624
0.268315,0.206696
0.26871,0.207152
0.269104,0.207608
0.269499,0.208064
0.269893,0.20852
0.270288,0.208977
0.270683,0.209433
0.271077,0.20989
0.271472,0.210347
0.271866,0.210805
0.272261,0.211262
0.272655,0.21172
0.27305,0.212178
0.273444,0.212636
0.273839,0.213094
0.274234,0.213553
0.274628,0.214011
0.275023,0.21447
0.275417,0.214929
0.275812,0.215389
0.276206,0.215848
0.276601,0.216308
0.276995,0.216767
0.27739,0.217227
0.277785,0.217687
0.278179,0.218148
0.278574,0.218608
0.278968,0.219069
0.279363,0.21953
0.279757,0.219991
0.280152,0.220452
0.280546,0.220914
0.280941,0.221375
0.281336,0.221837
0.28173,0.222299
0.282125,0.222761
0.282519,0.223223
0.282914,0.223686
0.283308,0.224149
0.283703,0.224611
0.284097,0.225074
0.284492,0.225538
0.284886,0.226001
0.285281,0.226465
0.285676,0.226928
0.28607,0.227392
0.286465,0.227856
0.286859,0.22832
0.287254,0.228785
0.287648,0.229249
0.288043,0.229714
0.288437,0.230179
0.288832,0.230644
0.289227,0.231109
0.289621,0.231575
0.290016,0.23204
0.29041,0.232506
0.290805,0.232972
0.291199,0.233438
0.291594,0.233905
0.291988,0.234371
0.292383,0.234838
0.292778,0.235304
0.293172,0.235771
0.293567,0.236238
0.293961,0.236706
0.294356,0.237173
0.29475,0.237641
0.295145,0.238108
0.295539,0.238576
0.295934,0.239044
0.296328,0.239512
0.296723,0.239981
0.297118,0.240449
0.297512,0.240918
0.297907,0.241387
0.298301,0.241856
0.298696,0.242325
0.29909,0.242794
0.299485,0.243264
0.299879,0.243733
0.300274,0.244203
0.300669,0.244673
0.301063,0.245143
0.301458,0.245613
0.301852,0.246084
0.302247,0.246554
0.302641,0.247025
0.303036,0.247496
0.30343,0.247967
0.303825,0.248438
0.30422,0.24891
0.304614,0.249382
0.305009,0.249854
0.305403,0.250326
0.305798,0.250799
0.306192,0.251271
0.306587,0.251744
0.306981,0.252217
0.307376,0.25269
0.307771,0.253163
0.308165,0.253636
0.30856,0.254109
0.308954,0.254583
0.309349,0.255056
0.309743,0.25553
0.310138,0.256004
0.310532,0.256478
0.310927,0.256952
0.311321,0.257427
0.311716,0.257901
0.312111,0.258376
0.312505,0.25885
0.3129,0.259325
0.313294,0.2598
0.313689,0.260275
0.314083,0.26075
0.314478,0.261226
0.314872,0.261701
0.315267,0.262177
0.315662,0.262652
0.316056,0.263128
0.316451,0.263604
0.316845,0.26408
0.31724,0.264556
0.317634,0.265033
0.318029,0.265509
0.318423,0.265986
0.318818,0.266462
0.319213,0.266939
0.319607,0.267416
0.320002,0.267893
0.320396,0.26837
0.320791,0.268847
0.321185,0.269324
0.32158,0.269802
0.321974,0.270279
0.322369,0.270757
0.322763,0.271235
0.323158,0.271713
0.323553,0.272191
0.323947,0.272669
0.324342,0.273147
0.324736,0.273625
0.325131,0.274103
0.325525,0.274582
0.32592,0.27506
0.326314,0.275539
0.326709,0.276018
0.327104,0.276497
0.327498,0.276976
0.327893,0.277455
0.328287,0.277934
0.328682,0.278413
0.329076,0.278892
0.329471,0.279372
0.329865,0.279851
0.33026,0.280331
0.330655,0.280811
0.331049,0.28129
0.331444,0.28177
0.331838,0.28225
0.332233,0.28273
0.332627,0.283211
0.333022,0.283691
0.333416,0.284171
0.333811,0.284651
0.334206,0.285132
0.3346,0.285612
0.334995,0.286093
0.335389,0.286574
0.335784,0.287055
0.336178,0.287536
0.336573,0.288016
0.336967,0.288498
0.337362,0.288979
0.337756,0.28946
0.338151,0.289941
0.338546,0.290422
0.33894,0.290902
0.339335,0.291383
0.339729,0.291864
0.340124,0.292345
0.340518,0.292826
0.340913,0.293307
0.341307,0.293788
0.341702,0.294269
0.342097,0.29475
0.342491,0.295231
0.342886,0.295713
0.34328,0.296194
0.343675,0.296676
0.344069,0.297157
0.344464,0.297639
0.344858,0.298121
0.345253,0.298602
0.345648,0.299084
0.346042,0.299566
0.346437,0.300048
0.346831,0.30053
0.347226,0.301012
0.34762,0.301495
0.348015,0.301977
0.348409,0.302459
0.348804,0.302942
0.349198,0.303424
0.349593,0.30391
0.349988,0.304396
0.350382,0.304883
0.350777,0.305369
0.351171,0.305856
0.351566,0.306342
0.35196,0.306829
0.352355,0.307316
0.352749,0.307803
0.353144,0.30829
0.353539,0.308777
0.353933,0.309264
0.354328,0.309751
0.354722,0.310238
0.355117,0.310725
0.355511,0.311212
0.355906,0.3117
0.3563,0.312187
0.356695,0.312675
0.35709,0.313162
0.357484,0.31365
0.357879,0.314137
0.358273,0.314625
0.358668,0.315113
0.359062,0.315601
0.359457,0.316089
0.359851,0.316577
0.360246,0.317065
0.360641,0.317553
0.361035,0.318041
0.36143,0.318529
0.361824,0.319017
0.362219,0.319505
0.362613,0.319994
0.363008,0.320482
0.363402,0.320971
0.363797,0.321459
0.364191,0.321948
0.364586,0.322436
0.364981,0.322925
0.365375,0.323414
0.36577,0.323903
0.366164,0.324391
0.366559,0.32488
0.366953,0.325369
0.367348,0.325858
0.367742,0.326347
0.368137,0.326836
0.368532,0.327326
0.368926,0.327815
0.369321,0.328304
0.369715,0.328793
0.37011,0.329283
0.370504,0.329772
0.370899,0.330262
0.371293,0.330751
0.371688,0.331241
0.372083,0.33173
0.372477,0.33222
0.372872,0.332709
0.373266,0.333199
0.373661,0.333689
0.374055,0.334179
0.37445,0.334669
0.374844,0.335158
0.375239,0.335648
0.375633,0.336138
0.376028,0.336628
0.376423,0.337119
0.376817,0.337609
0.377212,0.338099
0.377606,0.338589
0.378001,0.339079
0.378395,0.33957
0.37879,0.34006
0.379184,0.34055
0.379579,0.341041
0.379974,0.341531
0.380368,0.342022
0.380763,0.342512
0.381157,0.343003
0.381552,0.343493
0.381946,0.343984
0.382341,0.344474
0.382735,0.344965
0.38313,0.345456
0.383525,0.345947
0.383919,0.346438
0.384314,0.346929
0.384708,0.34742
0.385103,0.347911
0.385497,0.348402
0.385892,0.348893
0.386286,0.349384
0.386681,0.349875
0.387076,0.350366
0.38747,0.350858
0.387865,0.351349
0.388259,0.35184
0.388654,0.352331
0.389048,0.352823
0.389443,0.353314
0.389837,0.353805
0.390232,0.354297
0.390626,0.354788
0.391021,0.35528
0.391416,0.355771
0.39181,0.356263
0.392205,0.356754
0.392599,0.357246
0.392994,0.357737
0.393388,0.358229
0.393783,0.358721
0.394177,0.359212
0.394572,0.359704
0.394967,0.360196
0.395361,0.360688
0.395756,0.361179
0.39615,0.361671
0.396545,0.362163
0.396939,0.362655
0.397334,0.363146
0.397728,0.363638
0.398123,0.36413
0.398518,0.364622
0.398912,0.365114
0.399307,0.365606
0.399701,0.366098
0.400096,0.36659
0.40049,0.367082
0.400885,0.367574
0.401279,0.368066
0.401674,0.368558
0.402069,0.36905
0.402463,0.369542
0.402858,0.370034
0.403252,0.370526
0.403647,0.371018
0.404041,0.37151
0.404436,0.372002
0.40483,0.372494
0.405225,0.372986
0.405619,0.373478
0.406014,0.37397
0.406409,0.374463
0.406803,0.374955
0.407198,0.375447
0.407592,0.375939
0.407987,0.376431
0.408381,0.376923
0.408776,0.377415
0.40917,0.377908
0.409565,0.3784
0.40996,0.378892
0.410354,0.379384
0.410749,0.379876
0.411143,0.380369
0.411538,0.380861
0.411932,0.381353
0.412327,0.381845
0.412721,0.382337
0.413116,0.382829
0.413511,0.383322
0.413905,0.383814
0.4143,0.384306
0.414694,0.384798
0.415089,0.38529
0.415483,0.385783
0.415878,0.386275
0.416272,0.386767
0.416667,0.387259
0.417061,0.387751
0.417456,0.388243
0.417851,0.388736
0.418245,0.389228
0.41864,0.38972
0.419034,0.390212
0.419429,0.390704
0.419823,0.391196
0.420218,0.391688
0.420612,0.39218
0.421007,0.392672
0.421402,0.393165
0.421796,0.393657
0.422191,0.394149
0.422585,0.394641
0.42298,0.395133
0.423374,0.395625
0.423769,0.396117
0.424163,0.396609
0.424558,0.397101
0.424953,0.397593
0.425347,0.398085
0.425742,0.398577
0.426136,0.399068
0.426531,0.39956
0.426925,0.400052
0.42732,0.400544
0.427714,0.401036
0.428109,0.401528
0.428504,0.40202
0.428898,0.402511
0.429293,0.403003
0.429687,0.403495
0.430082,0.403986
0.430476,0.404478
0.430871,0.40497
0.431265,0.405462
0.43166,0.405953
0.432054,0.406445
0.432449,0.406936
0.432844,0.407428
0.433238,0.407919
0.433633,0.408411
0.434027,0.408902
0.434422,0.409394
0.434816,0.409885
0.435211,0.410377
0.435605,0.410868
0.436,0.411359
0.436395,0.411851
0.436789,0.412342
0.437184,0.412833
0.437578,0.413324
0.437973,0.413816
0.438367,0.414307
0.438762,0.414798
0.439156,0.415289
0.439551,0.41578
0.439946,0.416271
0.44034,0.416762
0.440735,0.417253
0.441129,0.417744
0.441524,0.418235
0.441918,0.418726
0.442313,0.419216
0.442707,0.419707
0.443102,0.420198
0.443496,0.420689
0.443891,0.421179
0.444286,0.42167
0.44468,0.422161
0.445075,0.422652
0.445469,0.423142
0.445864,0.423633
0.446258,0.424123
0.446653,0.424614
0.447047,0.425104
0.447442,0.425595
0.447837,0.426085
0.448231,0.426575
0.448626,0.427066
0.44902,0.427556
0.449415,0.428046
0.449809,0.428536
0.450204,0.429026
0.450598,0.429516
0.450993,0.430006
0.451388,0.430496
0.451782,0.430986
0.452177,0.431476
0.452571,0.431966
0.452966,0.432456
0.45336,0.432945
0.453755,0.433435
0.454149,0.433925
0.454544,0.434414
0.454939,0.434904
0.455333,0.435393
0.455728,0.435883
0.456122,0.436372
0.456517,0.436861
0.456911,0.43735
0.457306,0.437839
0.4577,0.438329
0.458095,0.438818
0.458489,0.439307
0.458884,0.439796
0.459279,0.440284
0.459673,0.440773
0.460068,0.441262
0.460462,0.441751
0.460857,0.442239
0.461251,0.442728
0.461646,0.443216
0.46204,0.443705
0.462435,0.444193
0.46283,0.444681
0.463224,0.44517
0.463619,0.445658
0.464013,0.446146
0.464408,0.446634
0.464802,0.447122
0.465197,0.44761
0.465591,0.448098
0.465986,0.448586
0.466381,0.449073
0.466775,0.449561
0.46717,0.450049
0.467564,0.450536
0.467959,0.451023
0.468353,0.451511
0.468748,0.451998
0.469142,0.452485
0.469537,0.452972
0.469931,0.45346
0.470326,0.453947
0.470721,0.454433
0.471115,0.45492
0.47151,0.455407
0.471904,0.455894
0.472299,0.45638
0.472693,0.456867
0.473088,0.457353
0.473482,0.45784
0.473877,0.458326
0.474272,0.458812
0.474666,0.459298
0.475061,0.459785
0.475455,0.460271
0.47585,0.460756
0.476244,0.461242
0.476639,0.461728
0.477033,0.462214
0.477428,0.462699
0.477823,0.463185
0.478217,0.46367
0.478612,0.464156
0.479006,0.464641
0.479401,0.465126
0.479795,0.465611
0.48019,0.466096
0.480584,0.466581
0.480979,0.467066
0.481374,0.46755
0.481768,0.468035
0.482163,0.46852
0.482557,0.469004
0.482952,0.469489
0.483346,0.469973
0.483741,0.470457
0.484135,0.470941
0.48453,0.471425
0.484924,0.471909
0.485319,0.472393
0.485714,0.472877
0.486108,0.47336
0.486503,0.473844
0.486897,0.474327
0.487292,0.474811
0.487686,0.475294
0.488081,0.475777
0.488475,0.47626
0.48887,0.476743
0.489265,0.477226
0.489659,0.477709
0.490054,0.478191
0.490448,0.478674
0.490843,0.479156
0.491237,0.479639
0.491632,0.480121
0.492026,0.480603
0.492421,0.481085
0.492816,0.481567
0.49321,0.482049
0.493605,0.482531
0.493999,0.483012
0.494394,0.483494
0.494788,0.483975
0.495183,0.484457
0.495577,0.484938
0.495972,0.485419
0.496366,0.4859
0.496761,0.486381
0.497156,0.486862
0.49755,0.487343
0.497945,0.487823
0.498339,0.488304
0.498734,0.488784
0.499128,0.489264
0.499523,0.489744
0.499917,0.490225
0.500312,0.490704
0.500707,0.491184
0.501101,0.491664
0.501496,0.492144
0.50189,0.492623
0.502285,0.493102
0.502679,0.493582
0.503074,0.494061
0.503468,0.49454
0.503863,0.495019
0.504258,0.495498
0.504652,0.495976
0.505047,0.496455
0.505441,0.496933
0.505836,0.497411
0.50623,0.49789
0.506625,0.498368
0.507019,0.498846
0.507414,0.499324
0.507809,0.499801
0.508203,0.500279
0.508598,0.500756
0.508992,0.501234
0.509387,0.501711
0.509781,0.502188
0.510176,0.502665
0.51057,0.503142
0.510965,0.503619
0.511359,0.504095
0.511754,0.504572
0.512149,0.505048
0.512543,0.505524
0.512938,0.506
0.513332,0.506476
0.513727,0.506952
0.514121,0.507428
0.514516,0.507904
0.51491,0.508379
0.515305,0.508854
0.5157,0.50933
0.516094,0.509805
0.516489,0.51028
0.516883,0.510755
0.517278,0.511229
0.517672,0.511704
0.518067,0.512178
0.518461,0.512652
0.518856,0.513127
0.519251,0.513601
0.519645,0.514074
0.52004,0.514548
0.520434,0.515022
0.520829,0.515495
0.521223,0.515969
0.521618,0.516442
0.522012,0.516915
0.522407,0.517388
0.522801,0.517861
0.523196,0.518333
0.523591,0.518806
0.523985,0.519278
0.52438,0.51975
0.524774,0.520223
0.525169,0.520694
0.525563,0.521166
0.525958,0.521638
0.526352,0.522109
0.526747,0.522581
0.527142,0.523052
0.527536,0.523523
0.527931,0.523994
0.528325,0.524465
0.52872,0.524936
0.529114,0.525406
0.529509,0.525876
0.529903,0.526347
0.530298,0.526817
0.530693,0.527287
0.531087,0.527757
0.531482,0.528226
0.531876,0.528696
0.532271,0.529165
0.532665,0.529634
0.53306,0.530103
0.533454,0.530572
0.533849,0.531041
0.534244,0.531509
0.534638,0.531978
0.535033,0.532446
0.535427,0.532914
0.535822,0.533382
0.536216,0.53385
0.536611,0.534318
0.537005,0.534785
0.5374,0.535253
0.537794,0.53572
0.538189,0.536187
0.538584,0.536654
0.538978,0.53712
0.539373,0.537587
0.539767,0.538053
0.540162,0.53852
0.540556,0.538986
0.540951,0.539452
0.541345,0.539917
0.54174,0.540383
0.542135,0.540849
0.542529,0.541314
0.542924,0.541779
0.543318,0.542244
0.543713,0.542709
0.544107,0.543173
0.544502,0.543638
0.544896,0.544102
0.545291,0.544566
0.545686,0.54503
0.54608,0.545494
0.546475,0.545958
0.546869,0.546421
0.547264,0.546885
0.547658,0.547348
0.548053,0.547811
0.548447,0.548274
0.548842,0.548736
0.549237,0.549199
0.549631,0.549661
0.550026,0.550123
0.55042,0.550585
0.550815,0.551047
0.551209,0.551509
0.551604,0.55197
0.551998,0.552432
0.552393,0.552893
0.552787,0.553354
0.553182,0.553815
0.553577,0.554275
0.553971,0.554736
0.554366,0.555196
0.55476,0.555656
0.555155,0.556116
0.555549,0.556576
0.555944,0.557036
0.556338,0.557495
0.556733,0.557954
0.557128,0.558413
0.557522,0.558872
0.557917,0.559331
0.558311,0.559789
0.558706,0.560248
0.5591,0.560706
0.559495,0.561164
0.559889,0.561622
0.560284,0.562079
0.560679,0.562537
0.561073,0.562994
0.561468,0.563451
0.561862,0.563908
0.562257,0.564365
0.562651,0.564821
0.563046,0.565278
0.56344,0.565734
0.563835,0.56619
0.564229,0.566646
0.564624,0.567102
0.565019,0.567557
0.565413,0.568012
0.565808,0.568467
0.566202,0.568922
0.566597,0.569377
0.566991,0.569831
0.567386,0.570286
0.56778,0.57074
0.568175,0.571194
0.56857,0.571648
0.568964,0.572101
0.569359,0.572555
0.569753,0.573008
0.570148,0.573461
0.570542,0.573914
0.570937,0.574367
0.571331,0.574819
0.571726,0.575271
0.572121,0.575723
0.572515,0.576175
0.57291,0.576627
0.573304,0.577078
0.573699,0.57753
0.574093,0.577981
0.574488,0.578432
0.574882,0.578882
0.575277,0.579333
0.575672,0.579783
0.576066,0.580234
0.576461,0.580683
0.576855,0.581133
0.57725,0.581583
0.577644,0.582032
0.578039,0.582481
0.578433,0.58293
0.578828,0.583379
0.579222,0.583828
0.579617,0.584276
0.580012,0.584724
0.580406,0.585172
0.580801,0.58562
0.581195,0.586068
0.58159,0.586515
0.581984,0.586962
0.582379,0.587409
0.582773,0.587856
0.583168,0.588302
0.583563,0.588749
0.583957,0.589195
0.584352,0.589641
0.584746,0.590087
0.585141,0.590532
0.585535,0.590978
0.58593,0.591423
0.586324,0.591868
0.586719,0.592312
0.587114,0.592757
0.587508,0.593201
0.587903,0.593645
0.588297,0.594089
0.588692,0.594533
0.589086,0.594977
0.589481,0.59542
0.589875,0.595863
0.59027,0.596306
0.590664,0.596749
0.591059,0.597191
0.591454,0.597633
0.591848,0.598075
0.592243,0.598517
0.592637,0.598959
0.593032,0.5994
0.593426,0.599841
0.593821,0.600282
0.594215,0.600723
0.59461,0.601164
0.595005,0.601604
0.595399,0.602044
0.595794,0.602484
0.596188,0.602924
0.596583,0.603363
0.596977,0.603803
0.597372,0.604242
0.597766,0.604681
0.598161,0.605119
0.598556,0.605558
0.59895,0.605996
0.599345,0.606434
0.599739,0.606872
0.600134,0.607309
0.600528,0.607747
0.600923,0.608184
0.601317,0.608621
0.601712,0.609057
0.602107,0.609494
0.602501,0.60993
0.602896,0.610366
0.60329,0.610802
0.603685,0.611238
0.604079,0.611673
0.604474,0.612108
0.604868,0.612543
0.605263,0.612978
0.605657,0.613412
0.606052,0.613847
0.606447,0.614281
0.606841,0.614714
0.607236,0.615148
0.60763,0.615581
0.608025,0.616015
0.608419,0.616447
0.608814,0.61688
0.609208,0.617313
0.609603,0.617745
0.609998,0.618177
0.610392,0.618609
0.610787,0.61904
0.611181,0.619472
0.611576,0.619903
0.61197,0.620334
0.612365,0.620764
0.612759,0.621195
0.613154,0.621625
0.613549,0.622055
0.613943,0.622485
0.614338,0.622914
0.614732,0.623344
0.615127,0.623773
0.615521,0.624202
0.615916,0.62463
0.61631,0.625059
0.616705,0.625487
0.617099,0.625915
0.617494,0.626343
0.617889,0.62677
0.618283,0.627197
0.618678,0.627624
0.619072,0.628051
0.619467,0.628478
0.619861,0.628904
0.620256,0.62933
0.62065,0.629756
0.621045,0.630181
0.62144,0.630607
0.621834,0.631032
0.622229,0.631457
0.622623,0.631882
0.623018,0.632306
0.623412,0.63273
0.623807,0.633154
0.624201,0.633578
0.624596,0.634001
0.624991,0.634425
0.625385,0.634848
0.62578,0.635271
0.626174,0.635693
0.626569,0.636115
0.626963,0.636537
0.627358,0.636959
0.627752,0.637381
0.628147,0.637802
0.628542,0.638223
0.628936,0.638644
0.629331,0.639065
0.629725,0.639485
0.63012,0.639905
0.630514,0.640325
0.630909,0.640745
0.631303,0.641164
0.631698,0.641584
0.632092,0.642003
0.632487,0.642421
0.632882,0.64284
0.633276,0.643258
0.633671,0.643676
0.634065,0.644094
0.63446,0.644511
0.634854,0.644928
0.635249,0.645345
0.635643,0.645762
0.636038,0.646179
0.636433,0.646595
0.636827,0.647011
0.637222,0.647427
0.637616,0.647842
0.638011,0.648258
0.638405,0.648673
0.6388,0.649087
0.639194,0.649502
0.639589,0.649916
0.639984,0.65033
0.640378,0.650744
0.640773,0.651158
0.641167,0.651571
0.641562,0.651984
0.641956,0.652397
0.642351,0.65281
0.642745,0.653222
0.64314,0.653634
0.643534,0.654046
0.643929,0.654457
0.644324,0.654869
0.644718,0.65528
0.645113,0.655691
0.645507,0.656101
0.645902,0.656511
0.646296,0.656922
0.646691,0.657331
0.647085,0.657741
0.64748,0.65815
0.647875,0.658559
0.648269,0.658968
0.648664,0.659377
0.649058,0.659785
0.649453,0.660193
0.649847,0.660601
0.650242,0.661008
0.650636,0.661416
0.651031,0.661823
0.651426,0.662229
0.65182,0.662636
0.652215,0.663042
0.652609,0.663448
0.653004,0.663854
0.653398,0.664259
0.653793,0.664665
0.654187,0.66507
0.654582,0.665474
0.654977,0.665879
0.655371,0.666283
0.655766,0.666687
0.65616,0.667091
0.656555,0.667494
0.656949,0.667897
0.657344,0.6683
0.657738,0.668703
0.658133,0.669105
0.658527,0.669508
0.658922,0.669909
0.659317,0.670311
0.659711,0.670712
0.660106,0.671114
0.6605,0.671514
0.660895,0.671915
0.661289,0.672315
0.661684,0.672715
0.662078,0.673115
0.662473,0.673515
0.662868,0.673914
0.663262,0.674313
0.663657,0.674712
0.664051,0.67511
0.664446,0.675509
0.66484,0.675907
0.665235,0.676304
0.665629,0.676702
0.666024,0.677099
0.666419,0.677496
0.666813,0.677893
0.667208,0.678289
0.667602,0.678685
0.667997,0.679081
0.668391,0.679477
0.668786,0.679872
0.66918,0.680267
0.669575,0.680662
0.66997,0.681056
0.670364,0.681451
0.670759,0.681845
0.671153,0.682238
0.671548,0.682632
0.671942,0.683025
0.672337,0.683418
0.672731,0.683811
0.673126,0.684203
0.67352,0.684595
0.673915,0.684987
0.67431,0.685379
0.674704,0.68577
0.675099,0.686161
0.675493,0.686552
0.675888,0.686943
0.676282,0.687333
0.676677,0.687723
0.677071,0.688113
0.677466,0.688502
0.677861,0.688891
0.678255,0.68928
0.67865,0.689669
0.679044,0.690057
0.679439,0.690445
0.679833,0.690833
0.680228,0.691221
0.680622,0.691608
0.681017,0.691995
0.681412,0.692382
0.681806,0.692768
0.682201,0.693155
0.682595,0.693541
0.68299,0.693926
0.683384,0.694312
0.683779,0.694697
0.684173,0.695082
0.684568,0.695466
0.684962,0.695851
0.685357,0.696235
0.685752,0.696618
0.686146,0.697002
0.686541,0.697385
0.686935,0.697768
0.68733,0.698151
0.687724,0.698533
0.688119,0.698915
0.688513,0.699297
0.688908,0.699679
0.689303,0.70006
0.689697,0.700441
0.690092,0.700822
0.690486,0.701202
0.690881,0.701583
0.691275,0.701963
0.69167,0.702342
0.692064,0.702722
0.692459,0.703101
0.692854,0.703479
0.693248,0.703858
0.693643,0.704236
0.694037,0.704614
0.694432,0.704992
0.694826,0.705369
0.695221,0.705747
0.695615,0.706124
0.69601,0.7065
0.696405,0.706877
0.696799,0.707253
0.697194,0.707628
0.697588,0.708004
0.697983,0.708379
0.698377,0.708754
0.698772,0.709129
0.699166,0.709503
0.699561,0.709877
0.699955,0.710251
0.70035,0.710625
0.700745,0.710998
0.701139,0.711371
0.701534,0.711744
0.701928,0.712116
0.702323,0.712488
0.702717,0.71286
0.703112,0.713232
0.703506,0.713603
0.703901,0.713974
0.704296,0.714345
0.70469,0.714715
0.705085,0.715085
0.705479,0.715455
0.705874,0.715825
0.706268,0.716194
0.706663,0.716563
0.707057,0.716932
0.707452,0.717301
0.707847,0.717669
0.708241,0.718037
0.708636,0.718404
0.70903,0.718772
0.709425,0.719139
0.709819,0.719506
0.710214,0.719872
0.710608,0.720238
0.711003,0.720604
0.711397,0.72097
0.711792,0.721335
0.712187,0.721701
0.712581,0.722065
0.712976,0.72243
0.71337,0.722794
0.713765,0.723158
0.714159,0.723522
0.714554,0.723885
0.714948,0.724248
0.715343,0.724611
0.715738,0.724974
0.716132,0.725336
0.716527,0.725698
0.716921,0.72606
0.717316,0.726421
0.71771,0.726782
0.718105,0.727143
0.718499,0.727504
0.718894,0.727864
0.719289,0.728224
0.719683,0.728584
0.720078,0.728943
0.720472,0.729302
0.720867,0.729661
0.721261,0.73002
0.721656,0.730378
0.72205,0.730736
0.722445,0.731093
0.72284,0.731451
0.723234,0.731808
0.723629,0.732165
0.724023,0.732521
0.724418,0.732878
0.724812,0.733234
0.725207,0.733589
0.725601,0.733945
0.725996,0.7343
0.72639,0.734655
0.726785,0.735009
0.72718,0.735363
0.727574,0.735717
0.727969,0.736071
0.728363,0.736424
0.728758,0.736778
0.729152,0.73713
0.729547,0.737483
0.729941,0.737835
0.730336,0.738187
0.730731,0.738539
0.731125,0.73889
0.73152,0.739241
0.731914,0.739592
0.732309,0.739942
0.732703,0.740293
0.733098,0.740642
0.733492,0.740992
0.733887,0.741341
0.734282,0.74169
0.734676,0.742039
0.735071,0.742388
0.735465,0.742736
0.73586,0.743084
0.736254,0.743431
0.736649,0.743779
0.737043,0.744126
0.737438,0.744472
0.737832,0.744819
0.738227,0.745165
0.738622,0.745511
0.739016,0.745856
0.739411,0.746202
0.739805,0.746547
0.7402,0.746891
0.740594,0.747236
0.740989,0.74758
0.741383,0.747924
0.741778,0.748267
0.742173,0.74861
0.742567,0.748953
0.742962,0.749296
0.743356,0.749638
0.743751,0.74998
0.744145,0.750322
0.74454,0.750664
0.744934,0.751005
0.745329,0.751346
0.745724,0.751686
0.746118,0.752027
0.746513,0.752367
0.746907,0.752707
0.747302,0.753046
0.747696,0.753385
0.748091,0.753724
0.748485,0.754063
0.74888,0.754401
0.749275,0.754739
0.749669,0.755076
0.750064,0.755414
0.750458,0.755751
0.750853,0.756088
0.751247,0.756424
0.751642,0.75676
0.752036,0.757096
0.752431,0.757432
0.752825,0.757767
0.75322,0.758102
0.753615,0.758437
0.754009,0.758772
0.754404,0.759106
0.754798,0.75944
0.755193,0.759773
0.755587,0.760107
0.755982,0.76044
0.756376,0.760772
0.756771,0.761105
0.757166,0.761437
0.75756,0.761769
0.757955,0.7621
0.758349,0.762431
0.758744,0.762762
0.759138,0.763093
0.759533,0.763423
0.759927,0.763753
0.760322,0.764083
0.760717,0.764413
0.761111,0.764742
0.761506,0.765071
0.7619,0.765399
0.762295,0.765727
0.762689,0.766055
0.763084,0.766383
0.763478,0.76671
0.763873,0.767038
0.764267,0.767364
0.764662,0.767691
0.765057,0.768017
0.765451,0.768343
0.765846,0.768669
0.76624,0.768994
0.766635,0.769319
0.767029,0.769644
0.767424,0.769968
0.767818,0.770292
0.768213,0.770616
0.768608,0.77094
0.769002,0.771263
0.769397,0.771586
0.769791,0.771909
0.770186,0.772231
0.77058,0.772553
0.770975,0.772875
0.771369,0.773197
0.771764,0.773518
0.772159,0.773839
0.772553,0.774159
0.772948,0.77448
0.773342,0.7748
0.773737,0.775119
0.774131,0.775439
0.774526,0.775758
0.77492,0.776077
0.775315,0.776395
0.77571,0.776714
0.776104,0.777032
0.776499,0.777349
0.776893,0.777667
0.777288,0.777984
0.777682,0.7783
0.778077,0.778617
0.778471,0.778933
0.778866,0.779249
0.77926,0.779565
0.779655,0.77988
0.78005,0.780195
0.780444,0.780509
0.780839,0.780824
0.781233,0.781138
0.781628,0.781452
0.782022,0.781765
0.782417,0.782079
0.782811,0.782391
0.783206,0.782704
0.783601,0.783016
0.783995,0.783328
0.78439,0.78364
0.784784,0.783952
0.785179,0.784263
0.785573,0.784574
0.785968,0.784884
0.786362,0.785194
0.786757,0.785504
0.787152,0.785814
0.787546,0.786123
0.787941,0.786433
0.788335,0.786741
0.78873,0.78705
0.789124,0.787358
0.789519,0.787666
0.789913,0.787973
0.790308,0.788281
0.790702,0.788588
0.791097,0.788894
0.791492,0.789201
0.791886,0.789507
0.792281,0.789813
0.792675,0.790118
0.79307,0.790424
0.793464,0.790729
0.793859,0.791033
0.794253,0.791337
0.794648,0.791642
0.795043,0.791945
0.795437,0.792249
0.795832,0.792552
0.796226,0.792855
0.796621,0.793157
0.797015,0.79346
0.79741,0.793762
0.797804,0.794063
0.798199,0.794365
0.798594,0.794666
0.798988,0.794966
0.799383,0.795267
0.799777,0.795567
0.800172,0.795867
0.800566,0.796167
0.800961,0.796466
0.801355,0.796765
0.80175,0.797064
0.802145,0.797362
0.802539,0.79766
0.802934,0.797958
0.803328,0.798256
0.803723,0.798553
0.804117,0.79885
0.804512,0.799146
0.804906,0.799443
0.805301,0.799739
0.805695,0.800035
0.80609,0.80033
0.806485,0.800625
0.806879,0.80092
0.807274,0.801215
0.807668,0.801509
0.808063,0.801803
0.808457,0.802097
0.808852,0.80239
0.809246,0.802683
0.809641,0.802976
0.810036,0.803268
0.81043,0.803561
0.810825,0.803853
0.811219,0.804144
0.811614,0.804435
0.812008,0.804726
0.812403,0.805017
0.812797,0.805308
0.813192,0.805598
0.813587,0.805888
0.813981,0.806177
0.814376,0.806466
0.81477,0.806755
0.815165,0.807044
0.815559,0.807332
0.815954,0.807621
0.816348,0.807908
0.816743,0.808196
0.817138,0.808483
0.817532,0.80877
0.817927,0.809057
0.818321,0.809343
0.818716,0.809629
0.81911,0.809915
0.819505,0.8102
0.819899,0.810485
0.820294,0.81077
0.820688,0.811055
0.821083,0.811339
0.821478,0.811623
0.821872,0.811906
0.822267,0.81219
0.822661,0.812473
0.823056,0.812756
0.82345,0.813038
0.823845,0.81332
0.824239,0.813602
0.824634,0.813884
0.825029,0.814165
0.825423,0.814446
0.825818,0.814727
0.826212,0.815007
0.826607,0.815287
0.827001,0.815567
0.827396,0.815847
0.82779,0.816126
0.828185,0.816405
0.82858,0.816684
0.828974,0.816962
0.829369,0.81724
0.829763,0.817518
0.830158,0.817795
0.830552,0.818073
0.830947,0.81835
0.831341,0.818626
0.831736,0.818902
0.83213,0.819178
0.832525,0.819454
0.83292,0.81973
0.833314,0.820005
0.833709,0.82028
0.834103,0.820554
0.834498,0.820829
0.834892,0.821102
0.835287,0.821376
0.835681,0.82165
0.836076,0.821923
0.836471,0.822195
0.836865,0.822468
0.83726,0.82274
0.837654,0.823012
0.838049,0.823284
0.838443,0.823555
0.838838,0.823826
0.839232,0.824097
0.839627,0.824367
0.840022,0.824638
0.840416,0.824908
0.840811,0.825177
0.841205,0.825446
0.8416,0.825715
0.841994,0.825984
0.842389,0.826253
0.842783,0.826521
0.843178,0.826789
0.843573,0.827056
0.843967,0.827323
0.844362,0.82759
0.844756,0.827857
0.845151,0.828124
0.845545,0.82839
0.84594,0.828655
0.846334,0.828921
0.846729,0.829186
0.847123,0.829451
0.847518,0.829716
0.847913,0.82998
0.848307,0.830244
0.848702,0.830508
0.849096,0.830772
0.849491,0.831035
0.849885,0.831298
0.85028,0.83156
0.850674,0.831823
0.851069,0.832085
0.851464,0.832346
0.851858,0.832608
0.852253,0.832869
0.852647,0.83313
0.853042,0.833391
0.853436,0.833651
0.853831,0.833911
0.854225,0.834171
0.85462,0.83443
0.855015,0.834689
0.855409,0.834948
0.855804,0.835207
0.856198,0.835465
0.856593,0.835723
0.856987,0.835981
0.857382,0.836238
0.857776,0.836495
0.858171,0.836752
0.858565,0.837009
0.85896,0.837265
0.859355,0.837521
0.859749,0.837777
0.860144,0.838032
0.860538,0.838287
0.860933,0.838542
0.861327,0.838797
0.861722,0.839051
0.862116,0.839305
0.862511,0.839558
0.862906,0.839812
0.8633,0.840065
0.863695,0.840318
0.864089,0.84057
0.864484,0.840823
0.864878,0.841075
0.865273,0.841326
0.865667,0.841578
0.866062,0.841829
0.866457,0.84208
0.866851,0.84233
0.867246,0.84258
0.86764,0.84283
0.868035,0.84308
0.868429,0.843329
0.868824,0.843579
0.869218,0.843827
0.869613,0.844076
0.870008,0.844324
0.870402,0.844572
0.870797,0.84482
0.871191,0.845067
0.871586,0.845314
0.87198,0.845561
0.872375,0.845808
0.872769,0.846054
0.873164,0.8463
0.873558,0.846546
0.873953,0.846791
0.874348,0.847036
0.874742,0.847281
0.875137,0.847526
0.875531,0.84777
0.875926,0.848014
0.87632,0.848258
0.876715,0.848501
0.877109,0.848744
0.877504,0.848987
0.877899,0.84923
0.878293,0.849472
0.878688,0.849714
0.879082,0.849956
0.879477,0.850197
0.879871,0.850438
0.880266,0.850679
0.88066,0.85092
0.881055,0.85116
0.88145,0.8514
0.881844,0.85164
0.882239,0.851879
0.882633,0.852119
0.883028,0.852357
0.883422,0.852596
0.883817,0.852834
0.884211,0.853072
0.884606,0.85331
0.885,0.853548
0.885395,0.853785
0.88579,0.854022
0.886184,0.854259
0.886579,0.854495
0.886973,0.854731
0.887368,0.854967
0.887762,0.855202
0.888157,0.855438
0.888551,0.855673
0.888946,0.855907
0.889341,0.856142
0.889735,0.856376
0.89013,0.85661
0.890524,0.856843
0.890919,0.857077
0.891313,0.85731
0.891708,0.857543
0.892102,0.857775
0.892497,0.858007
0.892892,0.858239
0.893286,0.858471
0.893681,0.858702
0.894075,0.858933
0.89447,0.859164
0.894864,0.859394
0.895259,0.859625
0.895653,0.859855
0.896048,0.860084
0.896443,0.860314
0.896837,0.860543
0.897232,0.860772
0.897626,0.861
0.898021,0.861229
0.898415,0.861457
0.89881,0.861684
0.899204,0.861912
0.899599,0.862139
0.899993,0.862366
0.900388,0.862593
0.900783,0.862819
0.901177,0.863045
0.901572,0.863271
0.901966,0.863497
0.902361,0.863722
0.902755,0.863947
0.90315,0.864172
0.903544,0.864396
0.903939,0.86462
0.904334,0.864844
0.904728,0.865068
0.905123,0.865291
0.905517,0.865514
0.905912,0.865737
0.906306,0.86596
0.906701,0.866182
0.907095,0.866404
0.90749,0.866625
0.907885,0.866847
0.908279,0.867068
0.908674,0.867289
0.909068,0.86751
0.909463,0.86773
0.909857,0.86795
0.910252,0.86817
0.910646,0.868389
0.911041,0.868609
0.911435,0.868828
0.91183,0.869046
0.912225,0.869265
0.912619,0.869483
0.913014,0.869701
0.913408,0.869918
0.913803,0.870136
0.914197,0.870353
0.914592,0.87057
0.914986,0.870786
0.915381,0.871002
0.915776,0.871218
0.91617,0.871434
0.916565,0.87165
0.916959,0.871865
0.917354,0.87208
0.917748,0.872294
0.918143,0.872509
0.918537,0.872723
0.918932,0.872937
0.919327,0.87315
0.919721,0.873364
0.920116,0.873577
0.92051,0.873789
0.920905,0.874002
0.921299,0.874214
0.921694,0.874426
0.922088,0.874638
0.922483,0.874849
0.922878,0.87506
0.923272,0.875271
0.923667,0.875482
0.924061,0.875692
0.924456,0.875902
0.92485,0.876112
0.925245,0.876322
0.925639,0.876531
0.926034,0.87674
0.926428,0.876949
0.926823,0.877157
0.927218,0.877366
0.927612,0.877573
0.928007,0.877781
0.928401,0.877989
0.928796,0.878196
0.92919,0.878403
0.929585,0.878609
0.929979,0.878816
0.930374,0.879022
0.930769,0.879228
0.931163,0.879433
0.931558,0.879638
0.931952,0.879844
0.932347,0.880048
0.932741,0.880253
0.933136,0.880457
0.93353,0.880661
0.933925,0.880865
0.93432,0.881068
0.934714,0.881271
0.935109,0.881474
0.935503,0.881677
0.935898,0.881879
0.936292,0.882082
0.936687,0.882284
0.937081,0.882485
0.937476,0.882687
0.937871,0.882888
0.938265,0.883088
0.93866,0.883289
0.939054,0.883489
0.939449,0.883689
0.939843,0.883889
0.940238,0.884089
0.940632,0.884288
0.941027,0.884487
0.941421,0.884686
0.941816,0.884884
0.942211,0.885083
0.942605,0.885281
0.943,0.885478
0.943394,0.885676
0.943789,0.885873
0.944183,0.88607
0.944578,0.886267
0.944972,0.886463
0.945367,0.886659
0.945762,0.886855
0.946156,0.887051
0.946551,0.887246
0.946945,0.887441
0.94734,0.887636
0.947734,0.887831
0.948129,0.888025
0.948523,0.888219
0.948918,0.888413
0.949313,0.888607
0.949707,0.8888
0.950102,0.888993
0.950496,0.889186
0.950891,0.889378
0.951285,0.889571
0.95168,0.889763
0.952074,0.889954
0.952469,0.890146
0.952863,0.890337
0.953258,0.890528
0.953653,0.890719
0.954047,0.89091
0.954442,0.8911
0.954836,0.89129
0.955231,0.89148
0.955625,0.891669
0.95602,0.891858
0.956414,0.892047
0.956809,0.892236
0.957204,0.892425
0.957598,0.892613
0.957993,0.892801
0.958387,0.892989
0.958782,0.893176
0.959176,0.893363
0.959571,0.89355
0.959965,0.893737
0.96036,0.893923
0.960755,0.89411
0.961149,0.894296
0.961544,0.894481
0.961938,0.894667
0.962333,0.894852
0.962727,0.895037
0.963122,0.895222
0.963516,0.895406
0.963911,0.89559
0.964306,0.895774
0.9647,0.895958
0.965095,0.896141
0.965489,0.896325
0.965884,0.896508
0.966278,0.89669
0.966673,0.896873
0.967067,0.897055
0.967462,0.897237
0.967856,0.897419
0.968251,0.8976
0.968646,0.897781
0.96904,0.897962
0.969435,0.898143
0.969829,0.898324
0.970224,0.898504
0.970618,0.898684
0.971013,0.898863
0.971407,0.899043
0.971802,0.899222
0.972197,0.899401
0.972591,0.89958
0.972986,0.899758
0.97338,0.899937
0.973775,0.900115
0.974169,0.900292
0.974564,0.90047
0.974958,0.900647
0.975353,0.900824
0.975748,0.901001
0.976142,0.901178
0.976537,0.901354
0.976931,0.90153
0.977326,0.901706
0.97772,0.901881
0.978115,0.902057
0.978509,0.902232
0.978904,0.902407
0.979298,0.902581
0.979693,0.902755
0.980088,0.90293
0.980482,0.903103
0.980877,0.903277
0.981271,0.90345
0.981666,0.903624
0.98206,0.903796
0.982455,0.903969
0.982849,0.904141
0.983244,0.904314
0.983639,0.904486
0.984033,0.904657
0.984428,0.904829
0.984822,0.905
0.985217,0.905171
0.985611,0.905342
0.986006,0.905512
0.9864,0.905682
0.986795,0.905852
0.98719,0.906022
0.987584,0.906192
0.987979,0.906361
0.988373,0.90653
0.988768,0.906699
0.989162,0.906867
0.989557,0.907036
0.989951,0.907204
0.990346,0.907372
0.990741,0.907539
0.991135,0.907707
0.99153,0.907874
0.991924,0.908041
0.992319,0.908207
0.992713,0.908374
0.993108,0.90854
0.993502,0.908706
0.993897,0.908872
0.994291,0.909037
0.994686,0.909202
0.995081,0.909367
0.995475,0.909532
0.99587,0.909697
0.996264,0.909861
0.996659,0.910025
0.997053,0.910189
0.997448,0.910353
0.997842,0.910516
0.998237,0.910679
0.998632,0.910842
0.999026,0.911005
0.999421,0.911167
0.999815,0.911329
1.00021,0.911491
1.0006,0.911653
1.001,0.911814
1.00139,0.911976
1.00179,0.912137
1.00218,0.912298
1.00258,0.912458
1.00297,0.912618
1.00337,0.912779
1.00376,0.912938
1.00416,0.913098
1.00455,0.913258
1.00494,0.913417
1.00534,0.913576
1.00573,0.913734
1.00613,0.913893
1.00652,0.914051
1.00692,0.914209
1.00731,0.914367
1.00771,0.914525
1.0081,0.914682
1.0085,0.914839
1.00889,0.914996
1.00928,0.915153
1.00968,0.915309
1.01007,0.915465
1.01047,0.915621
1.01086,0.915777
1.01126,0.915933
1.01165,0.916088
1.01205,0.916243
1.01244,0.916398
1.01284,0.916552
1.01323,0.916707
1.01362,0.916861
1.01402,0.917015
1.01441,0.917169
1.01481,0.917322
1.0152,0.917475
1.0156,0.917628
1.01599,0.917781
1.01639,0.917934
1.01678,0.918086
1.01718,0.918238
1.01757,0.91839
1.01796,0.918542
1.01836,0.918693
1.01875,0.918845
1.01915,0.918996
1.01954,0.919146
1.01994,0.919297
1.02033,0.919447
1.02073,0.919597
1.02112,0.919747
1.02152,0.919897
1.02191,0.920047
1.0223,0.920196
1.0227,0.920345
1.02309,0.920494
1.02349,0.920642
1.02388,0.92079
1.02428,0.920939
1.02467,0.921087
1.02507,0.921234
1.02546,0.921382
1.02586,0.921529
1.02625,0.921676
1.02664,0.921823
1.02704,0.921969
1.02743,0.922116
1.02783,0.922262
1.02822,0.922408
1.02862,0.922554
1.02901,0.922699
1.02941,0.922844
1.0298,0.922989
1.0302,0.923134
1.03059,0.923279
1.03098,0.923423
1.03138,0.923567
1.03177,0.923711
1.03217,0.923855
1.03256,0.923999
1.03296,0.924142
1.03335,0.924285
1.03375,0.924428
1.03414,0.924571
1.03454,0.924713
1.03493,0.924855
1.03532,0.924997
1.03572,0.925139
1.03611,0.925281
1.03651,0.925422
1.0369,0.925563
1.0373,0.925704
1.03769,0.925845
1.03809,0.925986
1.03848,0.926126
1.03888,0.926266
1.03927,0.926406
1.03966,0.926546
1.04006,0.926685
1.04045,0.926824
1.04085,0.926963
1.04124,0.927102
1.04164,0.927241
1.04203,0.927379
1.04243,0.927517
1.04282,0.927655
1.04322,0.927793
1.04361,0.927931
1.04401,0.928068
1.0444,0.928205
1.04479,0.928342
1.04519,0.928479
1.04558,0.928615
1.04598,0.928752
1.04637,0.928888
1.04677,0.929024
1.04716,0.929159
1.04756,0.929295
1.04795,0.92943
1.04835,0.929565
1.04874,0.9297
1.04913,0.929834
1.04953,0.929969
1.04992,0.930103
1.05032,0.930237
1.05071,0.930371
1.05111,0.930504
1.0515,0.930638
1.0519,0.930771
1.05229,0.930904
1.05269,0.931037
1.05308,0.931169
1.05347,0.931302
1.05387,0.931434
1.05426,0.931566
1.05466,0.931697
1.05505,0.931829
1.05545,0.93196
1.05584,0.932091
1.05624,0.932222
1.05663,0.932353
1.05703,0.932484
1.05742,0.932614
1.05781,0.932744
1.05821,0.932874
1.0586,0.933004
1.059,0.933133
1.05939,0.933262
1.05979,0.933391
1.06018,0.93352
1.06058,0.933649
1.06097,0.933778
1.06137,0.933906
1.06176,0.934034
1.06215,0.934162
1.06255,0.934289
1.06294,0.934417
1.06334,0.934544
1.06373,0.934671
1.06413,0.934798
1.06452,0.934925
1.06492,0.935051
1.06531,0.935178
1.06571,0.935304
1.0661,0.93543
1.06649,0.935555
1.06689,0.935681
1.06728,0.935806
1.06768,0.935931
1.06807,0.936056
1.06847,0.936181
1.06886,0.936305
1.06926,0.936429
1.06965,0.936554
1.07005,0.936677
1.07044,0.936801
1.07083,0.936925
1.07123,0.937048
1.07162,0.937171
1.07202,0.937294
1.07241,0.937417
1.07281,0.937539
1.0732,0.937662
1.0736,0.937784
1.07399,0.937906
1.07439,0.938027
1.07478,0.938149
1.07517,0.93827
1.07557,0.938391
1.07596,0.938512
1.07636,0.938633
1.07675,0.938754
1.07715,0.938874
1.07754,0.938994
1.07794,0.939114
1.07833,0.939234
1.07873,0.939354
1.07912,0.939473
1.07951,0.939592
1.07991,0.939711
1.0803,0.93983
1.0807,0.939949
1.08109,0.940067
1.08149,0.940186
1.08188,0.940304
1.08228,0.940422
1.08267,0.940539
1.08307,0.940657
1.08346,0.940774
1.08385,0.940891
1.08425,0.941008
1.08464,0.941125
1.08504,0.941242
1.08543,0.941358
1.08583,0.941474
1.08622,0.94159
1.08662,0.941706
1.08701,0.941822
1.08741,0.941937
1.0878,0.942052
1.08819,0.942167
1.08859,0.942282
1.08898,0.942397
1.08938,0.942511
1.08977,0.942626
1.09017,0.94274
1.09056,0.942854
1.09096,0.942968
1.09135,0.943081
1.09175,0.943195
1.09214,0.943308
1.09253,0.943421
1.09293,0.943534
1.09332,0.943646
1.09372,0.943759
1.09411,0.943871
1.09451,0.943983
1.0949,0.944095
1.0953,0.944207
1.09569,0.944318
1.09609,0.94443
1.09648,0.944541
1.09688,0.944652
1.09727,0.944763
1.09766,0.944873
1.09806,0.944984
1.09845,0.945094
1.09885,0.945204
1.09924,0.945314
1.09964,0.945424
1.10003,0.945533
1.10043,0.945643
1.10082,0.945752
1.10122,0.945861
1.10161,0.94597
1.102,0.946078
1.1024,0.946187
1.10279,0.946295
1.10319,0.946403
1.10358,0.946511
1.10398,0.946619
1.10437,0.946726
1.10477,0.946834
1.10516,0.946941
1.10556,0.947048
1.10595,0.947155
1.10634,0.947261
1.10674,0.947368
1.10713,0.947474
1.10753,0.94758
1.10792,0.947686
1.10832,0.947792
1.10871,0.947898
1.10911,0.948003
1.1095,0.948108
1.1099,0.948213
1.11029,0.948318
1.11068,0.948423
1.11108,0.948528
1.11147,0.948632
1.11187,0.948736
1.11226,0.94884
1.11266,0.948944
1.11305,0.949048
1.11345,0.949151
1.11384,0.949254
1.11424,0.949358
1.11463,0.949461
1.11502,0.949563
1.11542,0.949666
1.11581,0.949768
1.11621,0.949871
1.1166,0.949973
1.117,0.950075
1.11739,0.950177
1.11779,0.950278
1.11818,0.95038
1.11858,0.950481
1.11897,0.950582
1.11936,0.950683
1.11976,0.950784
1.12015,0.950884
1.12055,0.950985
1.12094,0.951085
1.12134,0.951185
1.12173,0.951285
1.12213,0.951384
1.12252,0.951484
1.12292,0.951583
1.12331,0.951683
1.1237,0.951782
1.1241,0.951881
1.12449,0.951979
1.12489,0.952078
1.12528,0.952176
1.12568,0.952274
1.12607,0.952372
1.12647,0.95247
1.12686,0.952568
1.12726,0.952666
1.12765,0.952763
1.12804,0.95286
1.12844,0.952957
1.12883,0.953054
1.12923,0.953151
1.12962,0.953247
1.13002,0.953344
1.13041,0.95344
1.13081,0.953536
1.1312,0.953632
1.1316,0.953727
1.13199,0.953823
1.13238,0.953918
1.13278,0.954014
1.13317,0.954109
1.13357,0.954204
1.13396,0.954298
1.13436,0.954393
1.13475,0.954487
1.13515,0.954581
1.13554,0.954676
1.13594,0.954769
1.13633,0.954863
1.13672,0.954957
1.13712,0.95505
1.13751,0.955143
1.13791,0.955237
1.1383,0.95533
1.1387,0.955422
1.13909,0.955515
1.13949,0.955607
1.13988,0.9557
1.14028,0.955792
1.14067,0.955884
1.14106,0.955976
1.14146,0.956067
1.14185,0.956159
1.14225,0.95625
1.14264,0.956341
1.14304,0.956432
1.14343,0.956523
1.14383,0.956614
1.14422,0.956704
1.14462,0.956795
1.14501,0.956885
1.14541,0.956975
1.1458,0.957065
1.14619,0.957155
1.14659,0.957244
1.14698,0.957334
1.14738,0.957423
1.14777,0.957512
1.14817,0.957601
1.14856,0.95769
1.14896,0.957779
1.14935,0.957867
1.14975,0.957956
1.15014,0.958044
1.15053,0.958132
1.15093,0.95822
1.15132,0.958307
1.15172,0.958395
1.15211,0.958482
1.15251,0.95857
1.1529,0.958657
1.1533,0.958744
1.15369,0.958831
1.15409,0.958917
1.15448,0.959004
1.15487,0.95909
1.15527,0.959176
1.15566,0.959262
1.15606,0.959348
1.15645,0.959434
1.15685,0.95952
1.15724,0.959605
1.15764,0.95969
1.15803,0.959775
1.15843,0.95986
1.15882,0.959945
1.15921,0.96003
1.15961,0.960114
1.16,0.960199
1.1604,0.960283
1.16079,0.960367
1.16119,0.960451
1.16158,0.960535
1.16198,0.960618
1.16237,0.960702
1.16277,0.960785
1.16316,0.960868
1.16355,0.960952
1.16395,0.961034
1.16434,0.961117
1.16474,0.9612
1.16513,0.961282
1.16553,0.961364
1.16592,0.961447
1.16632,0.961529
1.16671,0.961611
1.16711,0.961692
1.1675,0.961774
1.16789,0.961855
1.16829,0.961936
1.16868,0.962018
1.16908,0.962099
1.16947,0.962179
1.16987,0.96226
1.17026,0.962341
1.17066,0.962421
1.17105,0.962501
1.17145,0.962581
1.17184,0.962661
1.17223,0.962741
1.17263,0.962821
1.17302,0.9629
1.17342,0.96298
1.17381,0.963059
1.17421,0.963138
1.1746,0.963217
1.175,0.963296
1.17539,0.963375
1.17579,0.963453
1.17618,0.963531
1.17657,0.96361
1.17697,0.963688
1.17736,0.963766
1.17776,0.963844
1.17815,0.963921
1.17855,0.963999
1.17894,0.964076
1.17934,0.964153
1.17973,0.964231
1.18013,0.964308
1.18052,0.964384
1.18091,0.964461
1.18131,0.964538
1.1817,0.964614
1.1821,0.96469
1.18249,0.964766
1.18289,0.964842
1.18328,0.964918
1.18368,0.964994
1.18407,0.96507
1.18447,0.965145
1.18486,0.96522
1.18525,0.965296
1.18565,0.965371
1.18604,0.965446
1.18644,0.96552
1.18683,0.965595
1.18723,0.965669
1.18762,0.965744
1.18802,0.965818
1.18841,0.965892
1.18881,0.965966
1.1892,0.96604
1.18959,0.966113
1.18999,0.966187
1.19038,0.96626
1.19078,0.966334
1.19117,0.966407
1.19157,0.96648
1.19196,0.966553
1.19236,0.966625
1.19275,0.966698
1.19315,0.96677
1.19354,0.966843
1.19393,0.966915
1.19433,0.966987
1.19472,0.967059
1.19512,0.967131
1.19551,0.967202
1.19591,0.967274
1.1963,0.967345
1.1967,0.967416
1.19709,0.967487
1.19749,0.967558
1.19788,0.967629
1.19828,0.9677
1.19867,0.967771
1.19906,0.967841
1.19946,0.967911
1.19985,0.967982
1.20025,0.968052
1.20064,0.968122
1.20104,0.968191
1.20143,0.968261
1.20183,0.968331
1.20222,0.9684
1.20262,0.968469
1.20301,0.968539
1.2034,0.968608
1.2038,0.968677
1.20419,0.968745
1.20459,0.968814
1.20498,0.968882
1.20538,0.968951
1.20577,0.969019
1.20617,0.969087
1.20656,0.969155
1.20696,0.969223
1.20735,0.969291
1.20774,0.969358
1.20814,0.969426
1.20853,0.969493
1.20893,0.969561
1.20932,0.969628
1.20972,0.969695
1.21011,0.969762
1.21051,0.969828
1.2109,0.969895
1.2113,0.969961
1.21169,0.970028
1.21208,0.970094
1.21248,0.97016
1.21287,0.970226
1.21327,0.970292
1.21366,0.970358
1.21406,0.970423
1.21445,0.970489
1.21485,0.970554
1.21524,0.970619
1.21564,0.970685
1.21603,0.970749
1.21642,0.970814
1.21682,0.970879
1.21721,0.970944
1.21761,0.971008
1.218,0.971073
1.2184,0.971137
1.21879,0.971201
1.21919,0.971265
1.21958,0.971329
1.21998,0.971393
1.22037,0.971456
1.22076,0.97152
1.22116,0.971583
1.22155,0.971647
1.22195,0.97171
1.22234,0.971773
1.22274,0.971836
1.22313,0.971898
1.22353,0.971961
1.22392,0.972024
1.22432,0.972086
1.22471,0.972149
1.2251,0.972211
1.2255,0.972273
1.22589,0.972335
1.22629,0.972397
1.22668,0.972458
1.22708,0.97252
1.22747,0.972581
1.22787,0.972643
1.22826,0.972704
1.22866,0.972765
1.22905,0.972826
1.22944,0.972887
1.22984,0.972948
1.23023,0.973009
1.23063,0.973069
1.23102,0.97313
1.23142,0.97319
1.23181,0.97325
1.23221,0.97331
1.2326,0.97337
1.233,0.97343
1.23339,0.97349
1.23378,0.973549
1.23418,0.973609
1.23457,0.973668
1.23497,0.973728
1.23536,0.973787
1.23576,0.973846
1.23615,0.973905
1.23655,0.973964
1.23694,0.974022
1.23734,0.974081
1.23773,0.974139
1.23812,0.974198
1.23852,0.974256
1.23891,0.974314
1.23931,0.974372
1.2397,0.97443
1.2401,0.974488
1.24049,0.974546
1.24089,0.974603
1.24128,0.974661
1.24168,0.974718
1.24207,0.974775
1.24246,0.974832
1.24286,0.974889
1.24325,0.974946
1.24365,0.975003
1.24404,0.97506
1.24444,0.975116
1.24483,0.975173
1.24523,0.975229
1.24562,0.975285
1.24602,0.975342
1.24641,0.975398
1.2468,0.975454
1.2472,0.975509
1.24759,0.975565
1.24799,0.975621
1.24838,0.975676
1.24878,0.975731
1.24917,0.975787
1.24957,0.975842
1.24996,0.975897
1.25036,0.975952
1.25075,0.976007
1.25115,0.976061
1.25154,0.976116
1.25193,0.976171
1.25233,0.976225
1.25272,0.976279
1.25312,0.976333
1.25351,0.976387
1.25391,0.976441
1.2543,0.976495
1.2547,0.976549
1.25509,0.976603
1.25549,0.976656
1.25588,0.97671
1.25627,0.976763
1.25667,0.976816
1.25706,0.976869
1.25746,0.976922
1.25785,0.976975
1.25825,0.977028
1.25864,0.977081
1.25904,0.977133
1.25943,0.977186
1.25983,0.977238
1.26022,0.977291
1.26061,0.977343
1.26101,0.977395
1.2614,0.977447
1.2618,0.977499
1.26219,0.977551
1.26259,0.977602
1.26298,0.977654
1.26338,0.977705
1.26377,0.977757
1.26417,0.977808
1.26456,0.977859
1.26495,0.97791
1.26535,0.977961
1.26574,0.978012
1.26614,0.978063
1.26653,0.978113
1.26693,0.978164
1.26732,0.978214
1.26772,0.978265
1.26811,0.978315
1.26851,0.978365
1.2689,0.978415
1.26929,0.978465
1.26969,0.978515
1.27008,0.978564
1.27048,0.978614
1.27087,0.978664
1.27127,0.978713
1.27166,0.978762
1.27206,0.978812
1.27245,0.978861
1.27285,0.97891
1.27324,0.978959
1.27363,0.979008
1.27403,0.979056
1.27442,0.979105
1.27482,0.979154
1.27521,0.979202
1.27561,0.97925
1.276,0.979299
1.2764,0.979347
1.27679,0.979395
1.27719,0.979443
1.27758,0.979491
1.27797,0.979538
1.27837,0.979586
1.27876,0.979634
1.27916,0.979681
1.27955,0.979729
1.27995,0.979776
1.28034,0.979823
1.28074,0.97987
1.28113,0.979917
1.28153,0.979964
1.28192,0.980011
1.28231,0.980058
1.28271,0.980104
1.2831,0.980151
1.2835,0.980197
1.28389,0.980244
1.28429,0.98029
1.28468,0.980336
1.28508,0.980382
1.28547,0.980428
1.28587,0.980474
1.28626,0.98052
1.28665,0.980565
1.28705,0.980611
1.28744,0.980656
1.28784,0.980702
1.28823,0.980747
1.28863,0.980792
1.28902,0.980837
1.28942,0.980882
1.28981,0.980927
1.29021,0.980972
1.2906,0.981017
1.29099,0.981062
1.29139,0.981106
1.29178,0.981151
1.29218,0.981195
1.29257,0.981239
1.29297,0.981284
1.29336,0.981328
1.29376,0.981372
1.29415,0.981416
1.29455,0.98146
1.29494,0.981503
1.29533,0.981547
1.29573,0.981591
1.29612,0.981634
1.29652,0.981677
1.29691,0.981721
1.29731,0.981764
1.2977,0.981807
1.2981,0.98185
1.29849,0.981893
1.29889,0.981936
1.29928,0.981979
1.29967,0.982021
1.30007,0.982064
1.30046,0.982107
1.30086,0.982149
1.30125,0.982191
1.30165,0.982234
1.30204,0.982276
1.30244,0.982318
1.30283,0.98236
1.30323,0.982402
1.30362,0.982443
1.30402,0.982485
1.30441,0.982527
1.3048,0.982568
1.3052,0.98261
1.30559,0.982651
1.30599,0.982692
1.30638,0.982734
1.30678,0.982775
1.30717,0.982816
1.30757,0.982857
1.30796,0.982898
1.30836,0.982938
1.30875,0.982979
1.30914,0.98302
1.30954,0.98306
1.30993,0.983101
1.31033,0.983141
1.31072,0.983181
1.31112,0.983222
1.31151,0.983262
1.31191,0.983302
1.3123,0.983342
1.3127,0.983381
1.31309,0.983421
1.31348,0.983461
1.31388,0.9835
1.31427,0.98354
1.31467,0.983579
1.31506,0.983619
1.31546,0.983658
1.31585,0.983697
1.31625,0.983736
1.31664,0.983775
1.31704,0.983814
1.31743,0.983853
1.31782,0.983892
1.31822,0.983931
1.31861,0.983969
1.31901,0.984008
1.3194,0.984046
1.3198,0.984085
1.32019,0.984123
1.32059,0.984161
1.32098,0.984199
1.32138,0.984237
1.32177,0.984275
1.32216,0.984313
1.32256,0.984351
1.32295,0.984389
1.32335,0.984426
1.32374,0.984464
1.32414,0.984501
1.32453,0.984539
1.32493,0.984576
1.32532,0.984613
1.32572,0.984651
1.32611,0.984688
1.3265,0.984725
1.3269,0.984762
1.32729,0.984798
1.32769,0.984835
1.32808,0.984872
1.32848,0.984909
1.32887,0.984945
1.32927,0.984982
1.32966,0.985018
1.33006,0.985054
1.33045,0.985091
1.33084,0.985127
1.33124,0.985163
1.33163,0.985199
1.33203,0.985235
1.33242,0.985271
1.33282,0.985306
1.33321,0.985342
1.33361,0.985378
1.334,0.985413
1.3344,0.985449
1.33479,0.985484
1.33518,0.985519
1.33558,0.985555
1.33597,0.98559
1.33637,0.985625
1.33676,0.98566
1.33716,0.985695
1.33755,0.98573
1.33795,0.985764
1.33834,0.985799
1.33874,0.985834
1.33913,0.985868
1.33952,0.985903
1.33992,0.985937
1.34031,0.985972
1.34071,0.986006
1.3411,0.98604
1.3415,0.986074
1.34189,0.986108
1.34229,0.986142
1.34268,0.986176
1.34308,0.98621
1.34347,0.986244
1.34386,0.986277
1.34426,0.986311
1.34465,0.986345
1.34505,0.986378
1.34544,0.986411
1.34584,0.986445
1.34623,0.986478
1.34663,0.986511
1.34702,0.986544
1.34742,0.986577
1.34781,0.98661
1.3482,0.986643
1.3486,0.986676
1.34899,0.986709
1.34939,0.986741
1.34978,0.986774
1.35018,0.986807
1.35057,0.986839
1.35097,0.986871
1.35136,0.986904
1.35176,0.986936
1.35215,0.986968
1.35254,0.987
1.35294,0.987032
1.35333,0.987064
1.35373,0.987096
1.35412,0.987128
1.35452,0.98716
1.35491,0.987192
1.35531,0.987223
1.3557,0.987255
1.3561,0.987286
1.35649,0.987318
1.35689,0.987349
1.35728,0.98738
1.35767,0.987412
1.35807,0.987443
1.35846,0.987474
1.35886,0.987505
1.35925,0.987536
1.35965,0.987567
1.36004,0.987597
1.36044,0.987628
1.36083,0.987659
1.36123,0.98769
1.36162,0.98772
1.36201,0.987751
1.36241,0.987781
1.3628,0.987811
1.3632,0.987842
1.36359,0.987872
1.36399,0.987902
1.36438,0.987932
1.36478,0.987962
1.36517,0.987992
1.36557,0.988022
1.36596,0.988052
1.36635,0.988081
1.36675,0.988111
1.36714,0.988141
1.36754,0.98817
1.36793,0.9882
1.36833,0.988229
1.36872,0.988258
1.36912,0.988288
1.36951,0.988317
1.36991,0.988346
1.3703,0.988375
1.37069,0.988404
1.37109,0.988433
1.37148,0.988462
1.37188,0.988491
1.37227,0.98852
1.37267,0.988548
1.37306,0.988577
1.37346,0.988606
1.37385,0.988634
1.37425,0.988663
1.37464,0.988691
1.37503,0.988719
1.37543,0.988748
1.37582,0.988776
1.37622,0.988804
1.37661,0.988832
1.37701,0.98886
1.3774,0.988888
1.3778,0.988916
1.37819,0.988944
1.37859,0.988972
1.37898,0.988999
1.37937,0.989027
1.37977,0.989055
1.38016,0.989082
1.38056,0.98911
1.38095,0.989137
1.38135,0.989164
1.38174,0.989192
1.38214,0.989219
1.38253,0.989246
1.38293,0.989273
1.38332,0.9893
1.38371,0.989327
1.38411,0.989354
1.3845,0.989381
1.3849,0.989408
1.38529,0.989434
1.38569,0.989461
1.38608,0.989488
1.38648,0.989514
1.38687,0.989541
1.38727,0.989567
1.38766,0.989593
1.38805,0.98962
1.38845,0.989646
1.38884,0.989672
1.38924,0.989698
1.38963,0.989724
1.39003,0.98975
1.39042,0.989776
1.39082,0.989802
1.39121,0.989828
1.39161,0.989854
1.392,0.98988
1.39239,0.989905
1.39279,0.989931
1.39318,0.989957
1.39358,0.989982
1.39397,0.990008
1.39437,0.990033
1.39476,0.990058
1.39516,0.990083
1.39555,0.990109
1.39595,0.990134
1.39634,0.990159
1.39673,0.990184
1.39713,0.990209
1.39752,0.990234
1.39792,0.990259
1.39831,0.990284
1.39871,0.990308
1.3991,0.990333
1.3995,0.990358
1.39989,0.990382
1.40029,0.990407
1.40068,0.990431
1.40107,0.990456
1.40147,0.99048
1.40186,0.990504
1.40226,0.990529
1.40265,0.990553
1.40305,0.990577
1.40344,0.990601
1.40384,0.990625
1.40423,0.990649
1.40463,0.990673
1.40502,0.990697
1.40541,0.990721
1.40581,0.990745
1.4062,0.990768
1.4066,0.990792
1.40699,0.990816
1.40739,0.990839
1.40778,0.990863
1.40818,0.990886
1.40857,0.990909
1.40897,0.990933
1.40936,0.990956
1.40976,0.990979
1.41015,0.991002
1.41054,0.991026
1.41094,0.991049
1.41133,0.991072
1.41173,0.991095
1.41212,0.991117
1.41252,0.99114
1.41291,0.991163
1.41331,0.991186
1.4137,0.991209
1.4141,0.991231
1.41449,0.991254
1.41488,0.991276
1.41528,0.991299
1.41567,0.991321
1.41607,0.991344
1.41646,0.991366
1.41686,0.991388
1.41725,0.991411
1.41765,0.991433
1.41804,0.991455
1.41844,0.991477
1.41883,0.991499
1.41922,0.991521
1.41962,0.991543
1.42001,0.991565
1.42041,0.991587
1.4208,0.991608
1.4212,0.99163
1.42159,0.991652
1.42199,0.991673
1.42238,0.991695
1.42278,0.991717
1.42317,0.991738
1.42356,0.991759
1.42396,0.991781
1.42435,0.991802
1.42475,0.991823
1.42514,0.991845
1.42554,0.991866
1.42593,0.991887
1.42633,0.991908
1.42672,0.991929
1.42712,0.99195
1.42751,0.991971
1.4279,0.991992
1.4283,0.992013
1.42869,0.992033
1.42909,0.992054
1.42948,0.992075
1.42988,0.992096
1.43027,0.992116
1.43067,0.992137
1.43106,0.992157
1.43146,0.992178
1.43185,0.992198
1.43224,0.992218
1.43264,0.992239
1.43303,0.992259
1.43343,0.992279
1.43382,0.992299
1.43422,0.992319
1.43461,0.99234
1.43501,0.99236
1.4354,0.99238
1.4358,0.992399
1.43619,0.992419
1.43658,0.992439
1.43698,0.992459
1.43737,0.992479
1.43777,0.992498
1.43816,0.992518
1.43856,0.992538
1.43895,0.992557
1.43935,0.992577
1.43974,0.992596
1.44014,0.992616
1.44053,0.992635
1.44092,0.992654
1.44132,0.992674
1.44171,0.992693
1.44211,0.992712
1.4425,0.992731
1.4429,0.99275
1.44329,0.992769
1.44369,0.992788
1.44408,0.992807
1.44448,0.992826
1.44487,0.992845
1.44526,0.992864
1.44566,0.992883
1.44605,0.992902
1.44645,0.99292
1.44684,0.992939
1.44724,0.992958
1.44763,0.992976
1.44803,0.992995
1.44842,0.993013
1.44882,0.993032
1.44921,0.99305
1.4496,0.993068
1.45,0.993087
1.45039,0.993105
1.45079,0.993123
1.45118,0.993141
1.45158,0.993159
1.45197,0.993178
1.45237,0.993196
1.45276,0.993214
1.45316,0.993232
1.45355,0.993249
1.45394,0.993267
1.45434,0.993285
1.45473,0.993303
1.45513,0.993321
1.45552,0.993338
1.45592,0.993356
1.45631,0.993374
1.45671,0.993391
1.4571,0.993409
1.4575,0.993426
1.45789,0.993444
1.45828,0.993461
1.45868,0.993479
1.45907,0.993496
1.45947,0.993513
1.45986,0.99353
1.46026,0.993548
1.46065,0.993565
1.46105,0.993582
1.46144,0.993599
1.46184,0.993616
1.46223,0.993633
1.46263,0.99365
1.46302,0.993667
1.46341,0.993684
1.46381,0.993701
1.4642,0.993718
1.4646,0.993734
1.46499,0.993751
1.46539,0.993768
1.46578,0.993784
1.46618,0.993801
1.46657,0.993817
1.46697,0.993834
1.46736,0.99385
1.46775,0.993867
1.46815,0.993883
1.46854,0.9939
1.46894,0.993916
1.46933,0.993932
1.46973,0.993949
1.47012,0.993965
1.47052,0.993981
1.47091,0.993997
1.47131,0.994013
1.4717,0.994029
1.47209,0.994045
1.47249,0.994061
1.47288,0.994077
1.47328,0.994093
1.47367,0.994109
1.47407,0.994125
1.47446,0.99414
1.47486,0.994156
1.47525,0.994172
1.47565,0.994188
1.47604,0.994203
1.47643,0.994219
1.47683,0.994234
1.47722,0.99425
1.47762,0.994265
1.47801,0.994281
1.47841,0.994296
1.4788,0.994311
1.4792,0.994327
1.47959,0.994342
1.47999,0.994357
1.48038,0.994373
1.48077,0.994388
1.48117,0.994403
1.48156,0.994418
1.48196,0.994433
1.48235,0.994448
1.48275,0.994463
1.48314,0.994478
1.48354,0.994493
1.48393,0.994508
1.48433,0.994523
1.48472,0.994538
1.48511,0.994552
1.48551,0.994567
1.4859,0.994582
1.4863,0.994596
1.48669,0.994611
1.48709,0.994626
1.48748,0.99464
1.48788,0.994655
1.48827,0.994669
1.48867,0.994684
1.48906,0.994698
1.48945,0.994712
1.48985,0.994727
1.49024,0.994741
1.49064,0.994755
1.49103,0.99477
1.49143,0.994784
1.49182,0.994798
1.49222,0.994812
1.49261,0.994826
1.49301,0.99484
1.4934,0.994854
1.49379,0.994868
1.49419,0.994882
1.49458,0.994896
1.49498,0.99491
1.49537,0.994924
1.49577,0.994938
1.49616,0.994952
1.49656,0.994965
1.49695,0.994979
1.49735,0.994993
1.49774,0.995006
1.49813,0.99502
1.49853,0.995034
1.49892,0.995047
1.49932,0.995061
1.49971,0.995074
1.50011,0.995088
1.5005,0.995101
1.5009,0.995115
1.50129,0.995128
1.50169,0.995141
1.50208,0.995155
1.50247,0.995168
1.50287,0.995181
1.50326,0.995194
1.50366,0.995207
1.50405,0.995221
1.50445,0.995234
1.50484,0.995247
1.50524,0.99526
1.50563,0.995273
1.50603,0.995286
1.50642,0.995299
1.50681,0.995311
1.50721,0.995324
1.5076,0.995337
1.508,0.99535
1.50839,0.995363
1.50879,0.995376
1.50918,0.995388
1.50958,0.995401
1.50997,0.995414
1.51037,0.995426
1.51076,0.995439
1.51115,0.995451
1.51155,0.995464
1.51194,0.995476
1.51234,0.995489
1.51273,0.995501
1.51313,0.995514
1.51352,0.995526
1.51392,0.995538
1.51431,0.995551
1.51471,0.995563
1.5151,0.995575
1.5155,0.995587
1.51589,0.9956
1.51628,0.995612
1.51668,0.995624
1.51707,0.995636
1.51747,0.995648
1.51786,0.99566
1.51826,0.995672
1.51865,0.995684
1.51905,0.995696
1.51944,0.995708
1.51984,0.99572
1.52023,0.995732
1.52062,0.995743
1.52102,0.995755
1.52141,0.995767
1.52181,0.995779
1.5222,0.99579
1.5226,0.995802
1.52299,0.995814
1.52339,0.995825
1.52378,0.995837
1.52418,0.995848
1.52457,0.99586
1.52496,0.995871
1.52536,0.995883
1.52575,0.995894
1.52615,0.995906
1.52654,0.995917
1.52694,0.995929
1.52733,0.99594
1.52773,0.995951
1.52812,0.995962
1.52852,0.995974
1.52891,0.995985
1.5293,0.995996
1.5297,0.996007
1.53009,0.996018
1.53049,0.996029
1.53088,0.996041
1.53128,0.996052
1.53167,0.996063
1.53207,0.996074
1.53246,0.996085
1.53286,0.996095
1.53325,0.996106
1.53364,0.996117
1.53404,0.996128
1.53443,0.996139
1.53483,0.99615
1.53522,0.99616
1.53562,0.996171
1.53601,0.996182
1.53641,0.996193
1.5368,0.996203
1.5372,0.996214
1.53759,0.996224
1.53798,0.996235
1.53838,0.996246
1.53877,0.996256
1.53917,0.996267
1.53956,0.996277
1.53996,0.996288
1.54035,0.996298
1.54075,0.996308
1.54114,0.996319
1.54154,0.996329
1.54193,0.996339
1.54232,0.99635
1.54272,0.99636
1.54311,0.99637
1.54351,0.99638
1.5439,0.99639
1.5443,0.996401
1.54469,0.996411
1.54509,0.996421
1.54548,0.996431
1.54588,0.996441
1.54627,0.996451
1.54666,0.996461
1.54706,0.996471
1.54745,0.996481
1.54785,0.996491
1.54824,0.996501
1.54864,0.996511
1.54903,0.99652
1.54943,0.99653
1.54982,0.99654
1.55022,0.99655
1.55061,0.99656
1.551,0.996569
1.5514,0.996579
1.55179,0.996589
1.55219,0.996598
1.55258,0.996608
1.55298,0.996617
1.55337,0.996627
1.55377,0.996637
1.55416,0.996646
1.55456,0.996656
1.55495,0.996665
1.55534,0.996675
1.55574,0.996684
1.55613,0.996693
1.55653,0.996703
1.55692,0.996712
1.55732,0.996721
1.55771,0.996731
1.55811,0.99674
1.5585,0.996749
1.5589,0.996758
1.55929,0.996768
1.55968,0.996777
1.56008,0.996786
1.56047,0.996795
1.56087,0.996804
1.56126,0.996813
1.56166,0.996822
1.56205,0.996831
1.56245,0.99684
1.56284,0.996849
1.56324,0.996858
1.56363,0.996867
1.56402,0.996876
1.56442,0.996885
1.56481,0.996894
1.56521,0.996903
1.5656,0.996912
1.566,0.996921
1.56639,0.996929
1.56679,0.996938
1.56718,0.996947
1.56758,0.996956
1.56797,0.996964
1.56837,0.996973
1.56876,0.996982
1.56915,0.99699
1.56955,0.996999
1.56994,0.997007
1.57034,0.997016
1.57073,0.997024
1.57113,0.997033
1.57152,0.997041
1.57192,0.99705
1.57231,0.997058
1.57271,0.997067
1.5731,0.997075
1.57349,0.997084
1.57389,0.997092
1.57428,0.9971
1.57468,0.997109
1.57507,0.997117
1.57547,0.997125
1.57586,0.997133
1.57626,0.997142
1.57665,0.99715
1.57705,0.997158
1.57744,0.997166
1.57783,0.997174
1.57823,0.997182
1.57862,0.997191
1.57902,0.997199
1.57941,0.997207
1.57981,0.997215
1.5802,0.997223
1.5806,0.997231
1.58099,0.997239
1.58139,0.997247
1.58178,0.997255
1.58217,0.997262
1.58257,0.99727
1.58296,0.997278
1.58336,0.997286
1.58375,0.997294
1.58415,0.997302
1.58454,0.99731
1.58494,0.997317
1.58533,0.997325
1.58573,0.997333
1.58612,0.99734
1.58651,0.997348
1.58691,0.997356
1.5873,0.997363
1.5877,0.997371
1.58809,0.997379
1.58849,0.997386
1.58888,0.997394
1.58928,0.997401
1.58967,0.997409
1.59007,0.997416
1.59046,0.997424
1.59085,0.997431
1.59125,0.997439
1.59164,0.997446
1.59204,0.997454
1.59243,0.997461
1.59283,0.997468
1.59322,0.997476
1.59362,0.997483
1.59401,0.99749
1.59441,0.997498
1.5948,0.997505
1.59519,0.997512
1.59559,0.997519
1.59598,0.997527
1.59638,0.997534
1.59677,0.997541
1.59717,0.997548
1.59756,0.997555
1.59796,0.997562
1.59835,0.997569
1.59875,0.997576
1.59914,0.997584
1.59953,0.997591
1.59993,0.997598
1.60032,0.997605
1.60072,0.997612
1.60111,0.997619
1.60151,0.997626
1.6019,0.997632
1.6023,0.997639
1.60269,0.997646
1.60309,0.997653
1.60348,0.99766
1.60387,0.997667
1.60427,0.997674
1.60466,0.99768
1.60506,0.997687
1.60545,0.997694
1.60585,0.997701
1.60624,0.997707
1.60664,0.997714
1.60703,0.997721
1.60743,0.997727
1.60782,0.997734
1.60821,0.997741
1.60861,0.997747
1.609,0.997754
1.6094,0.997761
1.60979,0.997767
1.61019,0.997774
1.61058,0.99778
1.61098,0.997787
1.61137,0.997793
1.61177,0.9978
1.61216,0.997806
1.61255,0.997813
1.61295,0.997819
1.61334,0.997825
1.61374,0.997832
1.61413,0.997838
1.61453,0.997845
1.61492,0.997851
1.61532,0.997857
1.61571,0.997864
1.61611,0.99787
1.6165,0.997876
1.61689,0.997882
1.61729,0.997889
1.61768,0.997895
1.61808,0.997901
1.61847,0.997907
1.61887,0.997913
1.61926,0.997919
1.61966,0.997926
1.62005,0.997932
1.62045,0.997938
1.62084,0.997944
1.62124,0.99795
1.62163,0.997956
1.62202,0.997962
1.62242,0.997968
1.62281,0.997974
1.62321,0.99798
1.6236,0.997986
1.624,0.997992
1.62439,0.997998
1.62479,0.998004
1.62518,0.99801
1.62558,0.998016
1.62597,0.998022
1.62636,0.998027
1.62676,0.998033
1.62715,0.998039
1.62755,0.998045
1.62794,0.998051
1.62834,0.998056
1.62873,0.998062
1.62913,0.998068
1.62952,0.998074
1.62992,0.998079
1.63031,0.998085
1.6307,0.998091
1.6311,0.998096
1.63149,0.998102
1.63189,0.998108
1.63228,0.998113
1.63268,0.998119
1.63307,0.998125
1.63347,0.99813
1.63386,0.998136
1.63426,0.998141
1.63465,0.998147
1.63504,0.998152
1.63544,0.998158
1.63583,0.998163
1.63623,0.998169
1.63662,0.998174
1.63702,0.99818
1.63741,0.998185
1.63781,0.998191
1.6382,0.998196
1.6386,0.998201
1.63899,0.998207
1.63938,0.998212
1.63978,0.998217
1.64017,0.998223
1.64057,0.998228
1.64096,0.998233
1.64136,0.998239
1.64175,0.998244
1.64215,0.998249
1.64254,0.998254
1.64294,0.99826
1.64333,0.998265
1.64372,0.99827
1.64412,0.998275
1.64451,0.99828
1.64491,0.998285
1.6453,0.998291
1.6457,0.998296
1.64609,0.998301
1.64649,0.998306
1.64688,0.998311
1.64728,0.998316
1.64767,0.998321
1.64806,0.998326
1.64846,0.998331
1.64885,0.998336
1.64925,0.998341
1.64964,0.998346
1.65004,0.998351
1.65043,0.998356
1.65083,0.998361
1.65122,0.998366
1.65162,0.998371
1.65201,0.998376
1.6524,0.998381
1.6528,0.998386
1.65319,0.99839
1.65359,0.998395
1.65398,0.9984
1.65438,0.998405
1.65477,0.99841
1.65517,0.998414
1.65556,0.998419
1.65596,0.998424
1.65635,0.998429
1.65674,0.998434
1.65714,0.998438
1.65753,0.998443
1.65793,0.998448
1.65832,0.998452
1.65872,0.998457
1.65911,0.998462
1.65951,0.998466
1.6599,0.998471
1.6603,0.998476
1.66069,0.99848
1.66108,0.998485
1.66148,0.998489
1.66187,0.998494
1.66227,0.998499
1.66266,0.998503
1.66306,0.998508
1.66345,0.998512
1.66385,0.998517
1.66424,0.998521
1.66464,0.998526
1.66503,0.99853
1.66542,0.998535
1.66582,0.998539
1.66621,0.998543
1.66661,0.998548
1.667,0.998552
1.6674,0.998557
1.66779,0.998561
1.66819,0.998565
1.66858,0.99857
1.66898,0.998574
1.66937,0.998578
1.66976,0.998583
1.67016,0.998587
1.67055,0.998591
1.67095,0.998596
1.67134,0.9986
1.67174,0.998604
1.67213,0.998608
1.67253,0.998613
1.67292,0.998617
1.67332,0.998621
1.67371,0.998625
1.67411,0.998629
1.6745,0.998634
1.67489,0.998638
1.67529,0.998642
1.67568,0.998646
1.67608,0.99865
1.67647,0.998654
1.67687,0.998658
1.67726,0.998663
1.67766,0.998667
1.67805,0.998671
1.67845,0.998675
1.67884,0.998679
1.67923,0.998683
1.67963,0.998687
1.68002,0.998691
1.68042,0.998695
1.68081,0.998699
1.68121,0.998703
1.6816,0.998707
1.682,0.998711
1.68239,0.998715
1.68279,0.998719
1.68318,0.998723
1.68357,0.998727
1.68397,0.99873
1.68436,0.998734
1.68476,0.998738
1.68515,0.998742
1.68555,0.998746
1.68594,0.99875
1.68634,0.998754
1.68673,0.998758
1.68713,0.998761
1.68752,0.998765
1.68791,0.998769
1.68831,0.998773
1.6887,0.998776
1.6891,0.99878
1.68949,0.998784
1.68989,0.998788
1.69028,0.998791
1.69068,0.998795
1.69107,0.998799
1.69147,0.998803
1.69186,0.998806
1.69225,0.99881
1.69265,0.998814
1.69304,0.998817
1.69344,0.998821
1.69383,0.998825
1.69423,0.998828
1.69462,0.998832
1.69502,0.998835
1.69541,0.998839
1.69581,0.998843
1.6962,0.998846
1.69659,0.99885
1.69699,0.998853
1.69738,0.998857
1.69778,0.99886
1.69817,0.998864
1.69857,0.998867
1.69896,0.998871
1.69936,0.998874
1.69975,0.998878
1.70015,0.998881
1.70054,0.998885
1.70093,0.998888
1.70133,0.998892
1.70172,0.998895
1.70212,0.998899
1.70251,0.998902
1.70291,0.998905
1.7033,0.998909
1.7037,0.998912
1.70409,0.998916
1.70449,0.998919
1.70488,0.998922
1.70527,0.998926
1.70567,0.998929
1.70606,0.998932
1.70646,0.998936
1.70685,0.998939
1.70725,0.998942
1.70764,0.998945
1.70804,0.998949
1.70843,0.998952
1.70883,0.998955
1.70922,0.998959
1.70961,0.998962
1.71001,0.998965
1.7104,0.998968
1.7108,0.998971
1.71119,0.998975
1.71159,0.998978
1.71198,0.998981
1.71238,0.998984
1.71277,0.998987
1.71317,0.998991
1.71356,0.998994
1.71395,0.998997
1.71435,0.999
1.71474,0.999003
1.71514,0.999006
1.71553,0.999009
1.71593,0.999012
1.71632,0.999015
1.71672,0.999019
1.71711,0.999022
1.71751,0.999025
1.7179,0.999028
1.71829,0.999031
1.71869,0.999034
1.71908,0.999037
1.71948,0.99904
1.71987,0.999043
1.72027,0.999046
1.72066,0.999049
1.72106,0.999052
1.72145,0.999055
1.72185,0.999058
1.72224,0.999061
1.72263,0.999064
1.72303,0.999067
1.72342,0.99907
1.72382,0.999072
1.72421,0.999075
1.72461,0.999078
1.725,0.999081
1.7254,0.999084
1.72579,0.999087
1.72619,0.99909
1.72658,0.999093
1.72698,0.999096
1.72737,0.999098
1.72776,0.999101
1.72816,0.999104
1.72855,0.999107
1.72895,0.99911
1.72934,0.999112
1.72974,0.999115
1.73013,0.999118
1.73053,0.999121
1.73092,0.999124
1.73132,0.999126
1.73171,0.999129
1.7321,0.999132
1.7325,0.999135
1.73289,0.999137
1.73329,0.99914
1.73368,0.999143
1.73408,0.999145
1.73447,0.999148
1.73487,0.999151
1.73526,0.999154
1.73566,0.999156
1.73605,0.999159
1.73644,0.999162
1.73684,0.999164
1.73723,0.999167
1.73763,0.999169
1.73802,0.999172
1.73842,0.999175
1.73881,0.999177
1.73921,0.99918
1.7396,0.999183
1.74,0.999185
1.74039,0.999188
1.74078,0.99919
1.74118,0.999193
1.74157,0.999195
1.74197,0.999198
1.74236,0.9992
1.74276,0.999203
1.74315,0.999206
1.74355,0.999208
1.74394,0.999211
1.74434,0.999213
1.74473,0.999216
1.74512,0.999218
1.74552,0.999221
1.74591,0.999223
1.74631,0.999226
1.7467,0.999228
1.7471,0.99923
1.74749,0.999233
1.74789,0.999235
1.74828,0.999238
1.74868,0.99924
1.74907,0.999243
1.74946,0.999245
1.74986,0.999247
1.75025,0.99925
1.75065,0.999252
1.75104,0.999255
1.75144,0.999257
1.75183,0.999259
1.75223,0.999262
1.75262,0.999264
1.75302,0.999266
1.75341,0.999269
1.7538,0.999271
1.7542,0.999273
1.75459,0.999276
1.75499,0.999278
1.75538,0.99928
1.75578,0.999283
1.75617,0.999285
1.75657,0.999287
1.75696,0.99929
1.75736,0.999292
1.75775,0.999294
1.75814,0.999296
1.75854,0.999299
1.75893,0.999301
1.75933,0.999303
1.75972,0.999305
1.76012,0.999308
1.76051,0.99931
1.76091,0.999312
1.7613,0.999314
1.7617,0.999316
1.76209,0.999319
1.76248,0.999321
1.76288,0.999323
1.76327,0.999325
1.76367,0.999327
1.76406,0.999329
1.76446,0.999332
1.76485,0.999334
1.76525,0.999336
1.76564,0.999338
1.76604,0.99934
1.76643,0.999342
1.76682,0.999344
1.76722,0.999346
1.76761,0.999349
1.76801,0.999351
1.7684,0.999353
1.7688,0.999355
1.76919,0.999357
1.76959,0.999359
1.76998,0.999361
1.77038,0.999363
1.77077,0.999365
1.77116,0.999367
1.77156,0.999369
1.77195,0.999371
1.77235,0.999373
1.77274,0.999375
1.77314,0.999377
1.77353,0.999379
1.77393,0.999381
1.77432,0.999383
1.77472,0.999385
1.77511,0.999387
1.7755,0.999389
1.7759,0.999391
1.77629,0.999393
1.77669,0.999395
1.77708,0.999397
1.77748,0.999399
1.77787,0.999401
1.77827,0.999403
1.77866,0.999405
1.77906,0.999407
1.77945,0.999409
1.77985,0.999411
1.78024,0.999413
1.78063,0.999415
1.78103,0.999416
1.78142,0.999418
1.78182,0.99942
1.78221,0.999422
1.78261,0.999424
1.783,0.999426
1.7834,0.999428
1.78379,0.99943
1.78419,0.999431
1.78458,0.999433
1.78497,0.999435
1.78537,0.999437
1.78576,0.999439
1.78616,0.999441
1.78655,0.999442
1.78695,0.999444
1.78734,0.999446
1.78774,0.999448
1.78813,0.99945
1.78853,0.999451
1.78892,0.999453
1.78931,0.999455
1.78971,0.999457
1.7901,0.999459
1.7905,0.99946
1.79089,0.999462
1.79129,0.999464
1.79168,0.999466
1.79208,0.999467
1.79247,0.999469
1.79287,0.999471
1.79326,0.999472
1.79365,0.999474
1.79405,0.999476
1.79444,0.999478
1.79484,0.999479
1.79523,0.999481
1.79563,0.999483
1.79602,0.999484
1.79642,0.999486
1.79681,0.999488
1.79721,0.999489
1.7976,0.999491
1.79799,0.999493
1.79839,0.999494
1.79878,0.999496
1.79918,0.999498
1.79957,0.999499
1.79997,0.999501
1.80036,0.999503
1.80076,0.999504
1.80115,0.999506
1.80155,0.999508
1.80194,0.999509
1.80233,0.999511
1.80273,0.999512
1.80312,0.999514
1.80352,0.999516
1.80391,0.999517
1.80431,0.999519
1.8047,0.99952
1.8051,0.999522
1.80549,0.999524
1.80589,0.999525
1.80628,0.999527
1.80667,0.999528
1.80707,0.99953
1.80746,0.999531
1.80786,0.999533
1.80825,0.999534
1.80865,0.999536
1.80904,0.999537
1.80944,0.999539
1.80983,0.99954
1.81023,0.999542
1.81062,0.999544
1.81101,0.999545
1.81141,0.999547
1.8118,0.999548
1.8122,0.999549
1.81259,0.999551
1.81299,0.999552
1.81338,0.999554
1.81378,0.999555
1.81417,0.999557
1.81457,0.999558
1.81496,0.99956
1.81535,0.999561
1.81575,0.999563
1.81614,0.999564
1.81654,0.999566
1.81693,0.999567
1.81733,0.999568
1.81772,0.99957
1.81812,0.999571
1.81851,0.999573
1.81891,0.999574
1.8193,0.999576
1.81969,0.999577
1.82009,0.999578
1.82048,0.99958
1.82088,0.999581
1.82127,0.999583
1.82167,0.999584
1.82206,0.999585
1.82246,0.999587
1.82285,0.999588
1.82325,0.999589
1.82364,0.999591
1.82403,0.999592
1.82443,0.999594
1.82482,0.999595
1.82522,0.999596
1.82561,0.999598
1.82601,0.999599
1.8264,0.9996
1.8268,0.999602
1.82719,0.999603
1.82759,0.999604
1.82798,0.999606
1.82838,0.999607
1.82877,0.999608
1.82916,0.999609
1.82956,0.999611
1.82995,0.999612
1.83035,0.999613
1.83074,0.999615
1.83114,0.999616
1.83153,0.999617
1.83193,0.999618
1.83232,0.99962
1.83272,0.999621
1.83311,0.999622
1.8335,0.999624
1.8339,0.999625
1.83429,0.999626
1.83469,0.999627
1.83508,0.999629
1.83548,0.99963
1.83587,0.999631
1.83627,0.999632
1.83666,0.999633
1.83706,0.999635
1.83745,0.999636
1.83784,0.999637
1.83824,0.999638
1.83863,0.99964
1.83903,0.999641
1.83942,0.999642
1.83982,0.999643
1.84021,0.999644
1.84061,0.999646
1.841,0.999647
1.8414,0.999648
1.84179,0.999649
1.84218,0.99965
1.84258,0.999651
1.84297,0.999653
1.84337,0.999654
1.84376,0.999655
1.84416,0.999656
1.84455,0.999657
1.84495,0.999658
1.84534,0.99966
1.84574,0.999661
1.84613,0.999662
1.84652,0.999663
1.84692,0.999664
1.84731,0.999665
1.84771,0.999666
1.8481,0.999667
1.8485,0.999669
1.84889,0.99967
1.84929,0.999671
1.84968,0.999672
1.85008,0.999673
1.85047,0.999674
1.85086,0.999675
1.85126,0.999676
1.85165,0.999677
1.85205,0.999679
1.85244,0.99968
1.85284,0.999681
1.85323,0.999682
1.85363,0.999683
1.85402,0.999684
1.85442,0.999685
1.85481,0.999686
1.8552,0.999687
1.8556,0.999688
1.85599,0.999689
1.85639,0.99969
1.85678,0.999691
1.85718,0.999692
1.85757,0.999693
1.85797,0.999694
1.85836,0.999695
1.85876,0.999696
1.85915,0.999698
1.85954,0.999699
1.85994,0.9997
1.86033,0.999701
1.86073,0.999702
1.86112,0.999703
1.86152,0.999704
1.86191,0.999705
1.86231,0.999706
1.8627,0.999707
1.8631,0.999708
1.86349,0.999709
1.86388,0.99971
1.86428,0.999711
1.86467,0.999712
1.86507,0.999713
1.86546,0.999714
1.86586,0.999714
1.86625,0.999715
1.86665,0.999716
1.86704,0.999717
1.86744,0.999718
1.86783,0.999719
1.86822,0.99972
1.86862,0.999721
1.86901,0.999722
1.86941,0.999723
1.8698,0.999724
1.8702,0.999725
1.87059,0.999726
1.87099,0.999727
1.87138,0.999728
1.87178,0.999729
1.87217,0.99973
1.87256,0.999731
1.87296,0.999731
1.87335,0.999732
1.87375,0.999733
1.87414,0.999734
1.87454,0.999735
1.87493,0.999736
1.87533,0.999737
1.87572,0.999738
1.87612,0.999739
1.87651,0.99974
1.8769,0.999741
1.8773,0.999741
1.87769,0.999742
1.87809,0.999743
1.87848,0.999744
1.87888,0.999745
1.87927,0.999746
1.87967,0.999747
1.88006,0.999748
1.88046,0.999748
1.88085,0.999749
1.88125,0.99975
1.88164,0.999751
1.88203,0.999752
1.88243,0.999753
1.88282,0.999754
1.88322,0.999754
1.88361,0.999755
1.88401,0.999756
1.8844,0.999757
1.8848,0.999758
1.88519,0.999759
1.88559,0.999759
1.88598,0.99976
1.88637,0.999761
1.88677,0.999762
1.88716,0.999763
1.88756,0.999763
1.88795,0.999764
1.88835,0.999765
1.88874,0.999766
1.88914,0.999767
1.88953,0.999768
1.88993,0.999768
1.89032,0.999769
1.89071,0.99977
1.89111,0.999771
1.8915,0.999771
1.8919,0.999772
1.89229,0.999773
1.89269,0.999774
1.89308,0.999775
1.89348,0.999775
1.89387,0.999776
1.89427,0.999777
1.89466,0.999778
1.89505,0.999778
1.89545,0.999779
1.89584,0.99978
1.89624,0.999781
1.89663,0.999782
1.89703,0.999782
1.89742,0.999783
1.89782,0.999784
1.89821,0.999785
1.89861,0.999785
1.899,0.999786
1.89939,0.999787
1.89979,0.999787
1.90018,0.999788
1.90058,0.999789
1.90097,0.99979
1.90137,0.99979
1.90176,0.999791
1.90216,0.999792
1.90255,0.999793
1.90295,0.999793
1.90334,0.999794
1.90373,0.999795
1.90413,0.999795
1.90452,0.999796
1.90492,0.999797
1.90531,0.999798
1.90571,0.999798
1.9061,0.999799
1.9065,0.9998
1.90689,0.9998
1.90729,0.999801
1.90768,0.999802
1.90807,0.999802
1.90847,0.999803
1.90886,0.999804
1.90926,0.999804
1.90965,0.999805
1.91005,0.999806
1.91044,0.999807
1.91084,0.999807
1.91123,0.999808
1.91163,0.999809
1.91202,0.999809
1.91241,0.99981
1.91281,0.999811
1.9132,0.999811
1.9136,0.999812
1.91399,0.999812
1.91439,0.999813
1.91478,0.999814
1.91518,0.999814
1.91557,0.999815
1.91597,0.999816
1.91636,0.999816
1.91675,0.999817
1.91715,0.999818
1.91754,0.999818
1.91794,0.999819
1.91833,0.99982
1.91873,0.99982
1.91912,0.999821
1.91952,0.999821
1.91991,0.999822
1.92031,0.999823
1.9207,0.999823
1.92109,0.999824
1.92149,0.999825
1.92188,0.999825
1.92228,0.999826
1.92267,0.999826
1.92307,0.999827
1.92346,0.999828
1.92386,0.999828
1.92425,0.999829
1.92465,0.999829
1.92504,0.99983
1.92543,0.999831
1.92583,0.999831
1.92622,0.999832
1.92662,0.999832
1.92701,0.999833
1.92741,0.999834
1.9278,0.999834
1.9282,0.999835
1.92859,0.999835
1.92899,0.999836
1.92938,0.999836
1.92977,0.999837
1.93017,0.999838
1.93056,0.999838
1.93096,0.999839
1.93135,0.999839
1.93175,0.99984
1.93214,0.99984
1.93254,0.999841
1.93293,0.999842
1.93333,0.999842
1.93372,0.999843
1.93412,0.999843
1.93451,0.999844
1.9349,0.999844
1.9353,0.999845
1.93569,0.999845
1.93609,0.999846
1.93648,0.999846
1.93688,0.999847
1.93727,0.999848
1.93767,0.999848
1.93806,0.999849
1.93846,0.999849
1.93885,0.99985
1.93924,0.99985
1.93964,0.999851
1.94003,0.999851
1.94043,0.999852
1.94082,0.999852
1.94122,0.999853
1.94161,0.999853
1.94201,0.999854
1.9424,0.999854
1.9428,0.999855
1.94319,0.999855
1.94358,0.999856
1.94398,0.999856
1.94437,0.999857
1.94477,0.999857
1.94516,0.999858
1.94556,0.999858
1.94595,0.999859
1.94635,0.999859
1.94674,0.99986
1.94714,0.99986
1.94753,0.999861
1.94792,0.999861
1.94832,0.999862
1.94871,0.999862
1.94911,0.999863
1.9495,0.999863
1.9499,0.999864
1.95029,0.999864
1.95069,0.999865
1.95108,0.999865
1.95148,0.999866
1.95187,0.999866
1.95226,0.999867
1.95266,0.999867
1.95305,0.999868
1.95345,0.999868
1.95384,0.999869
1.95424,0.999869
1.95463,0.99987
1.95503,0.99987
1.95542,0.999871
1.95582,0.999871
1.95621,0.999871
1.9566,0.999872
1.957,0.999872
1.95739,0.999873
1.95779,0.999873
1.95818,0.999874
1.95858,0.999874
1.95897,0.999875
1.95937,0.999875
1.95976,0.999876
1.96016,0.999876
1.96055,0.999876
1.96094,0.999877
1.96134,0.999877
1.96173,0.999878
1.96213,0.999878
1.96252,0.999879
1.96292,0.999879
1.96331,0.999879
1.96371,0.99988
1.9641,0.99988
1.9645,0.999881
1.96489,0.999881
1.96528,0.999882
1.96568,0.999882
1.96607,0.999882
1.96647,0.999883
1.96686,0.999883
1.96726,0.999884
1.96765,0.999884
1.96805,0.999885
1.96844,0.999885
1.96884,0.999885
1.96923,0.999886
1.96962,0.999886
1.97002,0.999887
1.97041,0.999887
1.97081,0.999887
1.9712,0.999888
1.9716,0.999888
1.97199,0.999889
1.97239,0.999889
